"ID","ANSWER","IS_CORRECT","ID_OF_PARENT_ANSWER","QUESTIONID","POSITION","GRAPHIC"
"14097585479291","Daten auf dem Client zu speichern","FALSE",,"1605045679000","1",
"14097585479300","Nutzung zentraler Ressourcen","TRUE",,"1605045679000","0",
"14101064178690","Rechter Mausklick auf die Grafik, Kontextmenü: Kopieren","FALSE",,"1605982501000","0",
"14101064178701","Rechter Mausklick auf die Grafik, Kontextmenü: Ausschneiden","TRUE",,"1605982501000","1",
"14115030924630","Internettelefonie","TRUE",,"1606935628000","0",
"14115030924631","FTP","TRUE",,"1606935628000","1",
"14115030924642","E-Mail","TRUE",,"1606935628000","2",
"14115030924653","www","TRUE",,"1606935628000","3",
"14115030924664","Verteilerliste","FALSE",,"1606935628000","4",
"14143410879080","ein Rechnernetz, das über einen großen geografischen Bereich vernetzt ist","TRUE",,"1605980858000","0",
"14143410879231","ein Rechnernetz innerhalb eines Gebäudes","FALSE",,"1605980858000","1",
"14143410879402","ein drahtloses lokales Netzwerk","FALSE",,"1605980858000","2",
"14163148056731","Nein","FALSE",,"1542916039000","1",
"14163148057670","Ja","TRUE",,"1542916039000","0",
"14163148060141","Nein","FALSE",,"1542916048000","1",
"14163148060500","Ja","TRUE",,"1542916048000","0",
"14163148065490","jpg","FALSE",,"1416314806000","0",
"14163148066053","eps","TRUE",,"1416314806000","3",
"14163148066441","gif","FALSE",,"1416314806000","1",
"14163148066772","svg","TRUE",,"1416314806000","2",
"14163148067810","viel Speicherplatz","FALSE",,"1542953207000","0",
"14163148068321","wenig Speicherplatz","TRUE",,"1542953207000","1",
"14163148070440","Bei der  Kompression gehen Bildinformationen verloren.","FALSE",,"1542916053000","0",
"14163148070671","Bei der Kompression gehen keine Bildinformationen verloren.","TRUE",,"1542916053000","1",
"14163148074593","tif","TRUE",,"1542916057000","3",
"14163148074792","png","TRUE",,"1542916057000","2",
"14163148074950","jpg","FALSE",,"1542916057000","0",
"14163148075271","jpg2000","TRUE",,"1542916057000","1",
"14163148078910","Pixelgrafik","FALSE",,"1542916058000","0",
"14163148080491","Vektorgrafik","TRUE",,"1542916058000","1",
"14163148084930","Pixelgrafik","TRUE",,"1542916382000","0",
"14163148086131","Vektorgrafik","FALSE",,"1542916382000","1",
"14163148091070","das linke Bild","TRUE",,"1456345660000","0",
"14163148091401","das rechte Bild","FALSE",,"1456345660000","1",
"14163148093500","linkes Bild","FALSE",,"1542916036000","0",
"14163148095301","rechtes Bild","TRUE",,"1542916036000","1",
"14163148097583","70 Jahre  nach dem Tod der/des Urheber*in","TRUE",,"1542916378000","3",
"14163148098130","30 Jahre nach der Erstellung des Bildes","FALSE",,"1542916378000","0",
"14163148099822","30 Jahre nach dem Tod der/des Urheber*in","FALSE",,"1542916378000","2",
"14163148100301","70 Jahre nach der Erstellung des Bildes","FALSE",,"1542916378000","1",
"14163148117490","Es sind z. B. Bilder, deren Schutz abgelaufen ist.","TRUE",,"1440316715000","0",
"14163148119371","Sie können 100 % frei verwendet werden, man kann sich darauf verlassen.","FALSE",,"1440316715000","1",
"14163148119882","Sie werden auch von Privatpersonen oder Organisationen zur Verfügung gestellt.","TRUE",,"1440316715000","2",
"14163148121590","richtig","FALSE",,"1440316812000","0",
"14163148122361","falsch","TRUE",,"1440316812000","1",
"14163148127830","prinzipiell richtig","TRUE",,"1440316778000","0",
"14163148129341","falsch","FALSE",,"1440316778000","1",
"14163148134760","Ja","TRUE",,"1440316790000","0",
"14163148136121","Nein","FALSE",,"1440316790000","1",
"14163148138510","Das Foto hätte ohne Erlaubnis nicht veröffentlich werden dürfen!","TRUE",,"1416314813000","0",
"14163148138831","Das Foto geht Ordnung, weil die Person auf dem Foto nur ""Beiwerk"" ist.","FALSE",,"1416314813000","1",
"14163148142832","Beleidigende Texte als Bildbeschriftung","TRUE",,"1542916070000","2",
"14163148143031","Herabwürdigende Darstellung der Person","TRUE",,"1542916070000","1",
"14163148143340","Eindringen in die Privatsphäre","TRUE",,"1542916070000","0",
"14163148143783","Person kann auf Fotos identifizierbar sein","FALSE",,"1542916070000","3",
"14163148150200","Namensnennung","FALSE",,"1456345657000","0",
"14163148151282","Ob das Werk bearbeitet werden darf","FALSE",,"1456345657000","2",
"14163148152081","Kommerzielle Verwendung","FALSE",,"1456345657000","1",
"14163148153483","Wie oft das Werk heruntergeladen werden kann","TRUE",,"1456345657000","3",
"14163148158820","ppi","TRUE",,"1542916079000","0",
"14163148159222","dpi","TRUE",,"1542916079000","2",
"14163148159381","px","FALSE",,"1542916079000","1",
"14163148159623","Megapixel","FALSE",,"1542916079000","3",
"14163148166172","Blau","TRUE",,"1416314816000","2",
"14163148168801","Grün","TRUE",,"1416314816000","1",
"14163148170323","Gelb","FALSE",,"1416314816000","3",
"14163148172670","Rot","TRUE",,"1416314816000","0",
"14163148176890","ja","TRUE",,"1416314817000","0",
"14163148178411","nein","FALSE",,"1416314817000","1",
"14163148185720","kostenlos","FALSE",,"1416314818000","0",
"14163148189071","kostenpflichtig","TRUE",,"1416314818000","1",
"14163148202950","300 ppi","FALSE",,"1416314819000","0",
"14163148203871","150 ppi","TRUE",,"1416314819000","1",
"14163148205662","1200 ppi","FALSE",,"1416314819000","2",
"14163148206823","20 ppi","FALSE",,"1416314819000","3",
"14163148211021","Das rechte Bild ist stärker komprimiert.","FALSE",,"1542916087000","1",
"14163148211490","Das linke Bild ist stärker komprimiert.","TRUE",,"1542916087000","0",
"14163148212253","Bei der Kompression des linken Bildes gingen mehr Bildinformationen verloren.","TRUE",,"1542916087000","3",
"14163148213132","Das linke Bild braucht weniger Speicherplatz.","TRUE",,"1542916087000","2",
"14163148216493","Digitale Fotos sind Pixelgrafiken.","TRUE",,"1542916029000","3",
"14163148217252","Sie sind aus Linien, Kreisen, Polygonen oder allgemeinen Kurven zusammengesetzt.","FALSE",,"1542916029000","2",
"14163148217641","Bei der Bildbearbeitung werden die Bildpunkte bearbeitet.","TRUE",,"1542916029000","1",
"14163148218080","Eine Vergrößerung ist ohne Qualitätsverlust möglich.","FALSE",,"1542916029000","0",
"14163148221880","Vektorgrafiken sind aus Linien, Kreisen, Polygonen oder allgemeinen Kurven zusammengesetzt.","TRUE",,"1542916033000","0",
"14163148223321","Eine Vergrößerung ist ohne Qualitätsverlust möglich.","TRUE",,"1542916033000","1",
"14163148223802","Sie sind zur Speicherung von Fotos gut geeignet.","FALSE",,"1542916033000","2",
"14163148224003","Objekte können mit Hilfe von Anfasserpunkten verändert werden.","TRUE",,"1542916033000","3",
"14163148231583","Bilder im Format xcf können transparente Flächen haben.","TRUE",,"1456345667000","3",
"14163148231900","Transparenz bedeutet Durchsichtigkeit einer Fläche.","TRUE",,"1456345667000","0",
"14163148232852","Bilder im Format jpg können transparente Flächen haben.","FALSE",,"1456345667000","2",
"14163148233331","Darunterliegende Ebenen scheinen durch.","TRUE",,"1456345667000","1",
"14163152128940","den Kontrast erhöhen","TRUE",,"1542916075000","0",
"14163152129561","das Bild aufhellen","FALSE",,"1542916075000","1",
"14163152130762","einen Effektfilter anwenden","FALSE",,"1542916075000","2",
"14163152131433","das Bild nachschärfen","FALSE",,"1542916075000","3",
"14163152136530","rastern","FALSE",,"1542916082000","0",
"14163152138361","retuschieren","TRUE",,"1542916082000","1",
"14163152138792","aufhellen","FALSE",,"1542916082000","2",
"14163152138983","nachschärfen","FALSE",,"1542916082000","3",
"14163152144331","verlustfrei (lossless)","TRUE",,"1542953930000","1",
"14163152144760","verlustbehaftet","FALSE",,"1542953930000","0",
"14163152154911","Objekten wie Linien, Kreisen, Polygonen oder Kurven","FALSE",,"1542916097000","1",
"14163152155420","Bildpunkten (Pixel)","TRUE",,"1542916097000","0",
"14163152159510","Bildpunkten (Pixel)","FALSE",,"1542953946000","0",
"14163152161021","Objekten wie Linien, Kreisen, Polygonen oder Kurven","TRUE",,"1542953946000","1",
"14163152179180","png","FALSE",,"1416315217000","0",
"14163152179561","jpg","TRUE",,"1416315217000","1",
"14163152180062","tif","FALSE",,"1416315217000","2",
"14163152181223","gif","FALSE",,"1416315217000","3",
"14163152188111","geringe Farbsättigung","FALSE",,"1542916072000","1",
"14163152189470","hohe Farbsättigung","TRUE",,"1542916072000","0",
"14163152206630","Farbintensität","FALSE",,"1416315220000","0",
"14163152208352","Farben wie rot, gelb usw.","TRUE",,"1416315220000","2",
"14163152212331","Helligkeit","FALSE",,"1416315220000","1",
"14163152219980","0 %","TRUE",,"1456345697000","0",
"14163152220731","100 %","FALSE",,"1456345697000","1",
"14163152227260","Farbintensität","TRUE",,"1542916304000","0",
"14163152228332","Farben wie rot, gelb usw.","FALSE",,"1542916304000","2",
"14163152228931","Helligkeit","FALSE",,"1542916304000","1",
"14163152247041","CMYK-Farbmodell","FALSE",,"1440320779000","1",
"14163152250630","RGB-Farbmodell","FALSE",,"1440320779000","0",
"14163152253392","HSV-Farbmodell","TRUE",,"1440320779000","2",
"14163152265130","RGB-Farbmodell","TRUE",,"1542916246000","0",
"14163152266002","CMYK-Farbmodell","FALSE",,"1542916246000","2",
"14163152268461","HSV-Farbmodell","FALSE",,"1542916246000","1",
"14163152271402","Auflösung des Bildes","FALSE",,"1542916252000","2",
"14163152271820","Höhe der Kompression","FALSE",,"1542916252000","0",
"14163152272091","Anzahl der möglichen Farben","TRUE",,"1542916252000","1",
"14163152282280","Der Hintergrund scheint durch.","TRUE",,"1440321002000","0",
"14163152282591","Die Farbwerte werden verändert.","FALSE",,"1440321002000","1",
"14163152283322","Nur die mittleren Helligkeitswerte werden verändert.","FALSE",,"1440321002000","2",
"14163152285920","Das Original kann wiederhergestellt werden.","TRUE",,"1456345700000","0",
"14163152286861","Weniger wichtige Bilddaten werden entfernt.","FALSE",,"1456345700000","1",
"14163152287392","Das Original kann nicht wiederhergestellt werden.","FALSE",,"1456345700000","2",
"14163152289580","RGB","FALSE",,"1542916291000","0",
"14163152290421","CMY bzw. CMYK","TRUE",,"1542916291000","1",
"14163152290942","HSB","FALSE",,"1542916291000","2",
"14163152293930","wichtige Bilddaten","FALSE",,"1456345693000","0",
"14163152294171","eher unwichtige Bilddaten","TRUE",,"1456345693000","1",
"14163152294372","alle Bilddaten","FALSE",,"1456345693000","2",
"14163152294933","keine Bilddaten","FALSE",,"1456345693000","3",
"14163193415093","Byte, Bit, KB, MB, GB, TB","FALSE",,"1606812047000","3",
"14163193415591","Bit, KB, Byte, MB, GB, TB","FALSE",,"1606812047000","1",
"14163193415890","Bit, Byte, KB, MB, GB, TB","TRUE",,"1606812047000","0",
"14163193416132","Bit, Byte, KB, GB, TB, MB","FALSE",,"1606812047000","2",
"14163193421073","Compact Data – Reset Writing","FALSE",,"1606812055000","3",
"14163193421200","Compact Data – Record Words","FALSE",,"1606812055000","0",
"14163193421352","Compact Disc – ReneW","FALSE",,"1606812055000","2",
"14163193421511","Compact Disc – ReWriteable","TRUE",,"1606812055000","1",
"14163193426860","470 KB","FALSE",,"1606812058000","0",
"14163193427141","4,7 GB","TRUE",,"1606812058000","1",
"14163193427862","4,7 TB","FALSE",,"1606812058000","2",
"14163193428183","4,7 MB","FALSE",,"1606812058000","3",
"14163193478951","Bit, Megabyte, Gigabyte, Terabyte","TRUE",,"1604779996000","1",
"14163193479733","Bit, Byte, Kilobyte, Terabyte, Megabyte","FALSE",,"1604779996000","3",
"14163193480060","Byte, Bit, Kilobyte, Megabyte","FALSE",,"1604779996000","0",
"14163193480252","Kilobyte, Gigabyte, Megabyte, Terabyte","FALSE",,"1604779996000","2",
"14163193485533","CPU (Central Processing Unit) bzw. der Prozessor","TRUE",,"1604780240000","3",
"14163193485661","GUI (Graphical User Interface)","FALSE",,"1604780240000","1",
"14163193485852","ROM (Read Only Memory)","FALSE",,"1604780240000","2",
"14163193486450","RAM bzw. Hauptspeicher","FALSE",,"1604780240000","0",
"14163193487970","1024 Bit","FALSE",,"1604780146000","0",
"14163193488092","1024 Bytes","TRUE",,"1604780146000","2",
"14163193488211","8 Byte","FALSE",,"1604780146000","1",
"14163193488333","512 Bytes","FALSE",,"1604780146000","3",
"14163193492503","Peripheriegeräte","TRUE",,"1604780184000","3",
"14163193492682","Kommunikationsgeräte","FALSE",,"1604780184000","2",
"14163193492881","Speichergeräte","FALSE",,"1604780184000","1",
"14163193493440","Datentransfergeräte","FALSE",,"1604780184000","0",
"14163193497552","Die Speicherkapazität der Festplatte","FALSE",,"1604780217000","2",
"14163193497670","Die Taktfrequenz der CPU","TRUE",,"1604780217000","0",
"14163193497793","Die Zugriffszeit auf den Arbeitsspeicher (RAM)","FALSE",,"1604780217000","3",
"14163193497911","Die Bildwiederholungsfrequenz","FALSE",,"1604780217000","1",
"14163193501100","Calculating Process Unit","FALSE",,"1604780229000","0",
"14163193501382","Control Process Unit","FALSE",,"1604780229000","2",
"14163193502063","Central Processing Unit","TRUE",,"1604780229000","3",
"14163193502441","Control Program Unit","FALSE",,"1604780229000","1",
"14163193508422","Sie führt Rechenoperationen durch.","TRUE",,"1606812120000","2",
"14163193508563","Sie kopiert Daten auf die Festplatte.","FALSE",,"1606812120000","3",
"14163193508840","Sie wandelt den Wechselstrom in Gleichstrom um.","FALSE",,"1606812120000","0",
"14163193508961","Sie dient zur dauerhaften Speicherung von Daten.","FALSE",,"1606812120000","1",
"14163193516300","1 TB = 1024 GB","FALSE",,"1606812127000","0",
"14163193516663","1 GB = 1024 KB","TRUE",,"1606812127000","3",
"14163193516901","1024 KB = 1 MB","FALSE",,"1606812127000","1",
"14163193517022","8 Bit = 1 Byte","FALSE",,"1606812127000","2",
"14163193518981","Speicherkapazität einer Festplatte","FALSE",,"1606812132000","1",
"14163193519160","Taktfrequenz der CPU","TRUE",,"1606812132000","0",
"14163193519283","Speicherkapaziät des Hauptspeichers (RAM)","FALSE",,"1606812132000","3",
"14163193519402","ROM","FALSE",,"1606812132000","2",
"14163193573040","Virenschutzprogramme","FALSE",,"1604819120000","0",
"14163193573581","Anwendungsprogramme","TRUE",,"1604819120000","1",
"14163193574483","Betriebssysteme","FALSE",,"1604819120000","3",
"14163193574882","Lernprogramme","FALSE",,"1604819120000","2",
"14163193616360","Kabelanschlüsse","FALSE",,"1604823778000","0",
"14163193616623","Schriftarten und Drucker","FALSE",,"1604823778000","3",
"14163193617121","Programme und dazugehörige Daten","TRUE",,"1604823778000","1",
"14163193617702","RAM und ROM","FALSE",,"1604823778000","2",
"14163193625111","Anwendungsprogramm","TRUE",,"1604824772000","1",
"14163193625443","CPU","FALSE",,"1604824772000","3",
"14163193626380","Software","TRUE",,"1604824772000","0",
"14163193626622","Peripherie","FALSE",,"1604824772000","2",
"14163193656743","vom Prozessor","FALSE",,"1604827647000","3",
"14163193657052","von der Festplatte","FALSE",,"1604827647000","2",
"14163193657650","aus dem ROM","TRUE",,"1604827647000","0",
"14163193657891","aus dem RAM","FALSE",,"1604827647000","1",
"14163193660490","Ein Intranet ist z.B. das Netzwerk in einer Schule.","TRUE",,"1604827688000","0",
"14163193661453","Auch mit einem Funknetzwerk kann man sich mit einem Intranet verbinden. Im Normalfall sind dafür Benutzername und Kennwort erforderlich.","TRUE",,"1604827688000","3",
"14163193661742","PCs in einem Intranet müssen immer über ein Netzwerkkabel verbunden sein.","FALSE",,"1604827688000","2",
"14163193662291","Für ein Intranet reicht eine Vernetzung von zwei PCs.","TRUE",,"1604827688000","1",
"14163193686512","Ein Intranet wird nur im privaten Bereich benutzt","FALSE",,"1604828526000","2",
"14163193688070","Ein Intranet kann maximal drei Computer verbinden","FALSE",,"1604828526000","0",
"14163193690261","Ein Intranet ist ein nicht öffentliches Netzwerk","TRUE",,"1604828526000","1",
"14163193691743","Ein Intranet ist ein weltweites Computernetz","FALSE",,"1604828526000","3",
"14163193697160","Language Answer Book","FALSE",,"1604828558000","0",
"14163193697483","Local Air Network","FALSE",,"1604828558000","3",
"14163193698082","Local Artificial Network","FALSE",,"1604828558000","2",
"14163193699201","Local Area Network","TRUE",,"1604828558000","1",
"14163193716773","Als flüchtiger Speicher, der bei Stromausfall gelöscht wird.","FALSE",,"1604828777000","3",
"14163193717351","Zugang zum Internet","FALSE",,"1604828777000","1",
"14163193718530","Zur Speicherung von Daten im Netzwerk","TRUE",,"1604828777000","0",
"14163193718812","Netzwerkanschluss","FALSE",,"1604828777000","2",
"14163193722962","um den PC vor Überhitzung zu schützen","FALSE",,"1604909014000","2",
"14163193723603","um den Bildschirmschoner einzuschalten","FALSE",,"1604909014000","3",
"14163193724561","um die Datensicherung zu ermöglichen","FALSE",,"1604909014000","1",
"14163193725140","um eine Ermüdung der Augen zu verhindern","TRUE",,"1604909014000","0",
"14163193751792","Der Preis wird in Minuten abgerechnet.","FALSE",,"1604829615000","2",
"14163193752991","Man bezahlt eine feste Monatsgebühr (Pauschalabrechnung).","TRUE",,"1604829615000","1",
"14163193753313","hohe Bandbreite (= hohe Übertragungsgeschwindigkeit)","TRUE",,"1604829615000","3",
"14163193753910","immer online","TRUE",,"1604829615000","0",
"14163193759832","beim Surfen im Internet","FALSE",,"1604829763000","2",
"14163193760060","beim Senden eines E-Mails","TRUE",,"1604829763000","0",
"14163193760933","beim Hochladen von Fotos auf Facebook","TRUE",,"1604829763000","3",
"14163193762371","beim Aktualisieren des Antivirenprogramms","FALSE",,"1604829763000","1",
"14163193801942","Internet-Explorer","FALSE",,"1604831237000","2",
"14163193802061","Es werden Onlinekurse angeboten.","FALSE",,"1604909116000","1",
"14163193802181","Antiviren-Software","FALSE",,"1604831237000","1",
"14163193802300","Die Monitore werden so aufgestellt, dass Spiegelungen möglichst gering sind.","TRUE",,"1604909116000","0",
"14163193802423","Desktop Publishing Programm","FALSE",,"1604831237000","3",
"14163193802543","Bei der Bildschirmarbeit sollen regelmäßig Pausen eingelegt werden.","TRUE",,"1604909116000","3",
"14163193802660","Betriebssystem","TRUE",,"1604831237000","0",
"14163193802782","Das RAM wird in regelmäßigen Abständen getauscht.","FALSE",,"1604909116000","2",
"14163193804182","Ressourcen wie Drucker, Festplattenspeicher oder Internetzugang können von vielen Anwender*innen gemeinsam genutzt werden.","TRUE",,"1604831280000","2",
"14163193804423","Eine regelmäßige Datensicherung ist nicht erforderlich.","FALSE",,"1604831280000","3",
"14163193804660","Die Verarbeitungsgeschwindigkeit der Arbeitsplatzrechner wird erhöht.","FALSE",,"1604831280000","0",
"14163193805051","Ein Netzwerk kann nicht von Computerviren befallen werden.","FALSE",,"1604831280000","1",
"14163193817020","Die Kennwörter braucht man, um Antiviren-Programme beenden zu können.","FALSE",,"1604909191000","0",
"14163193817943","Die Kennwörter schützen einen PC oder Daten vor unerlaubten Zugriffen.","TRUE",,"1604909191000","3",
"14163193818211","Die Kennwörter müssen nach jedem Hochfahren geändert werden.","FALSE",,"1604909191000","1",
"14163193818612","Die Kennwörter braucht man um Systemprogramme beenden zu können.","FALSE",,"1604909191000","2",
"14163193840520","der Preis der Software","FALSE",,"1604912845000","0",
"14163193840791","der Name des Käufers","FALSE",,"1604912845000","1",
"14163193841032","die Anleitung zur Installation der Software","FALSE",,"1604912845000","2",
"14163193841393","die Nutzungsbedingungen für die Software","TRUE",,"1604912845000","3",
"14163193854692","Der PC lädt unaufgefordert Internetseiten mit Werbung nach.","TRUE",,"1604915392000","2",
"14163193855000","Der Computer funktioniert langsamer als gewohnt.","TRUE",,"1604915392000","0",
"14163193855353","Programme starten nicht mehr.","TRUE",,"1604915392000","3",
"14163193855671","Die Systemzeit wurde verstellt.","FALSE",,"1604915392000","1",
"14163196127822","Die komprimierte Datei erhält die Erweiterung ZIP.","TRUE",,"1604916714000","2",
"14163196127943","Dateien werden versteckt.","FALSE",,"1604916714000","3",
"14163196128060","Dateien werden auf Viren untersucht.","FALSE",,"1604916714000","0",
"14163196128181","Die Dateigröße wird kleiner.","TRUE",,"1604916714000","1",
"14163196130491","Sie werden sofort gelöscht.","FALSE",,"1604947580000","1",
"14163196130613","Sie werden gesichert.","FALSE",,"1604947580000","3",
"14163196130730","Sie bleiben bis zum endgültigen Löschen dort gespeichert.","TRUE",,"1604947580000","0",
"14163196130852","Sie werden ausgeschnitten.","FALSE",,"1604947580000","2",
"14163196139000","Dateien beinhalten Ordner.","FALSE",,"1604997037000","0",
"14163196139121","Ordner können Dateien beinhalten.","TRUE",,"1604997037000","1",
"14163196139243","Dateien werden in einer baumartigen Verzeichnisstruktur gespeichert.","TRUE",,"1604997037000","3",
"14163196139362","Dateien beinhalten Dateien.","FALSE",,"1604997037000","2",
"14163196149602","Bildlaufleiste","FALSE",,"1416319614000","0","03_Formatierung_korrekt.jpg"
"14163196149761","Statusleiste","TRUE",,"1416319614000","0","03_Dateitpy_PDF.jpg"
"14163196149920","Titelleiste","FALSE",,"1416319614000","0","03_Dateitpy_PDF.jpg"
"14163196150123","Menüleiste","FALSE",,"1416319614000","0","03_Formatierungszeichen_Absatzmarke1.jpg"
"14163196168123","D","FALSE",,"1605017888000","3",
"14163196168242","C","TRUE",,"1605017888000","2",
"14163196168480","A","FALSE",,"1605017888000","0",
"14163196168601","B","TRUE",,"1605017888000","1",
"14163196172171","STRG + C","TRUE",,"1605020600000","1",
"14163196172333","STRG + F","FALSE",,"1605020600000","3",
"14163196172450","STRG + X","FALSE",,"1605020600000","0",
"14163196172612","STRG + V","FALSE",,"1605020600000","2",
"14163196173443","F4","FALSE",,"1605020585000","3",
"14163196173561","F2","FALSE",,"1605020585000","1",
"14163196173680","F1","TRUE",,"1605020585000","0",
"14163196173802","F3","FALSE",,"1605020585000","2",
"14163196174801","Druck","TRUE",,"1605020639000","1",
"14163196174923","Strg","FALSE",,"1605020639000","3",
"14163196175042","Pause","FALSE",,"1605020639000","2",
"14163196175160","Windows","FALSE",,"1605020639000","0",
"14163196176040","Alt + Windows","FALSE",,"1605020786000","0",
"14163196176242","Alt + Pause","FALSE",,"1605020786000","2",
"14163196176363","Alt + Strg","FALSE",,"1605020786000","3",
"14163196176481","Alt + Druck","TRUE",,"1605020786000","1",
"14163196178593","Benutzername und Adresse","FALSE",,"1605020817000","3",
"14163196178792","Benutzername und Kennwort","TRUE",,"1605020817000","2",
"14163196178911","Kennwort und Passwort","FALSE",,"1605020817000","1",
"14163196179030","Geburtsdatum und Kennwort","FALSE",,"1605020817000","0",
"14163196179710","Alt-Taste + Mausklick","FALSE",,"1605020841000","0",
"14163196179832","Umschalt-Taste + Mausklick","TRUE",,"1605020841000","2",
"14163196179951","Windowstaste + Mausklick","FALSE",,"1605020841000","1",
"14163196180632","Strg + Mausklick","TRUE",,"1605020860000","2",
"14163196180750","Alt + Mausklick","FALSE",,"1605020860000","0",
"14163196180951","Windowstaste + Mausklick","FALSE",,"1605020860000","1",
"14163196181900","Er muss das Programmsymbol auf dem Desktop löschen.","FALSE",,"1605020869000","0",
"14163196182061","Er muss eine Wiederherstellung einleiten.","FALSE",,"1605020869000","1",
"14163196182182","Er muss die Benutzerlizenz des Programms deaktivieren.","FALSE",,"1605020869000","2",
"14163196182303","Er muss das Programm in der Systemsteuerung unter Programme und Funktionen deinstallieren.","TRUE",,"1605020869000","3",
"14163196183260","A","TRUE",,"1605023031000","0",
"14163196183382","C","FALSE",,"1605023031000","2",
"14163196183503","D","FALSE",,"1605023031000","3",
"14163196183611","B","FALSE",,"1605023031000","1",
"14163196184450","Urlaub 2010.avi","FALSE",,"1605023057000","0",
"14163196184573","Urlaub 2010.mpeg","FALSE",,"1605023057000","3",
"14163196184692","Symphonie.mp3","FALSE",,"1605023057000","2",
"14163196184851","CD-Sammlung.accdb","TRUE",,"1605023057000","1",
"14163196480120","Stundenplan der Schule","TRUE",,"1431334053000","0",
"14163196480363","Verleihdaten","FALSE",,"1431334053000","3",
"14163196480481","Schülernamen und Schüleradressen","FALSE",,"1431334053000","1",
"14163196480842","Namen der Buchautoren","FALSE",,"1431334053000","2",
"14163196482550","Er beschleunigt die Suche.","TRUE",,"1431334056000","0",
"14163196482991","Er dient zur Vermeidung von redundanten Daten.","FALSE",,"1431334056000","1",
"14163196483273","Er dient zur Filterung von Datensätzen.","FALSE",,"1431334056000","3",
"14163196483592","Er verlangsamt die Suche.","FALSE",,"1431334056000","2",
"14163196487542","Text","FALSE",,"1416319648000","2",
"14163196487781","Zahl","FALSE",,"1416319648000","1",
"14163196488020","AutoWert","TRUE",,"1416319648000","0",
"14163196488263","Memo","FALSE",,"1416319648000","3",
"14163196489612","Georg Riesenhuber","FALSE",,"1418140775000","2",
"14163196489851","Riesenhuber Georg","FALSE",,"1418140775000","1",
"14163196490050","G. Riesenhuber","FALSE",,"1418140775000","0",
"14163196490303","Riesenhuber","TRUE",,"1418140775000","3",
"14163196491920"," Datei, Speichern unter","FALSE",,"1431334089000","0",
"14163196492161","rechte Maustaste auf die Tabelle, Kopieren","FALSE",,"1431334089000","1",
"14163196492403","rechte Maustaste auf die Tabelle, Exportieren, Excel","TRUE",,"1431334089000","3",
"14163196492642","Datei, Exportieren","FALSE",,"1431334089000","2",
"14163196494001","Datentabelle","TRUE",,"1431334087000","1",
"14163196494242","Datenfeld","FALSE",,"1431334087000","2",
"14163196494480","Datensatz","FALSE",,"1431334087000","0",
"14163196494723","Datenbank","FALSE",,"1431334087000","3",
"14163196496232","Datenschutz und -sicherheit durch Rechtevergabe","TRUE",,"1431334084000","2",
"14163196496473","Überprüfung der Daten auf Richtigkeit","FALSE",,"1431334084000","3",
"14163196496710","Datensicherung","TRUE",,"1431334084000","0",
"14163196496871","Dateneingabe","FALSE",,"1431334084000","1",
"14163196498311","durch den Eintrag bei Format <>100","FALSE",,"1431334074000","1",
"14163196498552","durch den Eintrag bei Gültigkeitsmeldung >=100","FALSE",,"1431334074000","2",
"14163196498830","durch den Eintrag bei Beschriftung <100","FALSE",,"1431334074000","0",
"14163196499103","durch den Eintrag bei Gültigkeitsregel <=100","TRUE",,"1431334074000","3",
"14163196500823","Die Büchertabelle muss nach Autor sortiert werden.","FALSE",,"1416319649000","3",
"14163196501141","Das Format des Feldes Autor in den Feldeigenschaften auf Memo ändern.","FALSE",,"1416319649000","1",
"14163196501582","In den Feldeigenschaften muss die Feldgröße verringert werden.","FALSE",,"1416319649000","2",
"14163196501900","Das Feld Autor muss indiziert werden.","TRUE",,"1416319649000","0",
"14163196503451","Die Messungen sind Daten.","TRUE",,"1416319650000","1",
"14163196503853","Am Dienstag hat es mehr Regen als am Mittwoch gegeben: Das ist eine Information.","TRUE",,"1416319650000","3",
"14163196504052","Zwischen Daten und Informationen besteht kein Unterschied.","FALSE",,"1416319650000","2",
"14163196505570","Text","FALSE",,"1431334071000","0",
"14163196505732","Langer Text (bzw. Memo)","TRUE",,"1431334071000","2",
"14163196505933","Zahl","FALSE",,"1431334071000","3",
"14163196506131","Währung","FALSE",,"1431334071000","1",
"14163196507320","Aus Daten können Informationen (z. B. Klimaerwärmung) gewonnen werden.","TRUE",,"1416319650000","0",
"14163196520660","5020 Salzburg","FALSE",,"1431334080000","0",
"14163196520921","5020 Salzburg, Faberstraße","FALSE",,"1431334080000","1",
"14163196521342","5020","TRUE",,"1431334080000","2",
"14163196631690","Formular","FALSE",,"1431333846000","0",
"14163196632011","Bericht","TRUE",,"1431333846000","1",
"14163196632332","Tabelle","FALSE",,"1431333846000","2",
"14163196634282","Das Feld mit dem Primärschlüssel hat automatisch einen Index ohne Duplikate.","TRUE",,"1431333850000","2",
"14163196634563","Es gibt keine Kunden, die die gleiche Kundennummer haben.","TRUE",,"1431333850000","3",
"14163196634881","Der Primärschlüssel verhindert das Löschen des Datensatzes","FALSE",,"1431333850000","1",
"14163196635280","Das Feld mit dem Primärschlüssel muss immer das erste sein.","FALSE",,"1431333850000","0",
"14163196640422","Geburtsdatum","FALSE",,"1431333859000","2",
"14163196640740","Name","FALSE",,"1431333859000","0",
"14163196641181","Straße","FALSE",,"1431333859000","1",
"14163196641583","Land","TRUE",,"1431333859000","3",
"14163196643311","5","FALSE",,"1431333863000","1",
"14163196643552","Wie \""*5*\""","FALSE",,"1431333863000","2",
"14163196643793","Zwischen 5000 Und 6000","FALSE",,"1431333863000","3",
"14163196644170","Wie ""5*""","TRUE",,"1431333863000","0",
"14163196645863","Tabelle","FALSE",,"1431334023000","3",
"14163196646182","Datensatz","TRUE",,"1431334023000","2",
"14163196646421","Datenfeld","FALSE",,"1431334023000","1",
"14163196646740","Bericht","FALSE",,"1431334023000","0",
"14163196650411","Nein","TRUE",,"1416319664000","1",
"14163196650650","Ja","FALSE",,"1416319664000","0",
"14163196654202",">=""100.-""","FALSE",,"1416319665000","2",
"14163196654441",">100","FALSE",,"1416319665000","1",
"14163196654673","<100","FALSE",,"1416319665000","3",
"14163196654910",">=100","TRUE",,"1416319665000","0",
"14163196656512","Jeder Datensatz der Tabelle B kann mit beliebig vielen Datensätzen der Tabelle A verbunden sein.","FALSE",,"1419357261000","2",
"14163196656750","Jeder Datensatz der Tabelle A ist mit jedem Datensatz der Tabelle B verbunden.","FALSE",,"1419357261000","0",
"14163196656993","Tabelle A und Tabelle B müssen gleich viele Datensätze haben.","FALSE",,"1419357261000","3",
"14163196657271","Jeder Datensatz der Tabelle A kann mit beliebig vielen Datensätzen der Tabelle B verbunden sein.","TRUE",,"1419357261000","1",
"14163196660692","Berichten","FALSE",,"1431334031000","2",
"14163196660940","Tabellen","TRUE",,"1431334031000","0",
"14163196661161","Abfragen","FALSE",,"1431334031000","1",
"14163196661403","Datenbanken","FALSE",,"1431334031000","3",
"14163196663041","durch eine Verkürzung der Feldlänge","FALSE",,"1416319666000","1",
"14163196663403","durch ein Formular","FALSE",,"1416319666000","3",
"14163196663722","durch einen neuen PC","FALSE",,"1416319666000","2",
"14163196663960","durch einen Index","TRUE",,"1416319666000","0",
"14163196668661","Die Daten in der entsprechenden Tabelle werden gelöscht.","FALSE",,"1431334036000","1",
"14163196669100","Die Daten bleiben in der Tabelle erhalten.","TRUE",,"1431334036000","0",
"14163196670912","ein Objekt","FALSE",,"1574189756000","2",
"14163196671230","ein Datensatz","TRUE",,"1574189756000","0",
"14163196671473","eine Definition","FALSE",,"1574189756000","3",
"14163196671711","ein Feld","FALSE",,"1574189756000","1",
"14163196874020","Rudolf","TRUE",,"1416319687000","0",
"14163196874371","Bruno","TRUE",,"1416319687000","1",
"14163196874693","Susanne","FALSE",,"1416319687000","3",
"14163196875012","Ottmar","TRUE",,"1416319687000","2",
"14163196882900","Zwischen den Tabellen Buecher und Schueler besteht eine m:n Beziehung.","TRUE",,"1416319688000","0",
"14163196883261","Zwischen den Tabellen Buecher und Schueler besteht eine 1:1 Beziehung.","FALSE",,"1416319688000","1",
"14163196883503","Die Felder BuchNr aus Buecher und Verleih müssen den gleichen Datentyp und die gleiche Feldgröße haben","TRUE",,"1416319688000","3",
"14163196883742","Zwischen den Tabellen Buecher und Verleih besteht eine 1:n Beziehung.","TRUE",,"1416319688000","2",
"14163196885700","Die Felder BuchNr und SchuelerNr haben einen Index ohne Duplikate.","TRUE",,"1416319688000","0",
"14163196886172","Die Felder BuchNr und SchuelerNr stehen an erster Stelle.","FALSE",,"1416319688000","2",
"14163196886461","Auf die Felder BuchNr und SchuelerNr ist der Primärschlüssel gesetzt.","TRUE",,"1416319688000","1",
"14163196886853","Die Felder BuchNr und SchuelerNr haben den Datentyp Zahl.","FALSE",,"1416319688000","3",
"14163196913303","wegen des Primärschlüssels","FALSE",,"1416319691000","3",
"14163196913621","wegen der Beziehung (Relation) mit referentieller Integrität","TRUE",,"1416319691000","1",
"14163196913900","wegen des Datentyps","FALSE",,"1416319691000","0",
"14163196914142","wegen eines Index auf ein Datenfeld","FALSE",,"1416319691000","2",
"14163196923523","Tabelle","FALSE",,"1416319692000","3",
"14163196923760","Datensatz","TRUE",,"1416319692000","0",
"14163196924001","Datenfeld","FALSE",,"1416319692000","1",
"14163196924242","Datenbank","FALSE",,"1416319692000","2",
"14163196933892","für eindeutige Datensätze","TRUE",,"1416319693000","2",
"14163196934211","zur Beschleunigung der Suche und Sortierung","FALSE",,"1416319693000","1",
"14163196934440","um die Administratorrechte festzulegen","FALSE",,"1416319693000","0",
"14163196934733","für das Verbinden von Feldern","FALSE",,"1416319693000","3",
"14163196943430","im Feldtyp","TRUE",,"1416319694000","0",
"14163196943953","durch einen Primärschlüssel","FALSE",,"1416319694000","3",
"14163196944261","in den Feldeigenschaften","FALSE",,"1416319694000","1",
"14163196944502","mit einem Index","FALSE",,"1416319694000","2",
"14163196946142","beim Löschen","FALSE",,"1416319694000","2",
"14163196946463","beim Filtern","FALSE",,"1416319694000","3",
"14163196946701","beim Sortieren","FALSE",,"1416319694000","1",
"14163196946980","beim Indizieren","FALSE",,"1416319694000","0",
"14163197187271","Der Inhalt der Zelle (2100) kann in eine andere Zelle verschoben werden.","TRUE",,"1605646770000","1",
"14163197187593","Die Zelle mit Inhalt 2100 wird markiert.","FALSE",,"1605646770000","3",
"14163197187912","Die darunterliegenden Zellen werden automatisch ausgefüllt.","FALSE",,"1605646770000","2",
"14163197188240","Der Inhalt der Zelle (2100) kann in eine andere Zelle kopiert werden.","FALSE",,"1605646770000","0",
"14163197190272","Die darunterliegenden Zellen werden automatisch ausgefüllt.","FALSE",,"1605646799000","2",
"14163197190583","Drei Zellen werden markiert.","FALSE",,"1605646799000","3",
"14163197190981","Der Inhalt der Zelle (2100) kann in eine andere Zelle verschoben werden.","FALSE",,"1605646799000","1",
"14163197191390","Der Inhalt der Zelle (2100) kann in eine andere Zelle kopiert werden.","TRUE",,"1605646799000","0",
"14163197206822","Register Daten","FALSE",,"1605647426000","2",
"14163197207101","Register Überprüfen","FALSE",,"1605647426000","1",
"14163197207343","Register Ansicht","FALSE",,"1605647426000","3",
"14163197209060","Register Seitenlayout","TRUE",,"1605647426000","0",
"14163197233270","Der Inhalt der Zelle kann in eine andere Zelle kopiert werden.","FALSE",,"1605647828000","0",
"14163197234791","Der Inhalt der vier Zellen kann in eine andere Zelle verschoben werden.","FALSE",,"1605647828000","1",
"14163197236272","Die darunterliegenden Zellen werden automatisch ausgefüllt.","FALSE",,"1605647828000","2",
"14163197240903","Vier Zellen werden markiert.","TRUE",,"1605647828000","3",
"14163197260691","#BEZUG!","FALSE",,"1605647795000","1",
"14163197260933","#DIV/0!","FALSE",,"1605647795000","3",
"14163197261372","##########","TRUE",,"1605647795000","2",
"14163197262610","#WERT!","FALSE",,"1605647795000","0",
"14163197365773","Trojaner","FALSE",,"1605684566000","3",
"14163197366171","Antiviren-Programm","FALSE",,"1605684566000","1",
"14163197366492","Malware","FALSE",,"1605684566000","2",
"14163197366770","Sicherungskopie","TRUE",,"1605684566000","0",
"14163197395930","Computerkriminalität","TRUE",,"1605717321000","0",
"14163197396243","Ethisches Hacking","FALSE",,"1605717321000","3",
"14163197396602","Zugangsberechtigung","FALSE",,"1605717321000","2",
"14163197396961","Benutzerlizenz","FALSE",,"1605717321000","1",
"14163197414033","Dialer-Programme können in Breitbandnetzen aktiv sein.","FALSE",,"1605722517000","3",
"14163197414362","Dialer-Programme sind aktuell ein großes Problem.","FALSE",,"1605722517000","2",
"14163197414591","Dialer-Programme können zu hohem finanziellen Schaden führen.","TRUE",,"1605722517000","1",
"14163197414950","Dialer-Programme führen die Einwahl über das Telefonnetz zu kostenpflichtigen Mehrwertnummern unbemerkt durch.","TRUE",,"1605722517000","0",
"14163197416873","Dass die E-Mail frei von Malware ist","FALSE",,"1605726308000","3",
"14163197417141","Integrität - die E-Mail wurde nicht verändert","TRUE",,"1605726308000","1",
"14163197417392","Authentizität - die E-Mail stammt vom angegebenen Absender","TRUE",,"1605726308000","2",
"14163197417670","Dass die E-Mail von Unbefugten nicht gelesen werden kann (Vertraulichkeit)","FALSE",,"1605726308000","0",
"14163197419301","Vollständigkeit und Unveränderbarkeit der Daten","FALSE",,"1605726401000","1",
"14163197419620","Die E-Mail kann nur von berechtigten Personen gelesen werden.","TRUE",,"1605726401000","0",
"14163197419862","Eindeutige Identifizierbarkeit des Urhebers/ der Urheber*in der Daten","FALSE",,"1605726401000","2",
"14163197420223","Nur eine verschlüsselte E-Mail kann Vertraulichkeit garantieren.","FALSE",,"1605726401000","3",
"14163197421782","Die Integrität stellt sicher, das der Absender/ die Absender*in der E-Mail identifiziert werden kann.","FALSE",,"1605726750000","2",
"14163197422140","Zugriff auf Daten nur für berechtigte Personen","FALSE",,"1605726750000","0",
"14163197422371","Empfänger*inen können feststellen, ob die E-Mail vollständig und unverändert übertragen wurde.","TRUE",,"1605726750000","1",
"14163197426761","PGP (Pretty Good Privacy)","TRUE",,"1605726792000","1",
"14163197427000","GnuPG (Gnu Privacy Guard)","TRUE",,"1605726792000","0",
"14163197427283","Anti-Vir","FALSE",,"1605726792000","3",
"14163197427522","Add-on Enigmail von Thunderbird","TRUE",,"1605726792000","2",
"14163197431712","Ein ethischer Hacker begeht Computerkriminalität.","FALSE",,"1605727915000","2",
"14163197431943","Ein ethischer Hacker dringt in das Netzwerk eines Computersystems ein.","TRUE",,"1605727915000","3",
"14163197432230","Sicherheitssysteme werden im Auftrag der Eigentümer auf Schwachstellen untersucht.","TRUE",,"1605727915000","0",
"14163197432471","Ein ethischer Hacker nutzt Sicherheitslücken im System für den eigenen Vorteil.","FALSE",,"1605727915000","1",
"14163197434180","Jemand loggt sich bei Facebook mit einem fremden Zugang ein und postet Nachrichten.","TRUE",,"1605727943000","0",
"14163197434423","Die Daten werden verschlüsselt übertragen.","FALSE",,"1605727943000","3",
"14163197434662","E-Mails mit virenverseuchtem Anhang werden zugesandt.","FALSE",,"1605727943000","2",
"14163197434981","Jemand dringt in ein fremdes Computernetzwerk ein, um Sicherheitslücken aufzuzeigen.","FALSE",,"1605727943000","1",
"14163197436541","Feuer","TRUE",,"1605728073000","1",
"14163197436813","Datendiebstahl","FALSE",,"1605728073000","3",
"14163197437062","Erdbeben","TRUE",,"1605728073000","2",
"14163197437330","Hochwasser","TRUE",,"1605728073000","0",
"14163197439013","Eine drahtlose Verbindung","FALSE",,"1605728084000","3",
"14163197439252","Ein lokales Netzwerk","FALSE",,"1605728084000","2",
"14163197439690","Die Abkürzung für Wide Area Network","TRUE",,"1605728084000","0",
"14163197440131","Ein Netzwerk, das Computer über Länder und Kontinente verbindet","TRUE",,"1605728084000","1",
"14163198664591","Unterhaltung per Textnachrichten","TRUE",,"1431197421000","1",
"14163198665232","Auslesen von Daten von einer weggeworfenen Festplatte","FALSE",,"1431197421000","2",
"14163198665670","Kommunikationsmethode in Echtzeit","TRUE",,"1431197421000","0",
"14163198666073","Die Verwendung eines Dialerprogamms","FALSE",,"1431197421000","3",
"14163198676360","Makros in Excel-Dokumenten sollen immer aktiviert werden.","FALSE",,"1605686078000","0",
"14163198676761","Makros in Excel-Dokumenten sollen immer deaktiviert werden.","FALSE",,"1605686078000","1",
"14163198677082","Makros können schädliche Funktionen enthalten.","TRUE",,"1605686078000","2",
"14163198677583","Makros sollten nur bei Dokumente aus vertrauenswürdiger Quelle aktiviert werden.","TRUE",,"1605686078000","3",
"14163198679293","Benutzername","FALSE",,"1605686102000","3",
"14163198679571","Trojaner","TRUE",,"1605686102000","1",
"14163198679852","Keylogger","TRUE",,"1605686102000","2",
"14163198680100","Viren","TRUE",,"1605686102000","0",
"14163198727111","...bietet relativ hohe Sicherheit.","TRUE",,"1439757333000","1",
"14163198727703","...gibt es nicht in privaten Drahtlosnetzwerken.","FALSE",,"1439757333000","3",
"14163198728070","...ist allgemeiner Standard bei drahtlosen Netzwerken.","TRUE",,"1439757333000","0",
"14163198728582","...ist ein verschlüsseltes E-Mail-Protokoll.","FALSE",,"1439757333000","2",
"14163198741963","Daten pflegen","TRUE",,"1605727227000","3",
"14163198742530","Benutzerrechte verwalten","FALSE",,"1605727227000","0",
"14163198742971","Authentifizierung den Nutzer*innen zuordnen","FALSE",,"1605727227000","1",
"14163198743412","Nutzung dokumentieren","FALSE",,"1605727227000","2",
"14163198745512","WEP","TRUE",,"1605727246000","2",
"14163198745801","MAC-Filter","TRUE",,"1605727246000","1",
"14163198746083","SMS","FALSE",,"1605727246000","3",
"14163198746320","WPA/WPA2","TRUE",,"1605727246000","0",
"14163198748140","zur Authentifizierung in einem Netzwerk","TRUE",,"1605727303000","0",
"14163198748421","zur Aktualisierung des Antiviren-Programms","FALSE",,"1605727303000","1",
"14163198748682","um die Firewall zu aktivieren","FALSE",,"1605727303000","2",
"14163198749043","um sich bei einem sozialen Netzwerk auszuloggen","FALSE",,"1605727303000","3",
"14163198771051","Word-Dokumente","FALSE",,"1605770250000","1",
"14163198771332","MP3-Datei","TRUE",,"1605770250000","2",
"14163198771613","PowerPoint-Datei","FALSE",,"1605770250000","3",
"14163198772000","Excel-Dokumente","FALSE",,"1605770250000","0",
"14163198776062","Integrität","TRUE",,"1605770481000","2",
"14163198776341","Vertraulichkeit","FALSE",,"1605770481000","1",
"14163198776623","Verfügbarkeit","FALSE",,"1605770481000","3",
"14163198776860","Exklusivität","FALSE",,"1605770481000","0",
"14163198796333","Information Diving","TRUE",,"1439796684000","3",
"14163198796590","Phishing","FALSE",,"1439796684000","0",
"14163198796831","Pretexting","FALSE",,"1439796684000","1",
"14163198797672","Pharming","FALSE",,"1439796684000","2",
"14163198802162","durch eine aktivierte Firewall","TRUE",,"1439796748000","2",
"14163198802521","durch die Suchmaschine Google","FALSE",,"1439796748000","1",
"14163198802883","nur durch den Netzbetreiber ","FALSE",,"1439796748000","3",
"14163198803280","nur durch den Anwender/ die Anwender*in","FALSE",,"1439796748000","0",
"14163198805673","Antivir","FALSE",,"1439803048000","3",
"14163198806072","Rootkit","TRUE",,"1439803048000","2",
"14163198806431","Wurm","FALSE",,"1439803048000","1",
"14163198806870","Makrovirus","FALSE",,"1439803048000","0",
"14163198812792","Social Engineering","FALSE",,"1605778764000","2",
"14163198813071","Phishing","FALSE",,"1605778764000","1",
"14163198813310","Skimming","TRUE",,"1605778764000","0",
"14163198813563","Information Diving","FALSE",,"1605778764000","3",
"14163198822711","Drive-out-Download","FALSE",,"1605780255000","1",
"14163198823063","Phishing","FALSE",,"1605780255000","3",
"14163198823432","Drive-by-Download","TRUE",,"1605780255000","2",
"14163198823750","Downloadfalle","FALSE",,"1605780255000","0",
"14163198837342","Die Person im Chat möchte wissen, ob man ehrlich zu ihr ist.","FALSE",,"1605781896000","2",
"14163198837581","Die Person im Chat möchte sicher sein, dass niemand die Unterhaltung mitbekommt.","TRUE",,"1605781896000","1",
"14163198837860","Der Person im Chat ist auch so langweilig wie mir.","FALSE",,"1605781896000","0",
"14163198856141","Jeder darf meine Statusmeldungen lesen.","FALSE",,"1605782815000","1",
"14163198856430","Freunde von Freunden sollen meine Statusmeldungen lesen dürfen.","FALSE",,"1605782815000","0",
"14163198856712","Nur Freunde sollen meine Statusmeldungen sehen.","TRUE",,"1605782815000","2",
"14163198996922","Ein Herr S. meldet sich aus Südafrika und stellt 10 Millionen Dollar Prämie in Aussicht.","FALSE",,"1605785515000","2",
"14163198997200","Ich erhalte ein E-Mail meiner Bank mit der Aufforderung, meine Zugangsdaten für Online-Banking einzugeben.","TRUE",,"1605785515000","0",
"14163198997521","Frau S. erstellt eine Facebook-Seite im Namen von Frau R. und postet dort peinliche Texte und Fotos.","TRUE",,"1605785515000","1",
"14163198997833","Herr F. bestellt mit dem gestohlenen Passwort eines Bekannten Waren über Ebay.","TRUE",,"1605785515000","3",
"14163198999633","Versenden einer E-Mail","FALSE",,"1605785549000","3",
"14163199000062","Entmagnetisierung der Festplatte","TRUE",,"1605785549000","2",
"14163199000581","Computerdefekte","TRUE",,"1605785549000","1",
"14163199000830","Diebstahl","TRUE",,"1605785549000","0",
"14163199009882","Daten werden verfälscht.","FALSE",,"1605785607000","2",
"14163199010163","Daten sind verschlüsselt.","FALSE",,"1605785607000","3",
"14163199010471","Daten sind öffentlich zugänglich.","FALSE",,"1605785607000","1",
"14163199010750","Daten sind unverfälscht und vollständig.","TRUE",,"1605785607000","0",
"14163199017223","Marie verwendet im Internet nur ihren Spitznamen.","TRUE",,"1439808942000","3",
"14163199017581","Jakob hat 650 Freunde bei Facebook.","FALSE",,"1439808942000","1",
"14163199017902","Werner verwendet für Gewinnspiele nur eine Zweit-E-Mail-Adresse, die er löscht, wenn die Werbe-E-Mails überhandnehmen.","TRUE",,"1439808942000","2",
"14163199018300","Isabelle nimmt an allen Gewinnspielen im Internet teil.","FALSE",,"1439808942000","0",
"14163199025670","Suchen von Sicherheitslücken in Computersystemen, um diese zu schließen","TRUE",,"1605778704000","0",
"14163199026072","Eindringen in Computersysteme, um Daten zu verändern oder zu löschen","FALSE",,"1605778704000","2",
"14163199026551","Ethisches Hacking ist eine Form der Computerkriminalität.","FALSE",,"1605778704000","1",
"14163199030501","Von April bis Juli hat es in jedem Monat geregnet.","TRUE",,"1605778716000","1",
"14163199031502","Die Regenmenge war im April am niedrigsten.","TRUE",,"1605778716000","2",
"14163199031820","Die Regenmenge war im Mai am höchsten.","TRUE",,"1605778716000","0",
"14163199032503","Die gemessenen Regenmengen:  April: 70 mm, Mai: 250 mm, Juni: 150 mm, Juli: 160 mm","FALSE",,"1605778716000","3",
"14163199037601","Alle Dateien werden in den Papierkorb geschoben und dieser danach geleert.","FALSE",,"1605778310000","1",
"14163199037872","Die Festplatte wird formatiert.","FALSE",,"1605778310000","2",
"14163199038113","Die Festplatte wird ausgebaut und unter Aufsicht verschrottet.","TRUE",,"1605778310000","3",
"14163199038440","Jeder PC wird mit einer speziellen Software gestartet, die die Festplatte komplett überschreibt.","TRUE",,"1605778310000","0",
"14163199042230","Backup","FALSE",,"1605778338000","0",
"14163199042592","Mining","FALSE",,"1605778338000","2",
"14163199043073","Firewall","FALSE",,"1605778338000","3",
"14163199043591","Cybercrime","TRUE",,"1605778338000","1",
"14163199064062","damit man mit dem Handy telefonieren kann","FALSE",,"1605780953000","2",
"14163199064330","damit man ohne Passwort Zugang zum Internet hat","TRUE",,"1605780953000","0",
"14163199064611","damit man vor Viren geschützt ist","FALSE",,"1605780953000","1",
"14163208875050","Hier finden sich die E-Mails, die noch nicht gesendet wurden.","FALSE",,"1605943976000","0",
"14163208875491","Hier finden sich die erhaltenen E-Mails.","FALSE",,"1605943976000","1",
"14163208875963","Hier finden sich in der Regel unerwünschte E-Mails.","TRUE",,"1605943976000","3",
"14163208876402","Hier finden sich die gelöschten E-Mails.","FALSE",,"1605943976000","2",
"14163208941623","damit Computerviren keine Chance haben","FALSE",,"1605862551000","3",
"14163208942132","um die Datenmenge zu verringern (Komprimierung)","FALSE",,"1605862551000","2",
"14163208942611","damit die Daten für Unbefugte unleserlich sind","TRUE",,"1605862551000","1",
"14163208943220","damit die Daten nicht gelöscht werden können","FALSE",,"1605862551000","0",
"14163208959242","beim Öffnen von E-Mail-Anhängen unbekannter Herkunft","TRUE",,"1605862569000","2",
"14163208961353","beim Download von Dateien und Programmen aus dem Internet","TRUE",,"1605862569000","3",
"14163208961831","beim Besuch von E-Commerce-Webseiten","FALSE",,"1605862569000","1",
"14163208962870","beim Aktualisieren von Web-Seiten","FALSE",,"1605862569000","0",
"14163208971560","HTML-Seiten werden von jedem Anwendungsprogramm dargestellt.","FALSE",,"1605862632000","0",
"14163208972361","HTML-Seiten werden von einem Browser dargestellt.","TRUE",,"1605862632000","1",
"14163208972762","HTML ist die Abkürzung für Hypertext Markup Language.","TRUE",,"1605862632000","2",
"14163208973203","HTML ist eine Seitenbeschreibungssprache für Computer, in der festgelegt wird, wie eine Internetseite aussehen soll.","TRUE",,"1605862632000","3",
"14163208975270","HTTP ist ein Programm von Microsoft.","FALSE",,"1605980001000","0",
"14163208975751","Abkürzung für Hypertext Transfer Patent","FALSE",,"1605980001000","1",
"14163208976312","Abkürzung für Hypertext Transfer Protocol","TRUE",,"1605980001000","2",
"14163208976633","Übertragungsprotokoll zur Übertragung von Daten über ein Netzwerk","TRUE",,"1605980001000","3",
"14163209035932","Um das E-Mail mit der Funktion ""Alle antworten"" zurücksenden zu können","FALSE",,"1606936480000","0",
"14163209036381","Um nicht einzeln E-Mail-Adressen in das Feld AN eingeben zu müssen","TRUE",,"1606936480000","0",
"14163209037090","Um bequem z. B. an alle Mitglieder eines Sportvereins eine E-Mail zu verschicken","TRUE",,"1606936480000","0",
"14163209044070","Steuererklärung oder seinen Steuerausgleich ausfüllen und über das Internet abgeben","TRUE",,"1605946632000","0",
"14163209044552","Bankgeschäfte erledigen","FALSE",,"1605946632000","2",
"14163209044901","Elektronische Geräte einkaufen","FALSE",,"1605946632000","1",
"14163209045223","Günstig eine Reise buchen","FALSE",,"1605946632000","3",
"14163209154862","um eine Kalkulation zu erstellen","FALSE",,"1605979877000","2",
"14163209155343","um Freunden Bilder vorzuführen","FALSE",,"1605979877000","3",
"14163209155980","um jemanden zu einem Termin einzuladen","TRUE",,"1605979877000","0",
"14163209156581","um gemeinsame Termine mit Kollegen anzuzeigen","TRUE",,"1605979877000","1",
"14163209395011","RSS-Feed","TRUE",,"1605954153000","1",
"14163209395610","Google Maps","FALSE",,"1605954153000","0",
"14163209396762","Lesezeichen","FALSE",,"1605954153000","2",
"14163209397483","Podcast","FALSE",,"1605954153000","3",
"14163209408611","abwärts chronologisch sortiert (neue oben)","TRUE",,"1605954148000","1",
"14163209410492","alphabetisch sortiert","FALSE",,"1605954148000","2",
"14163209412320","aufwärts chronologisch sortiert (alte oben)","FALSE",,"1605954148000","0",
"14163209413613","nach Nummern sortiert","FALSE",,"1605954148000","3",
"14163209436110","In Ordner organisieren, drucken und mit anderen teilen","TRUE",,"1531318955000","0",
"14163209439142","Auf Viren überprüfen","FALSE",,"1531318955000","2",
"14163209439821","Bearbeiten, anzeigen und markieren","TRUE",,"1531318955000","1",
"14163209445763","Podcast","FALSE",,"1531318967000","3",
"14163209447601","RSS-Feeds","FALSE",,"1531318967000","1",
"14163209448722","Firewall","FALSE",,"1531318967000","2",
"14163209449080","IKT (Informations- und Kommunikationstechnologie)","TRUE",,"1531318967000","0",
"14163209477170","um jemanden zu einem Termin einzuladen","TRUE",,"1604406530000","0",
"14163209477933","um Freunden Bilder vorzuführen","FALSE",,"1604406530000","3",
"14163209478572","um eine Kalkulation zu erstellen","FALSE",,"1604406530000","2",
"14163209479361","um gemeinsame Termine mit Kollegen anzuzeigen","TRUE",,"1604406530000","1",
"14163209492520","gewisse Medienkompetenz","TRUE",,"1531320542000","0",
"14163209492951","Reisebereitschaft","FALSE",,"1531320542000","1",
"14163209493443","den Erwerb eines Tablets","FALSE",,"1531320542000","3",
"14163209493762","ein installiertes Office-Paket am PC","FALSE",,"1531320542000","2",
"14163279160080","Frühere Versionen von Dokumenten können angezeigt werden.","TRUE",,"1604405164000","0",
"14163279160241","Das Dokument ist damit lokal gespeichert.","FALSE",,"1604405164000","1",
"14163279160482","Nur die vorletzte Version des Dokumentes kann wiederhergestellt werden.","FALSE",,"1604405164000","2",
"14163279160633","Es kann festgestellt werden, wer eine bestimmte Änderung in einem Dokument durchgeführt hat.","TRUE",,"1604405164000","3",
"14163279163070","Der Zugriff auf online gespeicherte Dokumente ist ortsunabhängig möglich.","TRUE",,"1604425471000","0",
"14163279163273","Der Zugriff auf Anwendungen wie Kalender, Dokumente usw. ist auch von Handys oder Tablets möglich.","TRUE",,"1604425471000","3",
"14163279163392","Anbieter einer Cloud bieten ihre Dienste immer kostenlos an.","FALSE",,"1604425471000","2",
"14163279163711","Benutzername und Passwort müssen nicht eingegeben werden.","FALSE",,"1604425471000","1",
"14163279166380","Webcam","TRUE",,"1604424651000","0",
"14163279166501","Mikrofon bzw. Headset","FALSE",,"1604424651000","1",
"14163279166622","Lautsprecher","FALSE",,"1604424651000","2",
"14163279166743","Internetverbindung","FALSE",,"1604424651000","3",
"14163279175083","7 MB","FALSE",,"1604410398000","3",
"14163279175242","1 TB","FALSE",,"1604410398000","2",
"14163279175401","100 GB","FALSE",,"1604410398000","1",
"14163279175600","15 GB","TRUE",,"1604410398000","0",
"14163279176671","um gemeinsam Dokumente zu bearbeiten","FALSE",,"1605978874000","1",
"14163279176833","als Lernplattform","FALSE",,"1605978874000","3",
"14163279176990","für den Austausch von Meinungen und Erfahrungen","TRUE",,"1605978874000","0",
"14163279177152","um über das Internet kostengünstig zu telefonieren (VOIP)","FALSE",,"1605978874000","2",
"14163279193831","Reisebereitschaft","FALSE",,"1439819721000","1",
"14163279195070","Gewisse Medienkompetenz","TRUE",,"1439819721000","0",
"14163279195313","Den Erwerb eines Tablets mit einem Android-Betriebssystem","FALSE",,"1439819721000","3",
"14163279195512","Ein installiertes Office-Paket am PC","FALSE",,"1439819721000","2",
"14163279198820","Damit nach der Entsorgung der Festplatten Daten nicht gelesen und missbraucht werden können","TRUE",,"1439819845000","0",
"14163279198981","Damit Malware endgültig entfernt wird","FALSE",,"1439819845000","1",
"14163279199092","Damit die entsorgten Festplatten besser wiederverwertet werden können","FALSE",,"1439819845000","2",
"14175210739560","Weiß","FALSE",,"1542916196000","0",
"14175210739921","Schwarz","TRUE",,"1542916196000","1",
"14175215594180","Graustufenbild mit 8 Bit Farbtiefe (256 Grauabstufungen)","TRUE",,"1440320968000","0",
"14175215594291","Schwarzweißbild mit 1 Bit Farbtiefe  (Schwarz-Weiß)","FALSE",,"1440320968000","1",
"14175215594412","Farbbild mit 16 Bit Farbtiefe pro Kanal","FALSE",,"1440320968000","2",
"14175221056370","ja","FALSE",,"1467722458000","0",
"14175221056491","nein","TRUE",,"1467722458000","1",
"14181974637190","1 Hertz","FALSE",,"1604780161000","0",
"14181974637581","1 Bit","FALSE",,"1604780161000","1",
"14181974638652","1 Byte","TRUE",,"1604780161000","2",
"14181974639323","1 Mb/s","FALSE",,"1604780161000","3",
"14181976163910","Festplatte","FALSE",,"1606812095000","0",
"14181976165371","RAM (Hauptspeicher bzw. Arbeitsspeicher)","TRUE",,"1606812095000","1",
"14181976165672","Read Only Memory (ROM)","FALSE",,"1606812095000","2",
"14181976166263","Prozessor","FALSE",,"1606812095000","3",
"14183245457180","Disk Operating System","FALSE",,"1604780194000","0",
"14183245457441","Multimediatechnik","FALSE",,"1604780194000","1",
"14183245458332","Befehlszeileneingabe (CLI: Command Line Interface)","FALSE",,"1604780194000","2",
"14183245458723","Graphical User Interface (GUI)","TRUE",,"1604780194000","3",
"14183255336750","bei der Erstellung einer Sicherungskopie auf eine externe Festplatte","TRUE",,"1604828605000","0",
"14183255337311","beim Verschicken von E-Mails","FALSE",,"1604828605000","1",
"14183255337432","beim Herunterladen von Musikdateien","FALSE",,"1604828605000","2",
"14183255337553","bei der Suche mit einer Suchmaschine im WWW","FALSE",,"1604828605000","3",
"14183264165570","das Betriebssystem","TRUE",,"1604829240000","0",
"14183264166191","der Explorer","FALSE",,"1604829240000","1",
"14183264167072","die Firewall","FALSE",,"1604829240000","2",
"14183264167313","das Antivirenprogramm","FALSE",,"1604829240000","3",
"14183267449520","ein Papierstau im Drucker","FALSE",,"1604909038000","0",
"14183267450201","eine schnurlose Maus","FALSE",,"1604909038000","1",
"14183267452562","ein Bürosessel ohne Kopfstütze","FALSE",,"1604909038000","2",
"14183267453003","ein ungesichert verlegtes Stromkabel","TRUE",,"1604909038000","3",
"14183270772130","Informations- und Kommunikationstechnologie","TRUE",,"1604909137000","0",
"14183270774081","Industrie- und Kabeltechnik","FALSE",,"1604909137000","1",
"14183270774802","Internationale Kooperation und Kommunikation","FALSE",,"1604909137000","2",
"14183270776443","Interne Kommunaltechnik","FALSE",,"1604909137000","3",
"14187411052640","Die Datei wird gelöscht.","FALSE",,"1605727143000","0",
"14187411052741","Die Datei wird weitgehend dem Zugriff des Benutzers/ der Benutzer*in und des Systems entzogen.","TRUE",,"1605727143000","1",
"14187411052862","Die Datei kann von der Quarantäne aus keinen Schaden anrichten.","TRUE",,"1605727143000","2",
"14187411052973","Die Dateien können in der Quarantäne nicht gelöscht werden.","FALSE",,"1605727143000","3",
"14187454659110","beim Öffnen von E-Mail-Anhängen unbekannter Herkunft","TRUE",,"1605979952000","0",
"14187454659431","beim Download von Dateien und Programmen aus dem Internet","TRUE",,"1605979952000","0",
"14187454659792","bei dem Ausfüllen der Steuererklärung online","FALSE",,"1605979952000","0",
"14187454660273","bei dem Eintrag eines Termins im Online-Kalender","FALSE",,"1605979952000","0",
"14189854213530","Strg + Alt + Entf","FALSE",,"1604996065000","0",
"14189854213691","Strg + F4","FALSE",,"1604996065000","1",
"14189854213852","Alt + F4","TRUE",,"1604996065000","2",
"14189854214013","Strg + Umschalt + Entf","FALSE",,"1604996065000","3",
"14189856219710","in der Systemsteuerung: Geräte und Drucker","TRUE",,"1604997034000","0",
"14189856220711","Doppelklick auf das Druckersymbol in der Taskleiste","TRUE",,"1604997034000","1",
"14189856221332","Start - Programme - Zubehör","FALSE",,"1604997034000","2",
"14189856222193","Start - ausführen - Drucker","FALSE",,"1604997034000","3",
"14189891489310","Shareware","FALSE",,"1605781913000","0",
"14189891490161","Spam","FALSE",,"1605781913000","1",
"14189891490582","Spyware","TRUE",,"1605781913000","2",
"14189891491323","Dialer","FALSE",,"1605781913000","3",
"14192767684240","Rechtsklick auf das Menüband, Menüband minimieren (reduzieren)","TRUE",,"1605641627000","0",
"14192767684521","Linksklick auf das Menüband, Menüband minimieren (reduzieren)","FALSE",,"1605641627000","1",
"14192767684762","Doppelklick auf das Menüband, Menüband minimieren (reduzieren)","FALSE",,"1605641627000","2",
"14192768592630","Seitenlayout","TRUE",,"1605647420000","0",
"14192768592951","Ansicht","TRUE",,"1605647420000","1",
"14192768593272","Start","FALSE",,"1605647420000","2",
"14192768593553","Einfügen","FALSE",,"1605647420000","3",
"14192782766160","Ein schädliches Makro in einem Dokument könnte einen Virus einschleusen, das sich auf dem Computer verbreitet.","TRUE",,"1605647559000","0",
"14192782766361","Ohne Aktivieren der Makros kann die Excel-Datei nicht geöffnet werden.","FALSE",,"1605647559000","1",
"14192782766662","Makros sollten immer deaktiviert werden.","FALSE",,"1605647559000","2",
"14192782766903","Werden Makros nicht aktiviert, lässt sich die Excel-Datei zwar öffnen, kann aber großteils unbrauchbar sein.","TRUE",,"1605647559000","3",
"14192791636960","weil in der Formel für das Kopieren eine relative Adressierung notwendig ist","TRUE",,"1605647856000","0",
"14192791637811","damit das Ergebnis der Formel =A4*A4 stimmt","FALSE",,"1605647856000","1",
"14192791638002","weil in der Formel eine absolute Adressierung für das Kopieren notwendig ist","FALSE",,"1605647856000","2",
"14192791638243","weil sonst das Ergebnis in der Zelle C4 falsch ist","FALSE",,"1605647856000","3",
"14192803381380","A","FALSE",,"1563186239000","0",
"14192803381701","B","TRUE",,"1563186239000","1",
"14192803382782","C","FALSE",,"1563186239000","2",
"14192803383383","D","FALSE",,"1563186239000","3",
"14193547422560","Datensatz","FALSE",,"1431334049000","0",
"14193547422671","Bericht","FALSE",,"1431334049000","1",
"14193547422882","Tabelle","FALSE",,"1431334049000","2",
"14193547422993","Datenfeld","TRUE",,"1431334049000","3",
"14193548857140","beschleunigt die Suche","TRUE",,"1419354885000","0",
"14193548857511","verhindert doppelte Werte in einem Feld","TRUE",,"1419354885000","1",
"14193548857872","erlaubt doppelte Datensätze","FALSE",,"1419354885000","2",
"14193548858273","filtert doppelte Datensätze","FALSE",,"1419354885000","3",
"14193550175260","Langer Text (Access 2010: Memo)","FALSE",,"1431333855000","0",
"14193550175501","Kurzer Text","TRUE",,"1431333855000","1",
"14193550175742","Zahl","FALSE",,"1431333855000","2",
"14193550175983","Ja/Nein","FALSE",,"1431333855000","3",
"14193553906150","Jeder Datensatz der Tabelle A ist mit jedem Datensatz der Tabelle B verbunden.","FALSE",,"1431334027000","0",
"14193553906361","Jeder Datensatz der Tabelle A kann mit beliebig vielen Datensätzen der Tabelle B verbunden sein.","FALSE",,"1431334027000","1",
"14193553906512","Ein Datensatz der Tabelle A ist mit genau einem Datensatz der Tabelle B verbunden.","TRUE",,"1431334027000","2",
"14193553906633","Tabelle A und Tabelle B müssen gleich viele Datensätze haben.","FALSE",,"1431334027000","3",
"14193593025240","Ford Galaxy, Baujahr 2001","TRUE",,"1419359302000","0",
"14193593025441","VW Polo, Baujahr 2012","FALSE",,"1419359302000","1",
"14193593025682","Ford Mondeo, Baujahr 2011","FALSE",,"1419359302000","2",
"14193593025883","Ford Mondeo, Baujahr 2000","TRUE",,"1419359302000","3",
"14193593574410","Postleitzahl","FALSE",,"1419359357000","0",
"14193593574811","Hausnummer","FALSE",,"1419359357000","1",
"14193593575212","Nachname","FALSE",,"1419359357000","2",
"14193593575613","Mitgliedsnummer","TRUE",,"1419359357000","3",
"14193594143490","$","FALSE",,"1419359414000","0",
"14193594143801","+","FALSE",,"1419359414000","1",
"14193594144122","*","TRUE",,"1419359414000","2",
"14193594144403","-","FALSE",,"1419359414000","3",
"14193598377360","Datensätze löschen","FALSE",,"1419359837000","0",
"14193598377651","ein Feld einer Tabelle mit einem Feld in einer anderen Tabelle verbinden","TRUE",,"1419359837000","1",
"14193598377962","Felder sortieren","FALSE",,"1419359837000","2",
"14193598378283","Datensätze speichern","FALSE",,"1419359837000","3",
"14193598534050","in einem Datensatz","TRUE",,"1419359853000","0",
"14193598534501","in einem Datenfeld","FALSE",,"1419359853000","1",
"14193598534862","in einer Tabelle","FALSE",,"1419359853000","2",
"14193599271960","NOT ... = ""Salzburg""","TRUE",,"1419359927000","0",
"14193599272321","= ""Salzburg""","FALSE",,"1419359927000","1",
"14193599272672","&lt; ""Salzburg""","FALSE",,"1419359927000","2",
"14193599272923","&gt; ""Salzburg""","FALSE",,"1419359927000","3",
"14208328612600","unerwünschte E-Mails","TRUE",,"1605886254000","0",
"14208328612721","E-Mail-Werbung für zweifelhafte Angebote im Internet","TRUE",,"1605886254000","1",
"14208328612802","Antivirenprogramm","FALSE",,"1605886254000","2",
"14208328612883","Verschlüsselung","FALSE",,"1605886254000","3",
"14309409300250","die Fernsteuerung eines Computers","TRUE",,"1605719962000","0",
"14309409300411","die Umgehung der Firewall des Computers","TRUE",,"1605719962000","1",
"14309409300572","das Starten eines Windows Update","FALSE",,"1605719962000","2",
"14309409300773","das Erstellen eines Backups","FALSE",,"1605719962000","3",
"14391152691910","Die Rechnerleistung wird an den Anbieter der Cloud ausgelagert.","FALSE",,"1604410321000","0",
"14391152692051","Man ist ortsunabhängig - es ist nur eine Internetverbindung und ein Endgerät notwendig.","FALSE",,"1604410321000","0",
"14391152692172","Die Kosten reduzieren sich durch geringere Anschaffungskosten von Hardware.","FALSE",,"1604410321000","0",
"14391152692293","Es ist keine Internetanbindung notwendig.","TRUE",,"1604410321000","0",
"14391160425120","Der Cloud-Service-Provider ermöglicht Cloud-Computing.","TRUE",,"1604406490000","0",
"14391160425221","Der Cloud-Service-Provider stellt die Endgeräte zur Verfügung.","FALSE",,"1604406490000","1",
"14391160425462","Der Cloud-Service-Provider sorgt weltweit für eine stabile Internetanbindung.","FALSE",,"1604406490000","2",
"14391160425583","Der Cloud-Service-Provider garantiert immer für die Bereitstellung und Sicherheit der Daten bzw. sichere Datenübertragung.","FALSE",,"1604406490000","3",
"14391165892990","Es kann die Internetverbindung unterbrochen werden.","FALSE",,"1439820122000","0",
"14391165893231","Es kann eventuell auf gemeinsame Dokumente nicht zugegriffen werden.","TRUE",,"1439820122000","1",
"14391165893392","Es kann das Headset bei einem Online-Meeting nicht funktionieren.","FALSE",,"1439820122000","2",
"14391165893513","Es können Daten in der Cloud gelöscht werden.","FALSE",,"1439820122000","3",
"14397547844020","Datensicherheit","TRUE",,"1605782053000","0",
"14397547844291","Ethisches Hacking","FALSE",,"1605782053000","1",
"14397547844452","Malware","FALSE",,"1605782053000","2",
"14397547844613","Digitale Signatur","FALSE",,"1605782053000","3",
"14397563950760","Er erlaubt die Fernsteuerung des Computers durch den Urheber/ die Urheber*in der Malware.","TRUE",,"1439756395000","0",
"14397563950941","Er protokolliert die Tastatureingabe mit.","FALSE",,"1439756395000","1",
"14397563951142","Er installiert die neuste Version des Betriebssystems.","FALSE",,"1439756395000","2",
"14397563951303","Er ist ein Virtual Private Network das den Standort des Geräts verschleiert.","FALSE",,"1439756395000","3",
"14397572422970","Sie bietet Schutz vor Malware beim Öffnen eines Dateianhangs einer E-Mail.","FALSE",,"1605782582000","0",
"14397572423121","Sie bietet einen Schutz vor Angriffen von außen.","TRUE",,"1605782582000","1",
"14397572423242","Sie übernimmt die Aufgaben eines Antiviren-Programms.","FALSE",,"1605782582000","2",
"14397572423363","Sie ermöglicht die Unterteilung einer Festplatte.","FALSE",,"1605782582000","3",
"14397953901910","In der URL der aufgerufenen Internetseite ist ein Teil blau eingefärbt.","FALSE",,"1605770026000","0",
"14397953902201","Die Adresse des Lieferanten stimmt.","FALSE",,"1605770026000","1",
"14397953902322","Die aufgerufene Internetseite hat einen guten Ruf.","FALSE",,"1605770026000","2",
"14397953902443","Die URL der aufgerufenen Internetseite beginnt mit https:// und ein Vorhängeschloss erscheint.","TRUE",,"1605770026000","3",
"14398182787850","Gemeinsam einen Online-Datenspeicher nutzen","TRUE",,"1531320713000","0",
"14398182787971","E-Mails an alle Beteiligten senden","FALSE",,"1531320713000","1",
"14398182788092","Sich für Besprechungen an einem Ort treffen","FALSE",,"1531320713000","2",
"14398182788213","Eine E-Mail an einen Beteiligten mit der Bitte um Weiterleitung schicken","FALSE",,"1531320713000","3",
"14398188357390","Tablets und Smartphones benötigen keinen Speicher für Programme, da diese in der Cloud ausgeführt werden.","TRUE",,"1604425435000","0",
"14398188357591","Die zentrale Verwaltung von Programmen erspart Zeit und Geld.","TRUE",,"1604425435000","1",
"14398188357752","Es gibt kein Problem mit Malware.","FALSE",,"1604425435000","2",
"14398188357873","Online ausgeführten Programme sind immer gratis.","FALSE",,"1604425435000","3",
"14398198363270","ein Zusatzprogramm, um die Funktionalität eines Programms zu erweitern","TRUE",,"1439819836000","0",
"14398198363431","ein Online-Datenspeicher","FALSE",,"1439819836000","1",
"14398198363552","schnelle Datenübertragung mittels Mobilfunk","FALSE",,"1439819836000","2",
"14398198363673","kabellose Datenübertragung","FALSE",,"1439819836000","3",
"14403164760580","Recht für freie Verwendung","FALSE",,"1456345654000","0",
"14403164760741","Recht für bestimmte Verwendung, z. B. Titelseite einer Zeitschrift","TRUE",,"1456345654000","1",
"14403167318560","Sie sind kostenlos.","FALSE",,"1542953259000","0",
"14403167318841","Es handelt sich um ein weitreichendes Nutzungsrecht an einem Bild.","TRUE",,"1542953259000","1",
"14403167318982","Es ist ein anderer Begriff für Common Rights.","FALSE",,"1542953259000","2",
"14403190603750","PPI","FALSE",,"1440319060000","0",
"14403190603871","Pixel","TRUE",,"1440319060000","1",
"14403196847470","die Anzahl der möglichen Farbabstufungen pro Bildpunkt","TRUE",,"1542916111000","0",
"14403196847671","die Farbintensität eines Bildpunktes","FALSE",,"1542916111000","1",
"14403196847882","die Helligkeit eines Bildpunktes","FALSE",,"1542916111000","2",
"14403196848073","die Auflösung eines Bildes","FALSE",,"1542916111000","3",
"14403207046960","Weiß","TRUE",,"1542916131000","0",
"14403207047071","Schwarz","FALSE",,"1542916131000","1",
"14403207047192","Gelb","FALSE",,"1542916131000","2",
"14403207047393","Hellblau","FALSE",,"1542916131000","3",
"14596864152801","B","TRUE",,"1610960552000","1",
"14596864153002","C","FALSE",,"1610960552000","2",
"14596864153160","A","FALSE",,"1610960552000","0",
"14596864154192","C","TRUE",,"1610960544000","2",
"14596864154310","A","FALSE",,"1610960544000","0",
"14596864154431","B","FALSE",,"1610960544000","1",
"14596864164440","2 Farben (1 Bit Farbtiefe)","FALSE",,"1611243542000","0",
"14596864164603","2^32 = 4,3 Mrd. Abstufungen (32 Bit Farbtiefe)","TRUE",,"1611243542000","3",
"14596864164762","2^24 = 16,7 Mill. Farben (24 Bit Farbtiefe)","FALSE",,"1611243542000","2",
"14596864164961","2^8 = 256 Farben (8 Bit Farbtiefe)","FALSE",,"1611243542000","1",
"14624802787951","Staatliche Einrichtungen verwenden das Internet, Firmen und Privatpersonen das WWW.","FALSE",,"1605814193000","1",
"14624802788073","Das WWW ist ein Dienst des Internets.","TRUE",,"1605814193000","3",
"14624802788192","Das Internet ist ein Teil des WWW.","FALSE",,"1605814193000","2",
"14624802788310","Es gibt keinen Unterschied.","FALSE",,"1605814193000","0",
"14624802791460","buero","TRUE",,"1573980361000","0",
"14624802791581","easy4me","FALSE",,"1573980361000","1",
"14624802791702","@","FALSE",,"1573980361000","2",
"14624802791823","info","FALSE",,"1573980361000","3",
"14624802804580","Attachments sind Anlagen, die mit einer E-Mail versendet werden.","FALSE",,"1605817060000","0",
"14624802804741","Der Empfänger kann das Attachment speichern.","FALSE",,"1605817060000","1",
"14624802804902","Attachments können Viren enthalten.","FALSE",,"1605817060000","2",
"14624802805063","Attachments soll man sofort löschen.","TRUE",,"1605817060000","3",
"14624802806180","Lesezeichen bzw. Favoriten sind gespeicherte Verknüpfungen zu Seiten im Internet.","TRUE",,"1605817096000","0",
"14624802806381","Durch das Anklicken eines Lesezeicheneintrags bzw. Favoriten wird die entsprechende Internetseite geöffnet.","TRUE",,"1605817096000","1",
"14624802806582","Lesezeichen braucht man, um E-Mails zu versenden.","FALSE",,"1605817096000","2",
"14624802806783","Lesezeichen bzw. Favoriten überprüfen die Internetseite auf Glaubwürdigkeit.","FALSE",,"1605817096000","3",
"14624802815630","An die in diesem Feld eingetragene E-Mail-Adresse wird eine Kopie der Nachricht gesendet.","TRUE",,"1605817375000","0",
"14624802815791","Der/die Empfänger*in der E-Mail muss auf jeden Fall antworten.","FALSE",,"1605817375000","1",
"14624802815952","Die E-Mail wird an diese Adresse erst später zugesandt.","FALSE",,"1605817375000","2",
"14624802816113","Die E-Mail wird in den Ordner Ablage gesendet.","FALSE",,"1605817375000","3",
"14625471258660","A","FALSE",,"1519119006000","0",
"14625471258811","B","FALSE",,"1519119006000","1",
"14625471259012","C","FALSE",,"1519119006000","2",
"14625471259173","D","TRUE",,"1519119006000","3",
"14625480110920","A","FALSE",,"1462548011000","0",
"14625480111131","B","FALSE",,"1462548011000","1",
"14625480111282","C","FALSE",,"1462548011000","2",
"14625480111443","D","TRUE",,"1462548011000","3",
"14625480573220","A","FALSE",,"1462548057000","0",
"14625480573551","B","TRUE",,"1462548057000","1",
"14625480573902","C","FALSE",,"1462548057000","2",
"14625480574193","D","FALSE",,"1462548057000","3",
"14651058636530","A","FALSE",,"1605817401000","0",
"14651058636651","B","TRUE",,"1605817401000","1",
"14651058636752","C","FALSE",,"1605817401000","2",
"14651058636813","D","FALSE",,"1605817401000","3",
"14651086921630","A","FALSE",,"1605817411000","0",
"14651086921701","B","FALSE",,"1605817411000","1",
"14651086921752","C","TRUE",,"1605817411000","2",
"14651086921793","D","FALSE",,"1605817411000","3",
"14651089091060","A","FALSE",,"1605817386000","0",
"14651089091131","B","FALSE",,"1605817386000","1",
"14651089091192","C","TRUE",,"1605817386000","2",
"14651089091223","D","FALSE",,"1605817386000","3",
"14661926524810","Google","FALSE",,"1531319146000","0",
"14661926525131","Skype","FALSE",,"1531319146000","1",
"14661926525272","Microsoft","TRUE",,"1531319146000","2",
"14661926525503","Adobe","FALSE",,"1531319146000","3",
"14754065135090","Zugriff auf persönliche Daten","FALSE",,"1605788341000","0",
"14754065135171","Malware","FALSE",,"1605788341000","1",
"14754065135212","Versteckte Kosten","FALSE",,"1605788341000","2",
"14754065135253","Schlechtes Design","TRUE",,"1605788341000","3",
"14818285303040","Es dient zur Authentifizierung.","FALSE",,"1605886340000","0",
"14818285303121","Es kann mehrmals verwendet werden.","TRUE",,"1605886340000","1",
"14818285303202","Es kann nur einmal verwendet werden.","FALSE",,"1605886340000","2",
"14818285303283","Es ist nur für eine kurze Zeitdauer gültig.","FALSE",,"1605886340000","3",
"14818308113600","Menü Datei > Öffnen mit","FALSE",,"1605803301000","0",
"14818308113651","Menü Datei > Informationen","TRUE",,"1605803301000","1",
"14818308113732","Menü Datei > Optionen","FALSE",,"1605803301000","2",
"14818308113793","Menü Datei > Optionen","FALSE",,"1605803301000","3",
"14831217924150","Der Eintrag ist möglicherweise nicht vollständig gelöscht.","TRUE",,"1605981086000","0",
"14831217924261","Man kann sich sicher sein, dass der Eintrag nirgends mehr gespeichert ist.","FALSE",,"1605981086000","1",
"14831231019090","ja","TRUE",,"1605981901000","0",
"14831231019191","nein","FALSE",,"1605981901000","1",
"14831231019262","nur dann, wenn der Text aus Büchern kopiert und veröffentlicht wird","FALSE",,"1605981901000","2",
"14831231019303","nur dann, wenn der Text aus dem Internet kopiert und veröffentlicht wird","FALSE",,"1605981901000","3",
"14868330740540","rechte Maustaste auf das Laufwerk C:, Eigenschaften","TRUE",,"1606812138000","0",
"14868330740581","Menü Ansicht, Details","FALSE",,"1606812138000","1",
"14868330740702","Kontextmenü Laufwerk C:, Eigenschaften","TRUE",,"1606812138000","2",
"14868330740783","Menü Ansicht, Inhalt","FALSE",,"1606812138000","3",
"14868366598080","Internet-Explorer","FALSE",,"1604831298000","0",
"14868366598121","Windows-Explorer","TRUE",,"1604831298000","1",
"14868366598162","externe Festplatte","FALSE",,"1604831298000","2",
"14868366598203","im Online-Datenspeicher","FALSE",,"1604831298000","3",
"14868369753220","ob die Firewall aktiviert ist","FALSE",,"1602326251000","0",
"14868369753311","welchen Prozessor der Computer hat","FALSE",,"1602326251000","1",
"14868369753362","wie groß der Arbeitsspeicher ist","FALSE",,"1602326251000","2",
"14868369753403","wie viel Speicherplatz auf dem Laufwerk C: noch frei ist","TRUE",,"1602326251000","3",
"14868385521730","Das Dokument bestimmten Personen zur Bearbeitung freigeben","TRUE",,"1531320742000","0",
"14868385521791","Das Dokument bestimmten Personen zur Ansicht freigeben","FALSE",,"1531320742000","1",
"14868385521882","Das Dokument für bestimmte Personen ausdrucken","FALSE",,"1531320742000","2",
"14868385521933","Bestimmte Personen einladen vorbeizukommen","FALSE",,"1531320742000","3",
"14942477740350","in der Systemsteuerung","FALSE",,"1605044714000","0",
"14942477740361","im Schnellzugriff","TRUE",,"1605044714000","1",
"14942477740372","im Hauptspeicher","FALSE",,"1605044714000","2",
"14942477740393","im Browser","FALSE",,"1605044714000","3",
"14942646234880","Firewall konfigurieren","FALSE",,"1605045146000","0",
"14942646234891","Hardware sicher entfernen","TRUE",,"1605045146000","1",
"14942646234912","Lautstärke einstellen","FALSE",,"1605045146000","2",
"14942646234923","WLAN-Verbindung erstellen","FALSE",,"1605045146000","3",
"14948803126960","Datei, Konto","FALSE",,"1605802992000","0",
"14948803126971","Datei, Speichern unter","TRUE",,"1605802992000","1",
"14948803126992","Datei drucken","FALSE",,"1605802992000","2",
"14948803127003","Datei freigeben","FALSE",,"1605802992000","3",
"15073873509130","offener Quellcode und meist kostenlos","TRUE",,"1605045148000","0",
"15073873509141","Quellcode darf nicht verändert werden","FALSE",,"1605045148000","1",
"15073873509142","meistens kostenpflichtig","FALSE",,"1605045148000","2",
"15073873509143","schwer erhältlich","FALSE",,"1605045148000","3",
"15100559172380","E-Commerce","TRUE",,"1605981412000","0",
"15100559172381","Online-Handel","TRUE",,"1605981412000","1",
"15100559172382","Online-Community","FALSE",,"1605981412000","2",
"15100559172393","E-Governement","FALSE",,"1605981412000","3",
"15100561556260","Namen der Firma","TRUE",,"1605982025000","0",
"15100561556271","Kontaktadresse","TRUE",,"1605982025000","1",
"15100561556272","E-Mail-Adresse","TRUE",,"1605982025000","2",
"15100561556273","Angebotene Waren","FALSE",,"1605982025000","3",
"15100568506880","Ich bin ab 1.2. wieder erreichbar!","TRUE",,"1605982127000","0",
"15100568506881","Komme gleich!","FALSE",,"1605982127000","1",
"15100568506892","Schicken Sie mir die E-Mail morgen noch einmal!","FALSE",,"1605982127000","2",
"15100568506893","Ich bin dann mal weg!","FALSE",,"1605982127000","3",
"15100573181530","Überweisung von Geldbeträgen","TRUE",,"1605982278000","0",
"15100573181541","Bezahlen durch Sofort-Überweisung","TRUE",,"1605982278000","1",
"15100573181542","Überblick über Überweisungen bis 7 Jahre","TRUE",,"1605982278000","2",
"15100573181543","Einzahlung von Bargeld auf das Konto","FALSE",,"1605982278000","3",
"15100574385020","in den Einstellungen des E-Mail-Programms","TRUE",,"1605982297000","0",
"15100574385021","im Kalender","FALSE",,"1605982297000","1",
"15100574385032","im Ordner Entwürfe","FALSE",,"1605982297000","2",
"15100574385033","bei den Kontakten","FALSE",,"1605982297000","3",
"15100575130660","Kontaktdaten einer Person oder Firma","TRUE",,"1605982309000","0",
"15100575130671","Ordner für empfangene E-Mails","FALSE",,"1605982309000","1",
"15100575130672","Verborgene Kopie einer E-Mail","FALSE",,"1605982309000","2",
"15100575130673","Verschlüsselung einer E-Mail","FALSE",,"1605982309000","3",
"15101618771520","Hier finden sich die E-Mails, die noch bearbeitet und/oder später versendet werden.","TRUE",,"1605817363000","0",
"15101618771531","Hier finden sich die erhaltenen E-Mails.","FALSE",,"1605817363000","1",
"15101618771532","Hier finden sich die gelöschten E-Mails.","FALSE",,"1605817363000","2",
"15101618771543","Hier finden sich die unerwünschten E-Mails.","FALSE",,"1605817363000","3",
"15101624206400","www:wikipedia.org","FALSE",,"1606935481000","0",
"15101624206411","www.wikipedia.org","TRUE",,"1606935481000","1",
"15101624206412","www.wikipedia org","FALSE",,"1606935481000","2",
"15101624206413","www wikipedia.org","FALSE",,"1606935481000","3",
"15101647204960","Es handelt sich um ein Programm, das unbemerkt vom Anwender/ von der Anwender*in eine teure Datenverbindung über das Telefonnetz herstellt.","TRUE",,"1605979255000","0",
"15101647204971","Es handelt sich um Malware und gibt es auch auf Smartphones!","TRUE",,"1605979255000","1",
"15101647204972","Ein Dialer kann zu hohen Kosten bei den Geschädigten führen.","TRUE",,"1605979255000","2",
"15101647204973","Mit einem Dialer wird bei einem Breitbandanschluss die Internetverbindung aufgebaut.","FALSE",,"1605979255000","3",
"15101651309600","Audio- oder Videodateien (Multimediadateien) werden über das Internet angeboten.","TRUE",,"1605952319000","0",
"15101651309601","Podcasts sind kurze Textdateien.","FALSE",,"1605952319000","1",
"15101651309612","Bei Podcasts muss die Vertraulichkeit sichergestellt werden.","FALSE",,"1605952319000","2",
"15101651309613","Podcasts erfordern unbeschränkten Datenzugriff auf den PC.","FALSE",,"1605952319000","3",
"15101731612950","1 Bit = 8 Bytes","FALSE",,"1606812081000","0",
"15101731612951","1 Byte = 8 Bit","TRUE",,"1606812081000","1",
"15101731612962","1 KB = 100 Bytes","FALSE",,"1606812081000","2",
"15101731612963","1 GB = 10 MB","FALSE",,"1606812081000","3",
"15101736844090","größeren Bildschirm verwenden","FALSE",,"1606812106000","0",
"15101736844091","den Hauptspeicher (RAM) erweitern: z. B. von 4 GB auf 16 GB","TRUE",,"1606812106000","1",
"15101736844102","Bildschirmauflösung erhöhen","FALSE",,"1606812106000","2",
"15101736844103","eine Grafikkarte, die für diese Anwendung optimiert ist, einbauen","TRUE",,"1606812106000","3",
"15144032933920","als eine Bilddatei","FALSE",,"1606812143000","0",
"15144032933931","als ein eigenes Laufwerk, z. B. D:","TRUE",,"1606812143000","1",
"15144032933932","als eine Textdatei","FALSE",,"1606812143000","2",
"15144032933943","gar nicht","FALSE",,"1606812143000","3",
"15144034067510","Anwendungsprogramm Word","FALSE",,"1604780982000","0",
"15144034067511","Browser","FALSE",,"1604780982000","1",
"15144034067522","Betriebssystem","TRUE",,"1604780982000","2",
"15144034067523","HTTP://","FALSE",,"1604780982000","3",
"15144071333290","ROM","FALSE",,"1604780992000","0",
"15144071333301","RAM","TRUE",,"1604780992000","1",
"15144071333302","Festplatte","FALSE",,"1604780992000","2",
"15144071333303","Online-Datenspeicher","FALSE",,"1604780992000","3",
"15144082466460","Windows 8.1","FALSE",,"1604908673000","0",
"15144082466471","Windows 11","TRUE",,"1604908673000","1",
"15144082466472","Linux","FALSE",,"1604908673000","2",
"15144082466483","Windows 10","FALSE",,"1604908673000","3",
"15144084421220","System > Info","TRUE",,"1604908685000","0",
"15144084421231","System > Multitasking","FALSE",,"1604908685000","1",
"15144084421232","System > Speicher","FALSE",,"1604908685000","2",
"15144084421233","System > Benachrichtigungsassistent","FALSE",,"1604908685000","3",
"15144087358760","meist kostenlos","TRUE",,"1604831388000","0",
"15144087358771","offener Quellcode","TRUE",,"1604831388000","1",
"15144087358772","meist kostenpflichtig","FALSE",,"1604831388000","2",
"15144087358783","schwer erhältlich","FALSE",,"1604831388000","3",
"15144092303480","Klick auf DEU und Spracheinstellungen in der Taskleiste","TRUE",,"1604831396000","0",
"15144092303481","In der Textverarbeitung Word","FALSE",,"1604831396000","1",
"15144092303492","In den Internetoptionen","FALSE",,"1604831396000","2",
"15144092303493","In der Systemsteuerung, Sprache","TRUE",,"1604831396000","3",
"15144092848530","Die Firewall aktivieren","FALSE",,"1604780998000","0",
"15144092848541","Hardware sicher entfernen","TRUE",,"1604780998000","1",
"15144092848542","Lautstärke eingestellen","FALSE",,"1604780998000","2",
"15144092848553","WLAN-Verbindungen finden","FALSE",,"1604780998000","3",
"15144429436890","in der Systemsteuerung","FALSE",,"1604831404000","0",
"15144429436991","im Schnellzugriff","TRUE",,"1604831404000","1",
"15144429436992","im Hauptspeicher","FALSE",,"1604831404000","2",
"15144429437003","im Browser","FALSE",,"1604831404000","3",
"15144446192310","32 MB (Megabyte","FALSE",,"1605081750000","0",
"15144446192321","32 Mbit dividiert durch 8 ergibt 4 MB (Megabyte)","TRUE",,"1605081750000","1",
"15144487865900","parallel zum Fenster, Blick zum Fenster","FALSE",,"1605025877000","0",
"15144487865911","parallel zum Fenster, Rücken zum Fenster","FALSE",,"1605025877000","1",
"15144487865912","im rechten Winkel","TRUE",,"1605025877000","2",
"15144497911700","Liste","FALSE",,"1542962335000","0",
"15144497911711","Details","FALSE",,"1542962335000","1",
"15144497911712","Kleine Symbole","FALSE",,"1542962335000","2",
"15144497911713","Große Symbole","TRUE",,"1542962335000","3",
"15144511125090","aufsteigend","TRUE",,"1605044415000","0",
"15144511125091","absteigend","FALSE",,"1605044415000","1",
"15144515204200","MB, KB, GB","FALSE",,"1605044438000","0",
"15144515204201","GB, MB, KB","TRUE",,"1605044438000","1",
"15144515204212","B, MB, GB","FALSE",,"1605044438000","2",
"15144515204213","TB, MB, GB","FALSE",,"1605044438000","3",
"15144520263090","ALT-Taste und Mausklick","FALSE",,"1605044457000","0",
"15144520263101","STRG-Taste und Mausklick","TRUE",,"1605044457000","1",
"15144520263102","Tab-Taste und Mausklick","FALSE",,"1605044457000","2",
"15144520263113","Umschalttaste und Mausklick","FALSE",,"1605044457000","3",
"15144524181590","ALT-Taste und Mausklick","FALSE",,"1605044471000","0",
"15144524181591","STRG-Taste und Mausklick","FALSE",,"1605044471000","1",
"15144524181592","Tab-Taste und Mausklick","FALSE",,"1605044471000","2",
"15144524181603","Umschalttaste und Mausklick","TRUE",,"1605044471000","3",
"15144540434580","STRG+ALT+ENTF-Tasten","TRUE",,"1605044548000","0",
"15144540434591","Umschalt+ALT+ENTF-Tasten","FALSE",,"1605044548000","1",
"15144540434592","ENTF-Taste","FALSE",,"1605044548000","2",
"15144542605610","mit der Firewall","FALSE",,"1514454260000","0",
"15144542605611","mit dem Taskmanager","TRUE",,"1514454260000","1",
"15144542605622","mit einer Spracherkennungssoftware","FALSE",,"1514454260000","2",
"15144564084690","Aktuelles.txt","TRUE",,"1514456408000","0",
"15144564084691","test.zip","FALSE",,"1514456408000","0",
"15144564084702","Linux.txt","FALSE",,"1514456408000","0",
"15163094954950","Menüband","TRUE",,"1516309855000","0",
"15163094954951","Verweispfeil","FALSE",,"1516309855000","1",
"15163094954962","Symbol","FALSE",,"1516309855000","2",
"15163094954963","Gruppe","FALSE",,"1516309855000","3",
"15163094955070","Menüband automatisch ausblenden","FALSE",,"1556954017000","0",
"15163094955071","Registerkarten anzeigen","FALSE",,"1556954017000","1",
"15163094955072","Registerkarten und Befehle anzeigen","TRUE",,"1556954017000","2",
"15163094955140","auf eine Gruppe","FALSE",,"1516309887000","0",
"15163094955141","auf ein Symbol","FALSE",,"1516309887000","1",
"15163094955152","Erweiterte Formatierungen","TRUE",,"1516309887000","2",
"15163098673480","ein Register","FALSE",,"1516309867000","0",
"15163098673481","eine Gruppe","TRUE",,"1516309867000","1",
"15163098673482","das Menüband","FALSE",,"1516309867000","2",
"15163098817360","auf eine Gruppe","FALSE",,"1516309881000","0",
"15163098817361","auf ein Symbol","TRUE",,"1516309881000","1",
"15163098817362","auf den Listenpfeil","FALSE",,"1516309881000","2",
"15163099028230","auf das Symbol Menüband-Anzeigeoptionen","TRUE",,"1516309902000","0",
"15163099028231","auf eine Gruppe","FALSE",,"1516309902000","1",
"15163099028232","auf das Menüband","FALSE",,"1516309902000","2",
"15163835012090","Menüband","TRUE",,"1516383501000","0",
"15163835012111","Verweispfeil","FALSE",,"1516383501000","1",
"15163835012112","Symbol","FALSE",,"1516383501000","2",
"15163835012113","Gruppe","FALSE",,"1516383501000","3",
"15190628509290","auf Webseiten öffentlich geführte Tagebücher","FALSE",,"1604489045000","0",
"15190628509291","kleine Textdateien, die Informationen über eine besuchte Webseite speichern","TRUE",,"1604489045000","1",
"15190628509302","elektronische Anfragen und Anträge an Behörden","FALSE",,"1604489045000","2",
"15190628509303","Bankgeschäfte, die über das Internet abgewickelt werden","FALSE",,"1604489045000","3",
"15190632035840","Der ISP schützt Kinder vor ungeeignete Inhalten im Internet.","FALSE",,"1530293770000","0",
"15190632035891","Der ISP ist ein elektronischer Brief.","FALSE",,"1530293770000","1",
"15190632035912","Der ISP  ermöglicht den Kund*innen den Zugang zum Internet.","TRUE",,"1530293770000","2",
"15190632035953","Der ISP  ist eine Verknüpfung zu einer Internetadresse.","FALSE",,"1530293770000","3",
"15190635511660","um Audio- oder Videodateien im Internet zur Verfügung zu stellen","FALSE",,"1519071616000","0",
"15190635511671","damit Betrüger zu Zugangsdaten gelangen","TRUE",,"1519071616000","1",
"15190635511672","als Zugang zum Internet","FALSE",,"1519071616000","2",
"15190635511683","um Werbeinhalte im Browser anzeigen zu können","FALSE",,"1519071616000","3",
"15190701942550","soziales Netzwerk","TRUE",,"1519071718000","0",
"15190701942561","unerwünschte E-Mail","FALSE",,"1519071718000","1",
"15190701942562","Online-Übersetzungsprogramm","FALSE",,"1519071718000","2",
"15190701942563","Verteilerliste","FALSE",,"1519071718000","3",
"15190703724490","Der Name des Empfängers der Kopie ist für andere Empfänger verborgen.","FALSE",,"1519071759000","0",
"15190703724501","Eine Kopie einer Nachricht wird an eine E-Mail-Adresse verschickt.","TRUE",,"1519071759000","1",
"15190703724502","hohe Priorität","FALSE",,"1519071759000","2",
"15190703724513","niedere Priorität","FALSE",,"1519071759000","3",
"15190705053840","Alle E-Mail-Adressen, die ins Bcc-Feld eingetragen sind, sind für andere Empfänger nicht sichtbar.","TRUE",,"1519071767000","0",
"15190705053851","Eine Kopie der Nachricht wird an eine E-Mail-Adresse verschickt.","TRUE",,"1519071767000","1",
"15190705053852","hohe Priorität","FALSE",,"1519071767000","2",
"15190705053853","niedere Priorität","FALSE",,"1519071767000","3",
"15190705580250","als ungelesen markieren","FALSE",,"1519072572000","0",
"15190705580261","als gelesen markieren","FALSE",,"1519072572000","1",
"15190705580262","hohe Priorität einstellen","TRUE",,"1519072572000","2",
"15190705580273","niedere Priorität einstellen","FALSE",,"1519072572000","3",
"15190706165090","als ungelesen markieren","TRUE",,"1519071790000","0",
"15190706165091","als gelesen markieren","FALSE",,"1519071790000","1",
"15190706165092","hohe Priorität einstellen","FALSE",,"1519071790000","2",
"15190706165103","niedere Priorität einstellen","FALSE",,"1519071790000","3",
"15190707690870","Werbung","TRUE",,"1519071806000","0",
"15190707690881","die gesuchte Erklärung zu einem Begriff","FALSE",,"1519071806000","1",
"15190707690882","das Attachment","FALSE",,"1519071806000","2",
"15190707690883","das Cookie","FALSE",,"1519071806000","3",
"15190708531830","unerwünschte E-Mail","FALSE",,"1519071812000","0",
"15190708531841","Adresse einer Webseite","TRUE",,"1519071812000","1",
"15190708531842","Anbieter für den Internetzugang","FALSE",,"1519071812000","2",
"15190708531843","Lokales Netzwerk","FALSE",,"1519071812000","3",
"15190709667460","Zugang zu persönlichen Informationen beschränken","FALSE",,"1519071825000","0",
"15190709667461","Standort deaktivieren","FALSE",,"1519071825000","1",
"15190709667472","Unbekannte Nutzer blockieren","FALSE",,"1519071825000","2",
"15190709667473","Dateianhang einer zugesendeten E-Mail generell nicht öffnen","TRUE",,"1519071825000","3",
"15190710312070","Der Absender der E-Mail erhält eine Nachricht über die Abwesenheit des E-Mail-Empfängers.","TRUE",,"1519071830000","0",
"15190710312081","zum Blockieren von Pop-ups","FALSE",,"1519071830000","1",
"15190710312092","um die Adresse des Absenders bekanntzugeben","FALSE",,"1519071830000","2",
"15190710312093","um eine Einladung abzulehnen","FALSE",,"1519071830000","3",
"15190710961530","Vollständigkeit des Impressum kontrollieren","FALSE",,"1519071834000","0",
"15190710961541","Qualität des Inhalts beurteilen","FALSE",,"1519071834000","1",
"15190710961552","Https: Zertifikat ansehen","FALSE",,"1519071834000","2",
"15190710961553","auf günstige Angebote überprüfen","TRUE",,"1519071834000","3",
"15190715074630","ein auf einer Webseite öffentlich geführtes Tagebuch","FALSE",,"1519071507000","0",
"15190715074631","kleine Textdateien, die Informationen über eine besuchte Webseite speichern","FALSE",,"1519071507000","1",
"15190715074642","Bürger*innen können elektronische Anfragen und Anträge an Behörden stellen.","TRUE",,"1519071507000","2",
"15190715074643","Bankgeschäfte, die über das Internet abgewickelt werden","FALSE",,"1519071507000","3",
"15190715477730","E-Mails schützen Kinder vor ungeeignete Inhalten im Internet.","FALSE",,"1519071547000","0",
"15190715477731","E-Mails ermöglichen Kund*innen den Zugang zum Internet.","FALSE",,"1519071547000","1",
"15190715477742","E-Mails sind Verknüpfungen zu Internetadressen","FALSE",,"1519071547000","2",
"15190715477743","E-Mails sind elektronische Briefe.","TRUE",,"1519071547000","3",
"15190716066840","damit Betrüger zu Zugangsdaten gelangen","FALSE",,"1519118802000","0",
"15190716066851","zum schnellen Auffinden von schon einmal besuchten Webseiten","FALSE",,"1519118802000","1",
"15190716066852","um Audio- oder Videodateien im Internet zur Verfügung zu stellen","FALSE",,"1519118802000","2",
"15190716066863","um Werbeinhalte im Browser anzeigen zu können","TRUE",,"1519118802000","3",
"15190716302940","Er ermöglicht Kund*innen einen Zugang zum Internet.","FALSE",,"1519071630000","0",
"15190716302941","Audio- oder Videodateien werden im Internet zur Verfügung zu gestellt.","TRUE",,"1519071630000","1",
"15190716302942","Betrüger versuchen an Zugangsdaten zu gelangen.","FALSE",,"1519071630000","2",
"15190716302953","Werbeinhalte werden im Browser anzeigen.","FALSE",,"1519071630000","3",
"15190717134710","Kontaktdaten des Absenders werden in einer E-Mail angegeben.","TRUE",,"1519071713000","0",
"15190717134711","Versuche, Anwender per E-Mail auf gefälschte Webseiten umzulenken","FALSE",,"1519071713000","1",
"15190717134722","Gutes und angemessenes Benehmen im Internet","FALSE",,"1519071713000","2",
"15190717134723","Ein Dienst zur Übertragung von kurzen Textnachrichten mit dem Smartphone","FALSE",,"1519071713000","3",
"15190717396880","ein Online-Übersetzungsprogramm","FALSE",,"1519118827000","0",
"15190717396891","eine unerwünschte E-Mail","FALSE",,"1519118827000","1",
"15190717396892","ein soziales Netzwerk","FALSE",,"1519118827000","2",
"15190717396903","eine Liste von E-Mail-Adressen, an die gleichzeitig eine E-Mail gesendet werden kann","TRUE",,"1519118827000","3",
"15190717548870","ein soziales Netzwerk","FALSE",,"1519071754000","0",
"15190717548881","eine unerwünschte E-Mail","TRUE",,"1519071754000","1",
"15190717548882","ein Online-Übersetzungsprogramm","FALSE",,"1519071754000","2",
"15190717548883","eine Liste von E-Mail-Adressen, an die gleichzeitig eine E-Mail gesendet werden kann","FALSE",,"1519071754000","3",
"15190719634930","zum schnellen Auffinden von schon einmal besuchten Webseiten","TRUE",,"1519118796000","0",
"15190719634931","um für einen Betrüger zu Zugangsdaten zu gelangen","FALSE",,"1519118796000","1",
"15190719634932","um Audio- oder Videodateien im Internet zur Verfügung zu stellen","FALSE",,"1519118796000","2",
"15190719634943","um Werbeinhalte im Browser anzeigen zu können","FALSE",,"1519118796000","3",
"15190722816760","Inhaltsfilter sind Verknüpfungen zu Internetadressen.","FALSE",,"1519072281000","0",
"15190722816761","Sie ermöglichen den Kund*innen den Zugang zum Internet.","FALSE",,"1519072281000","1",
"15190722816762","Es sind elektronische Briefe.","FALSE",,"1519072281000","2",
"15190722816773","Sie schützen Kinder vor ungeeigneten Inhalten im Internet.","TRUE",,"1519072281000","3",
"15190728475950","damit Pop-ups nicht mehr erscheinen","FALSE",,"1519072847000","0",
"15190728475961","damit beim Starten des Browsers die festglegte Seite erscheint","TRUE",,"1519072847000","1",
"15190728475962","damit der Computer vor Angriffen von außen geschützt ist","FALSE",,"1519072847000","2",
"15190728475963","damit Suchbegriffe schneller gefunden werden","FALSE",,"1519072847000","3",
"15190741136120","gutes und angemessenes Benehmen im Internet","TRUE",,"1519074113000","0",
"15190741136121","Versuche, Anwender per E-Mail auf gefälschte Webseiten umzuleiten","FALSE",,"1519074113000","1",
"15190741136132","Kontaktdaten des Absenders werden in einer E-Mail angegeben","FALSE",,"1519074113000","2",
"15190741136133","Dienst zur Übertragung von kurzen Textnachrichten mit dem Smartphone","FALSE",,"1519074113000","3",
"15191101731180","office","FALSE",,"1519110173000","0",
"15191101731181","info","TRUE",,"1519110173000","1",
"15191101731192","@","FALSE",,"1519110173000","2",
"15191101731193","example","FALSE",,"1519110173000","3",
"15191184321880","schützen Kinder vor ungeeignete Inhalten im Internet","FALSE",,"1519118729000","0",
"15191184321881","sindelektronische Briefe","FALSE",,"1519118729000","1",
"15191184321892","sind Verknüpfungen zu Internetadressen","TRUE",,"1519118729000","2",
"15191184321893","ermöglichen den Kund*innen den Zugang zum Internet","FALSE",,"1519118729000","3",
"15191188852360","ein elektronischer Brief","FALSE",,"1519118885000","0",
"15191188852391","ein Programm zum Betrachten von Webseiten","TRUE",,"1519118885000","1",
"15191188852422","eine kleine Textdatei, die Informationen über eine besuchte Webseite speichert","FALSE",,"1519118885000","2",
"15191188852473","ein soziales Netzwerk","FALSE",,"1519118885000","3",
"15191193057110","Online-Handel","TRUE",,"1519119305000","0",
"15191193057121","Online-Community","FALSE",,"1519119305000","1",
"15191193057132","E-Governement","FALSE",,"1519119305000","2",
"15191193057143","E-Learning","FALSE",,"1519119305000","3",
"15191194190990","Kontaktdaten des Absenders werden in einer E-Mail angegeben.","FALSE",,"1519119419000","0",
"15191194190991","Versuche, Anwender per E-Mail auf gefälschte Webseiten umzulenken","FALSE",,"1519119419000","1",
"15191194190992","Gutes und angemessenes Benehmen im Internet","FALSE",,"1519119419000","2",
"15191194191003","Ein Dienst zur Übertragung von kurzen Textnachrichten mit dem Smartphone","TRUE",,"1519119419000","3",
"15191202192650","damit die Daten verschlüsselt sind","TRUE",,"1519120219000","0",
"15191202192661","damit bei einem unbefugten Zugriff auf die Daten diese nicht gelesen werden können","TRUE",,"1519120219000","1",
"15191202192672","damit für Kinder ungeeignete Inhalte nicht aufgerufen werden","FALSE",,"1519120219000","2",
"15191202192673","damit der Browser schneller Seiten aufruft","FALSE",,"1519120219000","3",
"15197608036850","Es erkennt Viren.","TRUE",,"1611594279000","0",
"15197608036861","Es startet den Rechner neu.","FALSE",,"1611594279000","1",
"15197608036872","Es erstellt eine Datensicherung.","FALSE",,"1611594279000","2",
"15197608036873","Es löscht Viren.","TRUE",,"1611594279000","3",
"15197608037050","A","TRUE",,"1606395217000","0",
"15197608037051","B","TRUE",,"1606395217000","1",
"15197608037052","C","FALSE",,"1606395217000","2",
"15197608037063","D","TRUE",,"1606395217000","3",
"15197608037370","A","TRUE",,"1606395153000","0",
"15197608037381","B","FALSE",,"1606395153000","1",
"15197608037382","C","FALSE",,"1606395153000","2",
"15197608037383","D","FALSE",,"1606395153000","3",
"15197608037400","A","FALSE",,"1606395199000","0",
"15197608037411","B","FALSE",,"1606395199000","1",
"15197608037412","C","TRUE",,"1606395199000","2",
"15197608037413","D","FALSE",,"1606395199000","3",
"15197608037430","A","FALSE",,"1606395202000","0",
"15197608037441","B","TRUE",,"1606395202000","1",
"15197608037442","C","FALSE",,"1606395202000","2",
"15197608037443","D","FALSE",,"1606395202000","3",
"15197608037490","Windows 11 Pro","TRUE",,"1601448148000","0",
"15197608037501","RAM: 16 GB","TRUE",,"1601448148000","1",
"15197608037502","Intel(R) Core(TM) i5","FALSE",,"1601448148000","2",
"15197608037513","2,10 GHZ","TRUE",,"1601448148000","3",
"15197608037570","intern","FALSE",,"1601448156000","0",
"15197608037571","extern","TRUE",,"1601448156000","1",
"15197608037590","intern","TRUE",,"1601448343000","0",
"15197608037601","extern","FALSE",,"1601448343000","1",
"15197608037620","Größe des Ordners: 191 GB","TRUE",,"1601448363000","0",
"15197608037621","599 Ordner im Ordner Bilder","TRUE",,"1601448363000","1",
"15197608037622","Der Ordner Bilder wurde 2017 erstellt.","FALSE",,"1601448363000","2",
"15197608037633","Im Ordner Bilder finden sich 599 Dateien.","FALSE",,"1601448363000","3",
"15224742382420","keine Werbung","FALSE",,"1603475772000","0",
"15224742382431","Versteckte Kosten","TRUE",,"1603475772000","1",
"15224742382432","Unnötiger Ressourcenverbrauch","TRUE",,"1603475772000","2",
"15224742382433","Zugriff auf persönliche Daten","TRUE",,"1603475772000","3",
"15224742488150","Sie ist immer nützlich.","FALSE",,"1605788181000","0",
"15224742488151","Es handelt sich um Software, die zu Werbezwecke eingesetzt wird.","TRUE",,"1605788181000","1",
"15224742488162","Sie löscht Malware.","FALSE",,"1605788181000","2",
"15224742488163","Sie wird oft unabsichtlich zusätzlich mitinstalliert.","TRUE",,"1605788181000","3",
"15224744039850","Sie können Malware enthalten.","TRUE",,"1605788881000","0",
"15224744039851","Sie beinhalten immer Malware.","FALSE",,"1605788881000","1",
"15224744039862","Sie sollten, wenn sie von unbekannten Absendern kommen, gelöscht werden.","TRUE",,"1605788881000","2",
"15224744039863","Man benötigt zum Öffnen ein Passwort.","FALSE",,"1605788881000","3",
"15224748829740","Schreddern einer Festplatte","TRUE",,"1605789359000","0",
"15224748829741","Schnellformatierung eines Laufwerks","FALSE",,"1605789359000","1",
"15224748829752","Entmagnetisieren einer Festplatte","TRUE",,"1605789359000","2",
"15224748829753","Entsorgung der Festplatte mit dem Computer","FALSE",,"1605789359000","3",
"15224749734890","Den Müll von Personen durchsuchen","TRUE",,"1605789361000","0",
"15224749734901","Antiviren-Programme verwenden","FALSE",,"1605789361000","1",
"15224749734902","Daten löschen","FALSE",,"1605789361000","2",
"15224749734903","Daten verschlüsseln","FALSE",,"1605789361000","3",
"15224767570590","Die Daten in der Buchhaltung aktuell zu halten","FALSE",,"1605792511000","0",
"15224767570601","Benutzerrechte der User verwalten","TRUE",,"1605792511000","1",
"15224767570602","Datennetze überwachen","TRUE",,"1605792511000","2",
"15224767570603","Sicherheitsupdates durchführen","TRUE",,"1605792511000","3",
"15224776417240","Sie können Malware enthalten.","TRUE",,"1605795225000","0",
"15224776417241","Sie sind immer schädlich.","FALSE",,"1605795225000","1",
"15224776417252","Makros sind als Programme (z. B. in Word-Dokumente) eingebettet.","TRUE",,"1605795225000","2",
"15224776417253","Sie sollen immer deaktiviert werden.","FALSE",,"1605795225000","3",
"15224777161770","Eine sichere Webseite","FALSE",,"1605795359000","0",
"15224777161781","Informationsbeschaffung durch Beobachtung bei der Eingabe von Daten","FALSE",,"1605795359000","1",
"15224777161782","Speicherort für verdächtige Dateien","FALSE",,"1605795359000","2",
"15224777161783","Betrugsmethode, bei der ein Anwender auf eine gefälschte Webseite umgeleitet wird","TRUE",,"1605795359000","3",
"15224780443060","Es sind unerwünschte Werbemails.","FALSE",,"1605795633000","0",
"15224780443061","Betrüger spionieren das persönliche Umfeld ihres Opfers aus.","TRUE",,"1605795633000","1",
"15224780443072","Personen werden zur Herausgabe von vertraulichen Informationen bewegt.","TRUE",,"1605795633000","2",
"15224780443073","Es werden Identitäten vorgetäuscht.","TRUE",,"1605795633000","3",
"15224782059870","ohne die Eingabe von Benutzername und Passwort","FALSE",,"1522478205000","0",
"15224782059881","verschlüsselt","TRUE",,"1522478205000","1",
"15224782059882","besonders schnell","FALSE",,"1522478205000","2",
"15224782059893","unverschlüsselt","FALSE",,"1522478205000","3",
"15224783259220","Die Webseite muss vertrauenswürdig sein.","FALSE",,"1522495798000","0",
"15224783259221","Daten müssen vor Missbrauch geschützt werden.","FALSE",,"1522495798000","1",
"15224783259232","Daten müssen jederzeit zur Verfügung stehen.","TRUE",,"1522495798000","2",
"15224783259233","Es handelt sich um eine Zugriffskontrolle zum Internet.","FALSE",,"1522495798000","3",
"15224783938650","Höhere Gewalt","TRUE",,"1522495897000","0",
"15224783938691","Phishing","FALSE",,"1522495897000","1",
"15224783938742","Multi-Faktor-Autentifizierung","FALSE",,"1522495897000","2",
"15224783938773","Ein Hackerangriff","FALSE",,"1522495897000","3",
"15224785538440","Die Webseite ist durch die Verschlüsselung mit https eine sichere Webseite.","FALSE",,"1522478553000","0",
"15224785538451","Computer werden durch ein Sicherungskabel gegen Diebstahl gesichert.","FALSE",,"1522478553000","1",
"15224785538452","Jemand ruft beim Provider an und bittet für für eine E-Mail-Adresse die Zugangsdaten.","TRUE",,"1522478553000","2",
"15224785538523","Eine Sekretärin einer Firma wird von einem Servicetechniker angerufen, der nach Zugangsdaten fragt.","TRUE",,"1522478553000","3",
"15224786129140","Sicheres Verfahren zur Verschlüsselung von drahtlosen Netzwerken (WLAN)","TRUE",,"1522478612000","0",
"15224786129141","Kindersicherung","FALSE",,"1522478612000","1",
"15224786129152","Inhaltefilter","FALSE",,"1522478612000","2",
"15224786129153","Abkürzung für Wi-Fi Protected Access","TRUE",,"1522478612000","3",
"15224786841260","... verhindert die Bedrohung durch höhere Gewalt.","FALSE",,"1603544279000","0",
"15224786841271","... verhindert den Befall des Computers durch Malware.","FALSE",,"1603544279000","1",
"15224786841272","... soll einen Diebstahl des Computers verhindern.","TRUE",,"1603544279000","2",
"15224786841273","... soll die Datenlöschung verhindern.","FALSE",,"1603544279000","3",
"15224787899830","Informationen und Daten sind dasselbe.","FALSE",,"1605797785000","0",
"15224787899831","Zu Mittag ist es um drei Grad wärmer - dies ist eine Information, die aus Daten gewonnen wurde.","TRUE",,"1605797785000","1",
"15224787899842","Das heutige Datum ist dem Begriff Daten zuzuordnen.","TRUE",,"1605797785000","2",
"15224787899843","Informationen werden aus Daten gewonnen.","TRUE",,"1605797785000","3",
"15224789488710","Dialer gibt es nur auf einem Laptop.","FALSE",,"1605797906000","0",
"15224789488721","Es ist Malware, die ungefragt eine teure Verbindung (z. B. Handy-Dialer) herstellt.","TRUE",,"1605797906000","1",
"15224789488722","Ein Dialer kann teure Premium SMS versenden.","TRUE",,"1605797906000","2",
"15224789488723","Die Infektion kann über Bluetooth, mit einer SMS, einem Download oder einer App erfolgen.","TRUE",,"1605797906000","3",
"15224790910050","Es dient zur Vernetzung von Niederlassungen von Unternehmen.","TRUE",,"1522479091000","0",
"15224790910051","Ein Außendienstmitarbeiter verbindet sich per VPN über das Internet mit dem firmeneigenen Netzwerk.","TRUE",,"1522479091000","1",
"15224790910062","Es ist unverschlüsselt.","FALSE",,"1522479091000","2",
"15224790910063","Es ist verschlüsselt und daher sicherer.","TRUE",,"1522479091000","3",
"15224792310870","Es gilt nur einmal.","TRUE",,"1522479231000","0",
"15224792310871","Es gilt nur für eine kurze Zeit, z. B. 5 Minuten.","TRUE",,"1522479231000","1",
"15224792310882","Es wird für die Authentifizierung (z. B. eBanking) verwendet.","TRUE",,"1522479231000","2",
"15224792310883","Es gilt mehrfach.","FALSE",,"1522479231000","3",
"15224793316900","...können verwendet werden, um gezielter Werbung zu machen.","TRUE",,"1522479331000","0",
"15224793316911","...sind kleine Textdateien.","TRUE",,"1522479331000","1",
"15224793316912","...können im Browser blockiert und gelöscht werden.","TRUE",,"1522479331000","2",
"15224793316923","...sind Malware.","FALSE",,"1522479331000","3",
"15224793924580","Überprüfung der inhaltlichen Qualität","TRUE",,"1604562533000","0",
"15224793924591","Überprüfung der Kontaktdaten","TRUE",,"1604562533000","1",
"15224793924602","Überprüfung auf schöne Fotos","FALSE",,"1604562533000","2",
"15224793924603","Überprüfung des Sicherheitszertifikats (https)","TRUE",,"1604562533000","3",
"15224813810270","als Chat","TRUE",,"1605789366000","0",
"15224813810281","zum Mitschicken von Anhängen","TRUE",,"1605789366000","1",
"15224813810282","für eine Unterhaltung mit Textnachrichten in Echtzeit","TRUE",,"1605789366000","2",
"15224813810283","zum Mitprotokollieren von Tastatureingaben","FALSE",,"1605789366000","3",
"15224814232000","zum Verschlüsseln von Daten","FALSE",,"1605792234000","0",
"15224814232011","zum Schutz vor Malware","FALSE",,"1605792234000","1",
"15224814232012","zum Aufzeichnen der Tastatureingabe und Weitergabe der Daten an Betrüger","TRUE",,"1605792234000","2",
"15224814232023","zum Schutz der Kinder vor ungeeigneten Webinhalten","FALSE",,"1605792234000","3",
"15224814511090","PIN: Persönliche Identifikationsnummer","TRUE",,"1605792235000","0",
"15224814511091","VPN: Virtuell Private Network","FALSE",,"1605792235000","1",
"15224814511092","LAN: Local Area Network","FALSE",,"1605792235000","2",
"15224814511103","WLAN: Wireless Local Network","FALSE",,"1605792235000","3",
"15224986642710","... mit einem Passwort geschützt sein.","TRUE",,"1522498664000","0",
"15224986642711","... zuhause offen sein.","FALSE",,"1522498664000","1",
"15224986642722","... verschlüsselt die Daten übertragen (WPA2).","TRUE",,"1522498664000","2",
"15224986642723","... so eingestellt sein, dass ein ungefragter Zugriff nicht möglich ist.","TRUE",,"1522498664000","3",
"15257845417140","temporären Internetdateien","TRUE",,"1605803347000","0",
"15257845417211","eventuell gespeicherten Passwörter","TRUE",,"1605803347000","1",
"15257845417222","gespeicherten Formulardaten","TRUE",,"1605803347000","2",
"15257845417223","Webseite","FALSE",,"1605803347000","3",
"15257845417310","besuchte Seiten","TRUE",,"1605803466000","0",
"15257845417321","eingegebene Suchbegriffe","TRUE",,"1605803466000","1",
"15257845417332","aktive Logins","TRUE",,"1605803466000","2",
"15257845417333","Website-Einstellungen","FALSE",,"1605803466000","3",
"15257845417360","Das Foto ist garantiert endgültig gelöscht.","FALSE",,"1605803658000","0",
"15257845417361","Das Foto könnte schon jemand gespeichert haben.","TRUE",,"1605803658000","1",
"15257845417372","Das Foto könnte nicht endgültig gelöscht sein.","TRUE",,"1605803658000","2",
"15257845417560","Rootkit (ist auf dem Computer installiert)","TRUE",,"1605803912000","0",
"15257845417571","Shoulder Surfing","FALSE",,"1605803912000","1",
"15257845417572","Ransomware","FALSE",,"1605803912000","2",
"15257845417573","Phishing","FALSE",,"1605803912000","3",
"15257845417590","Skimming","FALSE",,"1605803933000","0",
"15257845417591","Shoulder Surfing","FALSE",,"1605803933000","1",
"15257845417602","Social Engineering","TRUE",,"1605803933000","2",
"15257845417603","Phishing","FALSE",,"1605803933000","3",
"15257845417650","damit sich die Nutzer*innen authentifizieren müssen","FALSE",,"1605803986000","0",
"15257845417661","um den Computer vor Schaden zu bewahren","TRUE",,"1605803986000","1",
"15257845417662","damit ein Backup des Computers vorhanden ist","FALSE",,"1605803986000","2",
"15257845417663","damit diese Dateien nicht mehr aufgerufen werden können","TRUE",,"1605803986000","3",
"15257845417680","ein Backup des Computers","TRUE",,"1605804011000","0",
"15257845417691","das Antiviren-Programm","FALSE",,"1605804011000","1",
"15257845417692","das Zugangspasswort für den Computer","FALSE",,"1605804011000","2",
"15257845417693","alle E-Mails","FALSE",,"1605804011000","3",
"15257845417710","Josef postet die Anfrage über WhatsApp an alle der Gruppe.","FALSE",,"1605804021000","0",
"15257845417711","Josef postet die Anfrage über WhatsApp nur an Christoph.","TRUE",,"1605804021000","1",
"15257845417722","Josef schickt eine E-Mail an Christoph.","TRUE",,"1605804021000","2",
"15257845417723","Josef postet die Anfrage bei Facebook so, dass es auch Freunde von Freunden sehen.","FALSE",,"1605804021000","3",
"15257845417780","einen Trojaner","FALSE",,"1605804331000","0",
"15257845417791","ein LAN (Local Area Network)","FALSE",,"1605804331000","1",
"15257845417792","ein WAN (Wide Area Network)","TRUE",,"1605804331000","2",
"15257845417803","ein Intranet","FALSE",,"1605804331000","3",
"15257845417840","Herr A. wurde Opfer von Skimming.","FALSE",,"1605804441000","0",
"15257845417841","Die vorgebliche Sicherheits-Software ist ein Trojaner.","TRUE",,"1605804441000","1",
"15257845417842","Herr A. wurde Opfer von Social-Engineering.","FALSE",,"1605804441000","2",
"15257845417860","Firewall","FALSE",,"1605804469000","0",
"15257845417861","Pretexting","TRUE",,"1605804469000","1",
"15257845417872","WAN","FALSE",,"1605804469000","2",
"15257845417873","Ethisches Hacking","FALSE",,"1605804469000","3",
"15257845417880","Backup","FALSE",,"1605804476000","0",
"15257845417891","Firewall","FALSE",,"1605804476000","1",
"15257845417892","Passwort-Cracking","TRUE",,"1605804476000","2",
"15257845417893","Benutzernamen","FALSE",,"1605804476000","3",
"15257845417950","Er löscht in der Chronik die Cookies.","FALSE",,"1605804504000","0",
"15257845417951","Er löscht in der Chronik die Formulardaten.","TRUE",,"1605804504000","1",
"15257845417962","Er löscht in der Chronik die ""Besuchte Seiten"".","FALSE",,"1605804504000","2",
"15257845417970","damit im E-Mailverkehr Spam abgewiesen wird","FALSE",,"1605804482000","0",
"15257845417981","damit der Computer nicht gehackt wird","TRUE",,"1605804482000","1",
"15257845417982","damit nur sichere Passwörter verwendet werden","FALSE",,"1605804482000","2",
"15257845417983","damit Social Engineering verhindert wird","FALSE",,"1605804482000","3",
"15257850240180","12345678","FALSE",,"1605804364000","0",
"15257850240181","eT5wog","TRUE",,"1605804364000","1",
"15257850240192","Leonie18","FALSE",,"1605804364000","2",
"15257850240193","Salzburg","FALSE",,"1605804364000","3",
"15258457310950","Der Empfänger der Nachricht kann das gesendete Bild schon gespeichert haben.","TRUE",,"1605803448000","0",
"15258457310961","Die Nachricht ist zwar gelöscht, der Empfänger kann die Nachricht schon gelesen haben.","TRUE",,"1605803448000","1",
"15258457310962","Die Nachricht kann nicht mehr gelöscht werden.","FALSE",,"1605803448000","2",
"15258457310963","Die Nachricht wird beim Empfänger nicht gelöscht.","FALSE",,"1605803448000","3",
"15258459738860","Ein Keylogger-Programm hat seine Passwörter an Betrüger verschickt.","TRUE",,"1605803682000","0",
"15258459738871","Herr S. ist Opfer eines Identitätsdiebstahls geworden.","TRUE",,"1605803682000","1",
"15258459738872","Herr S. hat Cookies im Browser nie gelöscht.","FALSE",,"1605803682000","2",
"15258461901690","Skimming","TRUE",,"1605803954000","0",
"15258461901701","Shoulder Surfing","FALSE",,"1605803954000","1",
"15258461901702","Social Engineering","FALSE",,"1605803954000","2",
"15258461901703","Phishing","FALSE",,"1605803954000","3",
"15263696332660","Skimming","FALSE",,"1526369633000","0",
"15263696332661","Shoulder Surfing","FALSE",,"1526369633000","1",
"15263696332672","Malware wurde installiert.","TRUE",,"1526369633000","2",
"15263696332673","Eventuell wurde ein Rootkit installiert.","TRUE",,"1526369633000","3",
"15269071995320","Die installierte Antiviren-App","FALSE",,"1605802999000","0",
"15269071995391","Smartphone-Hersteller","FALSE",,"1605802999000","1",
"15269071995392","Persönliche Bilder","TRUE",,"1605802999000","2",
"15269071995403","Auflösung des Bildschirms","FALSE",,"1605802999000","3",
"15277971362920","STRG + Mausklick","FALSE",,"1605045906000","0",
"15277971362931","Umschalttaste + Mausklick","TRUE",,"1605045906000","1",
"15277971362932","ALT + Mausklick","FALSE",,"1605045906000","2",
"15277971362943","Windows-Taste + Mausklick","FALSE",,"1605045906000","3",
"15277972703580","WAN","FALSE",,"1605045918000","0",
"15277972703581","HDMI","FALSE",,"1605045918000","1",
"15277972703592","USB","FALSE",,"1605045918000","2",
"15277972703593","ISP (Internet Service Provider)","TRUE",,"1605045918000","3",
"15277974004640","WLAN","FALSE",,"1605045924000","0",
"15277974004651","Anbieter von Internetanschlüssen","FALSE",,"1605045924000","1",
"15277974004652","Netzwerk von Computern","TRUE",,"1605045924000","2",
"15277974004663","Lan","FALSE",,"1605045924000","3",
"15288973621120","Word Online","TRUE",,"1531320755000","0",
"15288973621151","Word, auf dem Computer installiert","FALSE",,"1531320755000","1",
"15288975971890","Malware","FALSE",,"1531320805000","0",
"15288975971891","Webbasierte Office-Anwendung","TRUE",,"1531320805000","1",
"15288975971902","Antiviren-Programm","FALSE",,"1531320805000","2",
"15288975971903","App Store","FALSE",,"1531320805000","3",
"15288983367590","Es wird am selben Dokument gearbeitet.","TRUE",,"1531320814000","0",
"15288983367601","Jeder der Personen arbeitet an einer Kopie des Dokuments.","FALSE",,"1531320814000","1",
"15288983367612","Jede der Personen muss mit dem Internet verbunden sein.","TRUE",,"1531320814000","2",
"15288983367623","Die Bearbeitungen am Dokument werden von allen Personen sofort gesehen.","TRUE",,"1531320814000","3",
"15302736936540","Man kann Datenspeicher gemeinsam nutzen.","TRUE",,"1606395207000","0",
"15302736936551","Man kann einen gemeinsamen Drucker verwenden.","TRUE",,"1606395207000","0",
"15302736936562","Man kann besser zusammenarbeiten.","TRUE",,"1606395207000","0",
"15302736936563","Es gibt keine Sicherheitsprobleme.","FALSE",,"1606395207000","0",
"15302738827500","liest den Inhalt des Bildschirms vor.","FALSE",,"1601448040000","0",
"15302738827511","dient zum Anzeigen von häufig verwendeten Ordnern.","TRUE",,"1601448040000","1",
"15302738827512","dient als offenes WLAN.","FALSE",,"1601448040000","2",
"15302738827523","dient zum Anzeigen von zuletzt verwendeten Dateien.","TRUE",,"1601448040000","3",
"15302740421080","ist der Computer sicher vor Viren.","FALSE",,"1530274042000","0",
"15302740421091","verlangsamt sich die Geschwindigkeit des Computers.","FALSE",,"1530274042000","1",
"15302740421102","erhöht sich die Download-Geschwindigkeit.","FALSE",,"1530274042000","2",
"15302740421103","erhöht sich die Geschwindigkeit des Computers.","TRUE",,"1530274042000","3",
"15302938498480","WAN","FALSE",,"1530293849000","0",
"15302938498491","HDMI","FALSE",,"1530293849000","1",
"15302938498502","USB","FALSE",,"1530293849000","2",
"15302938498503","ISP (Internet Service Provider)","TRUE",,"1530293849000","3",
"15302940189320","Das Programm wird hinzugefügt.","FALSE",,"1530294018000","0",
"15302940189331","Das Programm wird vom Computer entfernt.","TRUE",,"1530294018000","1",
"15302940189342","Eine Sicherungskopie wird gespeichert.","FALSE",,"1530294018000","2",
"15302940189343","Das Programm wird auf Viren überprüft.","FALSE",,"1530294018000","3",
"15302942419640","Datenspeicher gemeinsam nutzen","TRUE",,"1530294241000","0",
"15302942419651","Einen gemeinsamen Drucker verwenden","TRUE",,"1530294241000","1",
"15302942419662","Besser zusammenarbeiten können","TRUE",,"1530294241000","2",
"15302942419663","Sicherheitsprobleme verhindern","FALSE",,"1530294241000","3",
"15313183741630","Instant Messaging (Chat)","TRUE",,"1605954154000","0",
"15313183741631","Sie helfen Kompatibilitätsprobleme zu vermeiden.","TRUE",,"1605954154000","1",
"15313183741642","Sie erlauben Zugriff mit einer Internetverbindung von überall.","TRUE",,"1605954154000","2",
"15313183741643","Sie bieten 100 % Sicherheit vor Viren.","FALSE",,"1605954154000","3",
"15313185248970","Firewall","FALSE",,"1531318524000","0",
"15313185248971","Arbeiten in der Cloud","TRUE",,"1531318524000","1",
"15313185248972","Mehrere Nutzer*innen arbeiten gleichzeitig an einem Dokument.","TRUE",,"1531318524000","2",
"15313185248983","Meeting","TRUE",,"1531318524000","3",
"15313187979060","Gemeinsame Bearbeitung von Dokumenten","FALSE",,"1531318797000","0",
"15313187979071","Podcast","FALSE",,"1531318797000","1",
"15313187979072","Online-Präsentationen","FALSE",,"1531318797000","2",
"15313187979073","SD-Card","TRUE",,"1531318797000","3",
"15313190219510","offline arbeiten","FALSE",,"1531319021000","0",
"15313190219511","Ressourcen gemeinsam nutzen","TRUE",,"1531319021000","1",
"15313190219522","lokal installierter Software wie Word nutzen","FALSE",,"1531319021000","2",
"15313190219523","Dateien am Computer speichern","FALSE",,"1531319021000","3",
"15313192246430","Geringe Reisekosten","TRUE",,"1531320004000","0",
"15313192246441","Mehr persönlicher Kontakt als bei einem Treffen im Besprechungsraum","FALSE",,"1531320004000","1",
"15313192246442","Besprechungen von geographisch weit entfernten Personen sind kurzfristig möglich","TRUE",,"1531320004000","2",
"15313192246453","Teilnehmende können offline sein","FALSE",,"1531320004000","3",
"15313206856320","WhatsApp","TRUE",,"1531320685000","0",
"15313206856321","Online-Community wie Facebook","TRUE",,"1531320685000","1",
"15313206856332","Weblogs","FALSE",,"1531320685000","2",
"15313206856333","Podcasts","FALSE",,"1531320685000","3",
"15313210054370","Lernplattform","TRUE",,"1531321005000","0",
"15313210054381","Moodle","TRUE",,"1531321005000","1",
"15313210054382","Linux","FALSE",,"1531321005000","2",
"15313210054393","Gimp","FALSE",,"1531321005000","3",
"15313212612730","Limitierte Speicherkapazität","FALSE",,"1531321261000","0",
"15313212612741","Zugriff auf Online-Speicherplatz","TRUE",,"1531321261000","1",
"15313212612742","Internetzugang","TRUE",,"1531321261000","2",
"15313212612753","Ein Drucker am Arbeitsplatz","FALSE",,"1531321261000","3",
"15313215802870","Jeder Teilnehmende hat eine eigene Version des Dokuments zur Verfügung.","FALSE",,"1531321580000","0",
"15313215802871","Es gibt nur eine Version des Dokuments.","TRUE",,"1531321580000","1",
"15313215802882","Es werden weniger Computer benötigt.","FALSE",,"1531321580000","2",
"15313215802883","Jeder Teilnehmende arbeitet offline.","FALSE",,"1531321580000","3",
"15313217104400","Identitätsdiebstahl","FALSE",,"1531321710000","0",
"15313217104401","Lerninhalte werden online bereitgestellt und Lernvorgänge organisiert.","TRUE",,"1531321710000","1",
"15313217104412","LMS (Lern-Management-
System)","TRUE",,"1531321710000","2",
"15313217104413","Web-Konferenz","FALSE",,"1531321710000","3",
"15313220653810","Die Programmversion am Computer entspricht nicht der Version online.","FALSE",,"1604424832000","0",
"15313220653811","Identitätsdiebstahl","TRUE",,"1604424832000","1",
"15313220653812","Datendiebstahl","TRUE",,"1604424832000","2",
"15313220653823","Serviceunterbrechungen","TRUE",,"1604424832000","3",
"15313815536950","Microblogging","FALSE",,"1606934766000","0",
"15313815536951","Podcast","TRUE",,"1606934766000","1",
"15313815536962","Soziales Netzwerk","FALSE",,"1606934766000","2",
"15313815536963","Synchronisation","FALSE",,"1606934766000","3",
"15313816445540","Die Kalender-App wird auf jedem Gerät entfernt.","FALSE",,"1531381644000","0",
"15313816445541","Die Kalender-App wird auf jedem Gerät installiert.","FALSE",,"1531381644000","1",
"15313816445552","Der Kalendereintrag ist auf einem Gerät noch nicht vorhanden.","FALSE",,"1531381644000","2",
"15313816445553","Der Kalendereintrag ist auf jedem Gerät vorhanden.","TRUE",,"1531381644000","3",
"15313819586450","Microblogging","FALSE",,"1531381958000","0",
"15313819586451","Social Media App","TRUE",,"1531381958000","1",
"15313819586452","Word Online","FALSE",,"1531381958000","2",
"15313819586463","Online-Kalender","FALSE",,"1531381958000","3",
"15313930774920","Ortsunabhängiger Zugriff auf online gespeicherte Dokumente","TRUE",,"1531393077000","0",
"15313930774931","Benutzername und Passwort müssen nicht eingegeben werden.","FALSE",,"1531393077000","1",
"15313930774932","Anbieter einer Cloud bieten ihre Dienste immer kostenlos an.","FALSE",,"1531393077000","2",
"15313930774943","Der Zugriff auf Anwendungen wie Kalender, Dokumente usw. ist auch von Handys oder Tablets aus möglich.","TRUE",,"1531393077000","3",
"15313986091200","Instant Messaging (IM)","FALSE",,"1604424172000","0",
"15313986091211","Learning Management System","TRUE",,"1604424172000","1",
"15313986091222","Plug-in","FALSE",,"1604424172000","2",
"15313986091223","Computernetzwerk","FALSE",,"1604424172000","3",
"15313987957130","Das Plug-in Flashplayer zu installieren","TRUE",,"1604424391000","0",
"15313987957141","Die Firewall zu deaktivieren","FALSE",,"1604424391000","1",
"15313987957142","Ein Laufwerk freizugeben","FALSE",,"1604424391000","2",
"15313987957143","Den Computer neu zu starten","FALSE",,"1604424391000","3",
"15314002745840","Die Versionsverwaltung muss aktiv sein.","TRUE",,"1604424394000","0",
"15314002745851","Das Dokument muss heruntergeladen werden.","FALSE",,"1604424394000","1",
"15314002745852","Die Mobilität muss erhöht werden.","FALSE",,"1604424394000","2",
"15314002745863","Der Provider muss kontaktiert werden.","FALSE",,"1604424394000","3",
"15314005068950","ein Learning Management System","FALSE",,"1605954168000","0",
"15314005068951","Papier und Stift","FALSE",,"1605954168000","1",
"15314005068962","einen Blog","TRUE",,"1605954168000","2",
"15314005068963","ein Plug-in","FALSE",,"1605954168000","3",
"15314014752500","VOIP","FALSE",,"1604681628000","0",
"15314014752501","Podcast","TRUE",,"1604681628000","1",
"15314014752512","Microblogging","FALSE",,"1604681628000","2",
"15314014752513","Meeting","FALSE",,"1604681628000","3",
"15314025220860","Er verwendet Word Online.","TRUE",,"1604424129000","0",
"15314025220861","Florian lädt seinen Freund nach Hause ein.","FALSE",,"1604424129000","1",
"15314025220862","Florian schickt E-Mails.","FALSE",,"1604424129000","2",
"15314025220873","Florian verwendet Instant Messaging.","FALSE",,"1604424129000","3",
"15315703306130","Sie verwendet einen Online-Datenspeicher.","TRUE",,"1605079789000","0",
"15315703306141","Sie nimmt die Fotos auf einer DVD mit.","FALSE",,"1605079789000","1",
"15315703306142","Sie lädt ihre Freundinnen zu sich nachhause ein.","FALSE",,"1605079789000","2",
"15315703306153","Sie nimmt eine externe Festplatte mit.","FALSE",,"1605079789000","3",
"15315710759550","Download der Termine","FALSE",,"1604422347000","0",
"15315710759551","Synchronisation der Termine","TRUE",,"1604422347000","1",
"15315710759552","Word Online","FALSE",,"1604422347000","2",
"15315710759563","Virtuelle Lernumgebung","FALSE",,"1604422347000","3",
"15315713143960","... aus dem App-Store","TRUE",,"1531572400000","0",
"15315713143971","... aus den Einstellungen","FALSE",,"1531572400000","1",
"15315713143982","... vom USB-Stick","FALSE",,"1531572400000","2",
"15315713143983","... von der lokalen Festplatte","FALSE",,"1531572400000","3",
"15315719082200","Virenschutz","FALSE",,"1604681909000","0",
"15315719082201","Urheberrecht","TRUE",,"1604681909000","1",
"15315719082202","Größe des Online-Datenspeichers","FALSE",,"1604681909000","2",
"15315719082213","Synchronisierung der Daten","FALSE",,"1604681909000","3",
"15315721064400","Die Freundin mit der E-Mail-Adresse zur Bearbeitung des Dokuments (Word-Online) einladen","TRUE",,"1604423313000","0",
"15315721064411","Einen Blog einrichten","FALSE",,"1604423313000","1",
"15315721064412","Ein Posting kommentieren","FALSE",,"1604423313000","2",
"15315721064413","Ein neues Thema in einem Diskussionsforum eröffnen","FALSE",,"1604423313000","3",
"15315722666410","Es gibt keine Internetverbindung.","FALSE",,"1604424397000","0",
"15315722666411","Die Bluetooth-Verbindung ist nicht aktiviert.","FALSE",,"1604424397000","1",
"15315722666422","Die Speicherkapazität des Datenspeichers ist limitiert und zu gering.","TRUE",,"1604424397000","2",
"15315722666423","Die Daten im Kalender wurden nicht synchronisiert.","FALSE",,"1604424397000","3",
"15315728582490","Microblog","FALSE",,"1604423412000","0",
"15315728582501","Desktop-Sharing","TRUE",,"1604423412000","1",
"15315728582502","Online-Datenspeicher","FALSE",,"1604423412000","2",
"15315728582503","Plug-in","FALSE",,"1604423412000","3",
"15429168614680","Festplatte","FALSE",,"1606812103000","0",
"15429168614681","RAM bzw. Hauptspeicher","TRUE",,"1606812103000","1",
"15429168614682","Read Only Memory (ROM)","FALSE",,"1606812103000","2",
"15429168614693","USB","FALSE",,"1606812103000","3",
"15429180627350","... vergibt Zugriffsrechte auf Netzwerke.","TRUE",,"1605721377000","0",
"15429180627361","... führt die Buchhaltung.","FALSE",,"1605721377000","1",
"15429180627362","... verwaltet die Benutzer*innen eines Netzwerkes.","TRUE",,"1605721377000","2",
"15429180627373","... ist für die Eingabe der Backup-Daten zuständig.","FALSE",,"1605721377000","3",
"15429184993260","Das Sichern von Notebooks mit einem Kabelschloss","FALSE",,"1542995784000","0",
"15429184993261","Eine fixe Ablaufplanung zur Datensicherung","TRUE",,"1542995784000","1",
"15429184993262","Eine gültige Benutzerlizenz","FALSE",,"1542995784000","2",
"15429184993273","Das Löschen von Cookies","FALSE",,"1542995784000","3",
"15429537290430","durch eine verlustbehaftete, sehr hohe Komprimierung","TRUE",,"1542953923000","0",
"15429537290441","durch eine verlustfreie (lossless) und hohe Komprimierung","FALSE",,"1542953923000","1",
"15429543168670","5 GB","FALSE",,"1606812052000","0",
"15429543168681","5 Bit","FALSE",,"1606812052000","1",
"15429543168682","5 Byte","TRUE",,"1606812052000","2",
"15429543168683","5 Megabyte","FALSE",,"1606812052000","3",
"15429556039050","Digital Versatile Disc","TRUE",,"1606812057000","0",
"15429556039061","Digital Volume Disc","FALSE",,"1606812057000","1",
"15429556039062","Double Volume Disc","FALSE",,"1606812057000","2",
"15429560465470","8 TB","FALSE",,"1606812060000","0",
"15429560465481","700 oder 800 GB","FALSE",,"1606812060000","1",
"15429560465492","650 bis etwas über 800 MB","TRUE",,"1606812060000","2",
"15429560465493","8 Bit","FALSE",,"1606812060000","3",
"15429569413980","Zur temporären (vorübergehenden) Speicherung von Daten","TRUE",,"1606812122000","0",
"15429569413991","Zur dauerhaften Speicherung von Daten","FALSE",,"1606812122000","1",
"15429569413992","Zur Datensicherung","FALSE",,"1606812122000","2",
"15429569414003","Zum Herunterfahren des Computers","FALSE",,"1606812122000","3",
"15429584692470","Die Download-Geschwindigkeit kann bis zu 40 Megabit pro Sekunde betragen.","TRUE",,"1604831321000","0",
"15429584692551","Die Upload-Geschwindigkeit kann bis zu 40 Megabyte pro Sekunde betragen.","FALSE",,"1604831321000","1",
"15429584692562","Die Bandbreite bezeichnet die maximal mögliche Geschwindigkeit der Datenübertragung.","TRUE",,"1604831321000","2",
"15429584692563","Je höher die Bandbreite ist, desto schneller können Dateien aus dem Internet heruntergeladen werden.","TRUE",,"1604831321000","3",
"15429592929670","5","TRUE",,"1604831352000","0",
"15429592929681","200","FALSE",,"1604831352000","1",
"15429592929682","1","FALSE",,"1604831352000","2",
"15429592929683","0,5","FALSE",,"1604831352000","3",
"15429594319450","Prozessor (zentrale Recheneinheit)","TRUE",,"1604831313000","0",
"15429594319451","Eine Demoversion","FALSE",,"1604831313000","1",
"15429594319462","externer Speicher","FALSE",,"1604831313000","2",
"15429607414560","Die Download-Geschwindigkeit kann bis zu 8 Megabit pro Sekunde betragen.","TRUE",,"1604829005000","0",
"15429607414571","Die Download-Geschwindigkeit kann bis zu 8 Megabyte pro Sekunde betragen.","FALSE",,"1604829005000","1",
"15429607414572","Die Bandbreite bezeichnet die maximale Geschwindigkeit der Datenübertragung.","TRUE",,"1604829005000","2",
"15429607414573","Je höher die Bandbreite ist, desto schneller können Dateien aus dem Internet heruntergeladen werden.","TRUE",,"1604829005000","3",
"15429946769710","Computerviren können sich in Computerprogramme einschleusen.","TRUE",,"1605719979000","0",
"15429946769721","Das Virus erzeugt von sich Kopien.","TRUE",,"1605719979000","1",
"15429946769722","Cookies sind Computerviren.","FALSE",,"1605719979000","2",
"15429946769723","Antiviren-Programme erkennen 100 % der Computerviren.","FALSE",,"1605719979000","3",
"15429962860300","Um in einem Programm erweiterte Funktionen nützen zu können","TRUE",,"1604426093000","0",
"15429962860301","Um sich bei einer Online-Plattform wie OneDrive einloggen zu können","FALSE",,"1604426093000","1",
"15429962860302","Um den Speicherplatz online nützen zu können","FALSE",,"1604426093000","2",
"15429962860313","Um das LMS-System Moodle nutzen zu können","FALSE",,"1604426093000","3",
"15429967589120","Ein Plugin muss installiert werden.","TRUE",,"1604425544000","0",
"15429967589131","Man muss mehr als 15 GB Online-Datenspeicher zur Verfügung haben.","FALSE",,"1604425544000","1",
"15429967589132","Die Firewall muss aktiv sein.","FALSE",,"1604425544000","2",
"15429967589133","Eine Registrierung für Flash ist erforderlich.","TRUE",,"1604425544000","3",
"15434329123790","kabelloses lokales Netzwerk","TRUE",,"1543432946000","0",
"15434329123791","Netzwerk, das über Kontinente reicht","FALSE",,"1543432946000","1",
"15434329123802","Netzwerk mit Kabel","FALSE",,"1543432946000","2",
"15434329123803","Schutz der Privatsphäre","FALSE",,"1543432946000","3",
"15434333035650","Cracker wollen auf Sicherheitslücken in einem Netzwerk hinweisen.","FALSE",,"1605717045000","0",
"15434333035651","Cracker umgehen Sicherheitsbarrieren von Netzwerken.","TRUE",,"1605717045000","1",
"15434333035652","Cracker wollen z. B. zu Daten wie Kreditkartendaten, Zugangskennungen und Passwörtern gelangen.","TRUE",,"1605717045000","2",
"15434333035663","Cracker verwalten Zugangsberechtigungen für Mitarbeitende einer Firma.","FALSE",,"1605717045000","3",
"15515623105450","Druckaufträge können nicht gelöscht werden.","FALSE",,"1605045354000","0",
"15515623105461","in den Spracheinstellungen","FALSE",,"1605045354000","1",
"15515623105462","im Fenster Druckerwarteschlange","TRUE",,"1605045354000","2",
"15515623105463","im Taskmanager","FALSE",,"1605045354000","3",
"15566269204200","Erledigung von Amtswegen online","TRUE",,"1605981099000","0",
"15566269204201","Formulare für behördliche Anträge","TRUE",,"1605981099000","0",
"15566269204212","Antiviren-Programme","FALSE",,"1605981099000","0",
"15566269204213","Geldüberweisungen über das Internet","FALSE",,"1605981099000","0",
"15569538957440","Bereits erstellte Abfragen und Formulare für diese Tabelle funktionieren nicht mehr.","TRUE",,"1574189761000","0",
"15569538957441","Es hat keine Auswirkungen.","FALSE",,"1574189761000","1",
"15628418848680","Doppelklick in die Tabellenzeile","FALSE",,"1591533985000","0",
"15628418848691","Klick vor die Tabellenzeile","TRUE",,"1591533985000","1",
"15628418848772","Klick hinter die Tabellenzeile","FALSE",,"1591533985000","2",
"15631855328910","Strg + C","TRUE",,"1591533990000","0",
"15631855328911","Strg + V","FALSE",,"1591533990000","1",
"15631855328923","Strg + X","FALSE",,"1591533990000","3",
"15631855328924","Strg + F","FALSE",,"1591533990000","4",
"15739806912700","PowerPoint","FALSE",,"1605817051000","0",
"15739806912711","Microsoft Edge","TRUE",,"1605817051000","1",
"15739806912712","Firefox","TRUE",,"1605817051000","2",
"15739806912723","Google Chrome","TRUE",,"1605817051000","3",
"15915276296620","Register Start, Gruppe Formatvorlagen","TRUE",,"1591532576000","0",
"15915276296621","Register Ansicht, Gruppe Anzeigen","FALSE",,"1591532576000","1",
"15915360380210","Das Dokument wird so angezeigt, wie es gedruckt aussehen wird.","TRUE",,"1605647807000","0",
"15915360380211","Man kann einfach feststellen, wo die Seiten beginnen und enden.","TRUE",,"1605647807000","1",
"15915360380222","Man kann Kopf- und Fußzeilen anzeigen.","TRUE",,"1605647807000","2",
"15915360380223","Man kann Fehler in Formeln besser erkennen.","FALSE",,"1605647807000","3",
"16030441954980","Register Seitenlayout","TRUE",,"1605647818000","0",
"16030441954991","Register Überprüfen","FALSE",,"1605647818000","1",
"16030441954992","Register Daten","FALSE",,"1605647818000","2",
"16030441955003","Register Ansicht","FALSE",,"1605647818000","3",
"16030444015760","Menüband automatisch ausblenden","FALSE",,"1603044401000","0",
"16030444015771","Registerkarten anzeigen","FALSE",,"1603044401000","1",
"16030444015772","Registerkarten und Befehle anzeigen","TRUE",,"1603044401000","2",
"16034754253400","Das ist nur bei großen Firmen notwendig.","FALSE",,"1605789178000","0",
"16034754253411","Die Daten müssen laufend nach einem Plan gesichert werden.","TRUE",,"1605789178000","1",
"16034754253412","Das ist notwendig.","TRUE",,"1605789178000","2",
"16034754253423","Das braucht man privat auch.","TRUE",,"1605789178000","3",
"16039183410260","Es ist die Abkürzung für Service Set Identifier.","TRUE",,"1603918341000","0",
"16039183410281","Die SSID kann geändert werden.","TRUE",,"1603918341000","1",
"16039183410282","Sie kann verborgen werden.","TRUE",,"1603918341000","2",
"16039183410293","Es handelt sich um Malware.","FALSE",,"1603918341000","3",
"16039626713300","Verantwortlicher","FALSE",,"1603962942000","0",
"16039626713301","Betroffener","FALSE",,"1603962942000","1",
"16039626713312","Auftragsverarbeiter","TRUE",,"1603962942000","2",
"16039631351190","Verantwortlicher","FALSE",,"1604562126000","0",
"16039631351201","Betroffener","TRUE",,"1604562126000","1",
"16039631351202","Auftragsverarbeiter","FALSE",,"1604562126000","2",
"16039633730510","Verantwortlicher","TRUE",,"1605795816000","0",
"16039633730511","Betroffener","FALSE",,"1605795816000","1",
"16039633730522","Auftragsverarbeiter","FALSE",,"1605795816000","2",
"16039662518510","Die Datenschutz-Grundverordnung DSGVO wird beachtet.","TRUE",,"1604410309000","0",
"16039662518521","Der PC soll mindestens 8 GB Hauptspeicher besitzen.","FALSE",,"1604410309000","0",
"16039662518522","Das Handy benötigt einen großen Display.","FALSE",,"1604410309000","0",
"16039662518523","Man soll sich mindestens einmal pro Tag in der Cloud einloggen.","FALSE",,"1604410309000","0",
"16039665614990","Ein Bild hochzuladen und freizugeben, ohne der Urheber/ die Urheber*in des Bildes zu sein","TRUE",,"1606934959000","0",
"16039665614991","Eine Liste mit Personaldaten hochzuladen und sie allgemein freigeben","TRUE",,"1606934959000","1",
"16039665615002","Ein Programm ohne den Besitz einer Lizenz zu nutzen","FALSE",,"1606934959000","2",
"16039665615003","Ungefragt einem Mitglied der Gruppe eine Nachricht zusenden","FALSE",,"1606934959000","3",
"16039671619190","Man möchte vermeiden, dass ein Webseiten-Betreiber ein Profil über die Surfgewohnheiten des Anwenders erstellt.","TRUE",,"1605717024000","0",
"16039671619201","Man möchte möglichst anonym surfen.","TRUE",,"1605717024000","1",
"16039671619212","Man verstößt sonst gegen die Datenschutz-Grundverordnung DSGVO.","FALSE",,"1605717024000","2",
"16039671619213","Man will nicht, dass die Festplatte zu voll wird.","FALSE",,"1605717024000","3",
"16039672806770","in der Systemsteuerung","FALSE",,"1604909169000","0",
"16039672806771","in der Bedienungsanleitung","FALSE",,"1604909169000","1",
"16039672806772","im Endbenutzer-Lizenzvertrag (EULA)","TRUE",,"1604909169000","2",
"16039672806783","in der Datenschutz-Grundverordnung DSGVO","FALSE",,"1604909169000","3",
"16039678552510","Name, Adresse, Geburtsdatum, Religion","TRUE",,"1605785556000","0",
"16039678552511","Adresse des Gemeindeamts","FALSE",,"1605785556000","1",
"16039678552522","Persönliche Telefonnummer","TRUE",,"1605785556000","2",
"16039678552533","Autokennzeichen der Person","TRUE",,"1605785556000","3",
"16039747616720","Die Bekanntgabe von personenbezogenen Daten im Internet ist problemlos.","FALSE",,"1603974761000","0",
"16039747616731","Mit personenbezogene Daten sollte man bei der Bekanntgabe sparsam sein.","TRUE",,"1603974761000","1",
"16039747616742","Personenbezogene Daten können für kriminelle Absichten missbraucht werden.","TRUE",,"1603974761000","2",
"16039747616743","Die Datenschutz-Grundverordnung DSGVO regelt den Umgang mit personenbezogenen Daten.","TRUE",,"1603974761000","3",
"16039754070280","Informationen und Mitteilungen zur Verarbeitung von personenbezogenen Daten müssen leicht verständlich sein.","TRUE",,"1605982055000","0",
"16039754070291","Die Speicherung von personenbezogenen Daten muss erforderlich sein.","FALSE",,"1605982055000","1",
"16039754070292","Die personenbezogenen Daten müssen für einen bestimmten Zweck gespeichert werden.","FALSE",,"1605982055000","2",
"16039754070303","Es sollen möglichst wenig personenbezogene Daten gespeichert werden.","FALSE",,"1605982055000","3",
"16044004484650","oft geringere Kosten als ein lokal installiertes Programm","TRUE",,"1604410302000","0",
"16044004484661","vereinfachte die Zusammenarbeit von Nutzer*innen","TRUE",,"1604410302000","1",
"16044004484662","funktioniert auch dann, wenn das Internet ausfällt","FALSE",,"1604410302000","2",
"16044004484673","erhöhte Mobilität","TRUE",,"1604410302000","3",
"16044010611780","Ein Kursmanagement-System","TRUE",,"1604424720000","0",
"16044010611781","Online-Meetings","TRUE",,"1604424720000","1",
"16044010611792","Gute Kommunikation zwischen Lehrenden und Schüler*innen","TRUE",,"1604424720000","2",
"16044010611793","Ein Antiviren-Programm","FALSE",,"1604424720000","3",
"16044018875370","2,1 Mbit/s","TRUE",,"1604424905000","0",
"16044018875381","8 Mbit/s","FALSE",,"1604424905000","1",
"16044018875382","150 Mbit/s","FALSE",,"1604424905000","2",
"16044018875393","512 Kbit/s","FALSE",,"1604424905000","3",
"16044060699310","Man verschickt vom Online-Kalender direkt eine Einladung an die E-Mail-Adresse der Person.","TRUE",,"1604424914000","0",
"16044060699311","Man öffnet ein Mailprogramm und schickt eine E-Mail mit der Einladung an die Person.","FALSE",,"1604424914000","1",
"16044060699322","Man ruft die Person per VoIP an.","FALSE",,"1604424914000","2",
"16044060699323","Man organisiert über Teams ein Online-Meeting und informiert so die Person.","TRUE",,"1604424914000","3",
"16044067535760","Man kann von jedem Rechner, Handy oder Tablet ortsunabhängig auf die Daten zugreifen.","TRUE",,"1604406753000","0",
"16044067535771","Man kann ohne Anmeldung auf Daten zugreifen.","FALSE",,"1604406753000","1",
"16044067535862","Jeder kann auf alle Daten zugreifen.","FALSE",,"1604406753000","2",
"16044067535883","Andere Personen können nur nach einer Freigabe auf die Daten zugreifen.","TRUE",,"1604406753000","3",
"16044251121220","Um Arbeitsaufträge für Schüler*innen bereitzustellen","TRUE",,"1604425112000","0",
"16044251121231","Damit Hausaufgaben online abgegeben werden können","TRUE",,"1604425112000","1",
"16044251121232","Damit der ein- und ausgehende Datenverkehr überwacht werden kann","FALSE",,"1604425112000","2",
"16044251121243","Damit Online-Meetings durchgeführt werden können","TRUE",,"1604425112000","3",
"16044253780450","Online-Meeting","TRUE",,"1604425378000","0",
"16044253780451","Firewall","FALSE",,"1604425378000","1",
"16044253780462","Plug-in","FALSE",,"1604425378000","2",
"16044253780463","Blog","FALSE",,"1604425378000","3",
"16044259475110","5G","TRUE",,"1604425947000","0",
"16044259475121","Hotspot","FALSE",,"1604425947000","1",
"16044259475132","WLAN","FALSE",,"1604425947000","2",
"16044259475133","Wi-Fi","FALSE",,"1604425947000","3",
"16044894113870","kleine Textdateien, die Informationen über eine besuchte Webseite speichern","FALSE",,"1604489490000","0",
"16044894113871","Bankgeschäfte werden über das Internet abgewickelt.","TRUE",,"1604489490000","1",
"16044894113882","ein auf einer Webseite öffentlich geführtes Tagebuch","FALSE",,"1604489490000","2",
"16044894113883","Bürger*innen können elektronische Anfragen und Anträge an Behörden stellen.","FALSE",,"1604489490000","3",
"16045619075150","Auf Inkompatiblität zu überprüfen","FALSE",,"1604561926000","0",
"16045619075171","In Computersysteme einzubrechen","TRUE",,"1604561926000","1",
"16045619075172","Sicherheitslücken zu nützen","TRUE",,"1604561926000","2",
"16045619075173","Daten zu stehlen","TRUE",,"1604561926000","3",
"16045794241090","Ein Blog ist eine tagebuchartige und meist öffentlich geführte Webseite.","TRUE",,"1605980967000","0",
"16045794241091","Ein Blog ist eine kleine Textdatei, die Informationen über eine besuchte Webseite speichert.","FALSE",,"1605980967000","1",
"16045794241102","Ein Blog ist ein Bankgeschäft, das über das Internet abgewickelt wird.","FALSE",,"1605980967000","2",
"16045794241113","Ein Blog ist eine elektronische Anfrage an eine Behörde.","FALSE",,"1605980967000","3",
"16047783814950","Betriebssystem","FALSE",,"1606812067000","0",
"16047783814951","Drucker","TRUE",,"1606812067000","1",
"16047783814962","Tabellenkalkulation","FALSE",,"1606812067000","2",
"16047783814963","Computerspiel","FALSE",,"1606812067000","3",
"16047784881930","ROM","FALSE",,"1606812071000","0",
"16047784881941","RAM","FALSE",,"1606812071000","1",
"16047784881942","Tastatur","TRUE",,"1606812071000","2",
"16047784881953","Motherboard","FALSE",,"1606812071000","3",
"16047786959880","durch Zusendung einer E-Mail","FALSE",,"1611864882000","0",
"16047786959891","durch Berühren des Bildschirms","TRUE",,"1611864882000","1",
"16047786959892","durch Anzeige am Bildschirm","FALSE",,"1611864882000","2",
"16047786959903","durch Mitteilungen über Lautsprecher","FALSE",,"1611864882000","3",
"16047787956580","Laserdrucker","FALSE",,"1606812083000","0",
"16047787956581","Tintenstrahldrucker","FALSE",,"1606812083000","1",
"16047787956592","Tastatur","FALSE",,"1606812083000","2",
"16047787956593","Scanner","TRUE",,"1606812083000","3",
"16047789722820","RAM (Hauptspeicher bzw. Arbeitsspeicher)","TRUE",,"1606812089000","0",
"16047789722831","GUI (Graphical User Interface)","FALSE",,"1606812089000","1",
"16047789722832","ROM (Read Only Memory)","FALSE",,"1606812089000","2",
"16047789722833","CPU (Central Processing Unit)","FALSE",,"1606812089000","3",
"16047790570080","ROM (Read Only Memory)","FALSE",,"1606812092000","0",
"16047790570081","RAM (Random Access Memory)","TRUE",,"1606812092000","1",
"16047790570082","USB-Stick","FALSE",,"1606812092000","2",
"16047790570093","Festplatte","FALSE",,"1606812092000","3",
"16047793934290","Tablet-PC","TRUE",,"1604779393000","0",
"16047793934291","Bildschirmtastatur","FALSE",,"1604779393000","1",
"16047793934302","Touchscreen","FALSE",,"1604779393000","2",
"16047793934303","Mainframe","FALSE",,"1604779393000","3",
"16047796266740","Hardware","TRUE",,"1604779994000","0",
"16047796266751","Speichermedium","TRUE",,"1604779994000","1",
"16047796266752","Audiodatei","FALSE",,"1604779994000","2",
"16047796266763","interne Hardware","FALSE",,"1604779994000","3",
"16047799674940","1 TB (Terabyte)","TRUE",,"1604780029000","0",
"16047799674941","250 MB","FALSE",,"1604780029000","1",
"16047799674952","500 GB","TRUE",,"1604780029000","2",
"16047799674953","500 TB","FALSE",,"1604780029000","3",
"16047803261990","8 bis 32 GB","TRUE",,"1604780850000","0",
"16047803261991","128 MB","FALSE",,"1604780850000","1",
"16047803262002","4 TB","FALSE",,"1604780850000","2",
"16047803262003","4 MB bis 16 MB","FALSE",,"1604780850000","3",
"16047809479280","externe Festplatte/SSD","TRUE",,"1604780947000","0",
"16047809479291","interne Festplatte/SSD","FALSE",,"1604780947000","1",
"16047809479292","DVD-Laufwerk","FALSE",,"1604780947000","2",
"16047809479293","RAM","FALSE",,"1604780947000","3",
"16047814605330","Es kann ortsunabhängig auf den Speicher zugegriffen werden.","TRUE",,"1604781460000","0",
"16047814605341","Es kann auch Cloud-Speicher dazu gesagt werden.","TRUE",,"1604781460000","1",
"16047814605342","Dokumente können im Online-Datenspeicher mit anderen Nutzern geteilt werden.","TRUE",,"1604781460000","2",
"16047814605353","Der Zugriff ist mit einem Smartphone nicht möglich.","FALSE",,"1604781460000","3",
"16048191026470","Linux","FALSE",,"1604819102000","0",
"16048191026471","Videoschnittprogramm","TRUE",,"1604819102000","1",
"16048191026482","Windows 10","FALSE",,"1604819102000","2",
"16048191026483","Excel","TRUE",,"1604819102000","3",
"16048193672600","eine Grafik bearbeiten","FALSE",,"1604819945000","0",
"16048193672611","ein Diagramm erstellen","FALSE",,"1604819945000","1",
"16048193672612","Dateien löschen","TRUE",,"1604819945000","2",
"16048193672613","einen Serienbrief erstellen","FALSE",,"1604819945000","3",
"16048201504620","Das Grafikprogramm Paint wird mit Microsoft Windows mitgeliefert.","FALSE",,"1604820150000","0",
"16048201504631","Das Datenbankprogramm Access ist ein Anwendungsprogramm.","FALSE",,"1604820150000","1",
"16048201504642","In der Systemsteuerung können Programme entfernt (deinstalliert) werden.","FALSE",,"1604820150000","2",
"16048201504643","Microsoft Windows ist ein Open-Source-Programm.","TRUE",,"1604820150000","3",
"16048203092570","Malware kann Daten verändern oder löschen.","FALSE",,"1604909551000","0",
"16048203092571","Malware kann sich selbstständig verbreiten.","FALSE",,"1604909551000","1",
"16048203092582","Malware kann einen Computer verlangsamen oder abstürzen lassen.","FALSE",,"1604909551000","2",
"16048203092583","Die Zahl der im Umlauf befindlichen Malware ist in den letzten Jahren gesunken.","TRUE",,"1604909551000","3",
"16048204609320","ITS - Branche","FALSE",,"1604823038000","0",
"16048204609321","ARGE - Branche","FALSE",,"1604823038000","1",
"16048204609332","INFO - Branche","FALSE",,"1604823038000","2",
"16048204609333","EDV/ IT-Branche","TRUE",,"1604823038000","3",
"16048218436660","Viren suchen, erkennen, abwehren und beseitigen","TRUE",,"1604909563000","0",
"16048218436661","schützt Computer vor schädlicher Software","TRUE",,"1604909563000","1",
"16048218436672","den Computer sofort abschalten","FALSE",,"1604909563000","2",
"16048218436673","blockiert Schadsoftware","TRUE",,"1604909563000","3",
"16048268050050","nicht benötigte Anwendungsprogramme schließen","TRUE",,"1604826805000","0",
"16048268050051","mit einem Antivirenprogramm den Computer scannen","FALSE",,"1604826805000","1",
"16048268050052","den Computer vom Internet trennen","FALSE",,"1604826805000","2",
"16048269027840","Datenbankprogramm","TRUE",,"1604826902000","0",
"16048269027851","Microsoft Windows","FALSE",,"1604826902000","1",
"16048269027862","Präsentationsprogramm","FALSE",,"1604826902000","2",
"16048269027873","Textverarbeitungsprogramm","FALSE",,"1604826902000","3",
"16048272151170","Zuerst wird das Betriebssystem, dann werden die Anwendungsprogramme installiert.","TRUE",,"1604829241000","0",
"16048272151181","Zuerst werden die Anwendungsprogramme und dann das Betriebssystem installiert.","FALSE",,"1604829241000","1",
"16048272151192","Betriebssysteme sind Microsoft Windows 10, Android, Linux, Mac OS.","TRUE",,"1604829241000","2",
"16048272151193","Das Betriebssystem verwaltet die angeschlossenen Geräte.","TRUE",,"1604829241000","3",
"16048274428590","Das Programm wird auf die Festplatte kopiert und zur Verwendung eingerichtet.","TRUE",,"1604827442000","0",
"16048274428591","Ein Neustart eines Computers ist unbedingt erforderlich.","FALSE",,"1604827442000","1",
"16048274428592","Sehr oft wird ein Installationsprogramm zur Verfügung gestellt, das gestartet werden muss.","TRUE",,"1604827442000","2",
"16048274428603","Die Speicherkapazität des Computers wird erhöht.","FALSE",,"1604827442000","3",
"16048276299290","Sie beseitigen Programmfehler.","TRUE",,"1604827629000","0",
"16048276299291","Erkannte Sicherheitsprobleme werden behoben.","TRUE",,"1604827629000","1",
"16048276299302","Die Geschwindigkeit des Computers wird deutlich erhöht.","FALSE",,"1604827629000","2",
"16048276299303","Das Programm wird aktualisiert.","TRUE",,"1604827629000","3",
"16048280788750","Eine Technik für schnelle Datenübertragung über Telefonleitungen","TRUE",,"1604828078000","0",
"16048280788751","Antivirenprogramm","FALSE",,"1604828078000","1",
"16048280788762","Mobiles Internet für Smartphones","FALSE",,"1604828078000","2",
"16048280788763","Datenverschlüsselung","FALSE",,"1604828078000","3",
"16048284219630","Bieten eine sichere Übertragung der Daten","TRUE",,"1604828421000","0",
"16048284219641","Eine VPN-Verbindung ermöglicht einen Zugriff auf ein Intranet auch von außerhalb.","TRUE",,"1604828421000","1",
"16048284219652","Staatliche Behörden benutzen ein VPN, private Firmen benutzen ein Intranet.","FALSE",,"1604828421000","2",
"16048284219653","Eine VPN-Verbindung ist verschlüsselt.","TRUE",,"1604828421000","3",
"16048285093150","Extranet","TRUE",,"1604828509000","0",
"16048285093161","WWW","FALSE",,"1604828509000","1",
"16048285093162","Internet","FALSE",,"1604828509000","2",
"16048285093173","LAN","FALSE",,"1604828509000","3",
"16048287604280","mittels Stromleitungen","FALSE",,"1604828760000","0",
"16048287604291","mittels Telefonleitungen (Festnetz)","TRUE",,"1604828760000","1",
"16048287604292","mittels Satelliten","FALSE",,"1604828760000","2",
"16048287604303","mittels Bluetooth","FALSE",,"1604828760000","3",
"16048292158770","Versionsnummer des Betriebssystems","FALSE",,"1604829215000","0",
"16048292158771","Energieverbrauch der Computeranlage","FALSE",,"1604829215000","1",
"16048292158782","Speicherkapazität einer Festplatte","FALSE",,"1604829215000","2",
"16048292158783","Die Geschwindigkeit, mit der Daten übertragen werden","TRUE",,"1604829215000","3",
"16048295946590","Abkürzung für: Voice over Internet Protocol","TRUE",,"1604829594000","0",
"16048295946601","WhatsApp und Skype nutzen VOIP.","TRUE",,"1604829594000","1",
"16048295946602","VoIP ist Telefonieren über das Internet (z. B. Skype)","TRUE",,"1604829594000","2",
"16048295946613","Eine Homepage wird mit VoIP auf den Server hochgeladen.","FALSE",,"1604829594000","3",
"16048299559590","Sind Breitbandverbindungen mit Flatrate und Pauschaltarif","TRUE",,"1604829982000","0",
"16048299559591","Sind Breitbandverbindungen mit  Download-Volumen von unter 1 GB pro Monat.","FALSE",,"1604829982000","1",
"16048299559602","Sind analoge Einwahlverbindungen mit 56 KBit/s","FALSE",,"1604829982000","2",
"16048299559603","Werden nach Upload-Volumen abgerechnet","FALSE",,"1604829982000","3",
"16048300659020","In öffentlichen Räumen gibt es gelegentlich offene WLAN-Netzwerke.","TRUE",,"1604830065000","0",
"16048300659021","WLAN kann nur im Freien mit dem Internet verbinden","FALSE",,"1604830065000","1",
"16048300659032","WLAN ist eine drahtlose Netzwerkverbindung.","TRUE",,"1604830065000","2",
"16048300659033","WLAN kann verschlüsselt werden.","TRUE",,"1604830065000","3",
"16048301254840","Verhindert unerlaubte Zugriffe aus dem Netzwerk auf den Computer","TRUE",,"1604830125000","0",
"16048301254841","Löscht Viren","FALSE",,"1604830125000","1",
"16048301254852","Ermöglicht eine kabellose Netzwerkverbindung","FALSE",,"1604830125000","2",
"16048301254853","Sie verhindert den Download von Computerviren aus dem Internet","FALSE",,"1604830125000","3",
"16048303069320","Daten (z. B. Fotos und Texte) werden zusätzlich auf einem Server im Internet gespeichert.","TRUE",,"1605079848000","0",
"16048303069331","Man kann auf seine Daten von jedem Gerät wie Computer, Smartphone, Tablet, das mit dem Internet verbunden ist, zugreifen.","TRUE",,"1605079848000","1",
"16048303069332","Man kann Dokumente zur Online-Zusammenarbeit freigeben.","TRUE",,"1605079848000","2",
"16048303069343","Online-Datenspeicherung ist grundsätzlich kostenlos.","FALSE",,"1605079848000","3",
"16048307605430","Es sind sichere Verschlüsselungsmethoden für ein drahtloses Netzwerk (WLAN).","TRUE",,"1605782668000","0",
"16048307605441","Es sind Bezeichnungen für ausgedehnte Netzwerke.","FALSE",,"1605782668000","1",
"16048307605442","Sie schützen das WLAN vor unbefugten Zugriffen.","TRUE",,"1605782668000","2",
"16048307605443","Sie schützen vor dem Mitlesen der ausgetauschten Daten.","TRUE",,"1605782668000","3",
"16048308345820","ein Speichermedium für mehrere Nutzer*innen","TRUE",,"1604830834000","0",
"16048308345831","ein freigegebener Ordner auf dem Server","TRUE",,"1604830834000","1",
"16048308345832","für jeden zugänglicher Speicherplatz","FALSE",,"1604830834000","2",
"16048308345833","stellt Dokumente für mehrere Anwender*innen zur Verfügung","TRUE",,"1604830834000","3",
"16048312079910","100 MBit/s (Megabit pro Sekunde)","TRUE",,"1604831207000","0",
"16048312079921","800 Bit/s (Bit pro Sekunde)","FALSE",,"1604831207000","1",
"16048312079922","8 GBit/s (Gigabit pro Sekunde)","FALSE",,"1604831207000","2",
"16048312079933","8 KBit/s (Kilobit pro Sekunde)","FALSE",,"1604831207000","3",
"16048336081520","Digitale Dokumente verringern den Papierbedarf.","TRUE",,"1604908982000","0",
"16048336081521","Digitale Dokumente müssen regelmäßig gesichert werden.","FALSE",,"1604908982000","1",
"16048336081532","Digitale Dokumente benötigen Schutz vor nicht berechtigtem Zugriff.","FALSE",,"1604908982000","2",
"16048336081533","Digitale Dokumente können versehentlich gelöscht werden.","FALSE",,"1604908982000","3",
"16048339120180","den PC immer eingeschaltet lassen","FALSE",,"1604858943000","0",
"16048339120181","alle gespeicherten Dokumente immer ausdrucken","FALSE",,"1604858943000","1",
"16048339120182","gebrauchte Druckerpatronen einem Recycling zuführen oder wieder befüllen","TRUE",,"1604858943000","2",
"16048339120193","sofort das neueste Smartphone kaufen","FALSE",,"1604858943000","3",
"16048585443160","Green-IT","FALSE",,"1604909030000","0",
"16048585443161","EDV-IT-Branche","FALSE",,"1604909030000","1",
"16048585443172","Ergonomie","TRUE",,"1604909030000","2",
"16048585443173","EULA","FALSE",,"1604909030000","3",
"16048586284040","Sie können digital signiert werden.","TRUE",,"1604858628000","0",
"16048586284041","Sie können per E-Mail versandt werden.","TRUE",,"1604858628000","1",
"16048586284042","Sie können nicht bearbeitet werden.","FALSE",,"1604858628000","2",
"16048586284053","Sie können zur Papiereinsparung beitragen.","TRUE",,"1604858628000","3",
"16048589204930","ein elektronisches Textdokument im Anhang mitsenden","TRUE",,"1604858920000","0",
"16048589204941","ein Video mit 4 GB im Anhang mitsenden","FALSE",,"1604858920000","1",
"16048589204942","einer Gruppe eine E-Mail zusenden","TRUE",,"1604858920000","2",
"16048589204953","Nachrichten über das Internet versenden","TRUE",,"1604858920000","3",
"16048604331220","sich den Bildschirminhalt vorlesen lassen","TRUE",,"1605023245000","0",
"16048604331231","ein PDF erzeugen","FALSE",,"1605023245000","1",
"16048604331232","einen Screenshot machen","FALSE",,"1605023245000","2",
"16048604331243","sich Filme vorführen lassen","FALSE",,"1605023245000","3",
"16048622789930","IM funktioniert nur mit dem Betriebssystem Linux.","FALSE",,"1604909069000","0",
"16048622789941","Die Kommunikation erfolgt schriftlich und in Echtzeit.","TRUE",,"1604909069000","1",
"16048622789942","Dateien wie Bilder und Videos können mitgeschickt werden.","TRUE",,"1604909069000","2",
"16048622789943","Bekannte Chat-Programme sind WhatsApp und Facebook-Messenger.","TRUE",,"1604909069000","3",
"16048624632880","beim Download und Öffnen einer unbekannten Datei","TRUE",,"1604909089000","0",
"16048624632881","beim Surfen mit einem nicht aktualisierten Browser im Internet","TRUE",,"1604909089000","1",
"16048624632892","beim Anmelden am Computer mit einem fremden Benutzernamen und Passwort","FALSE",,"1604909089000","2",
"16048624632893","bei der Verwendung von fremden USB-Sticks","TRUE",,"1604909089000","3",
"16048628606700","Sie kann kostenlos genützt werden.","TRUE",,"1604909104000","0",
"16048628606711","Für Freeware gilt das Urheberrecht.","TRUE",,"1604909104000","1",
"16048628606712","Die Programme werden nach einer bestimmten Zeit kostenpflichtig.","FALSE",,"1604909104000","2",
"16048628606723","Das Microsoft Office Paket wird als Freeware vertrieben.","FALSE",,"1604909104000","3",
"16048694653230","Shareware","TRUE",,"1604869465000","0",
"16048694653231","Freeware","FALSE",,"1604869465000","1",
"16048694653242","Hardware","FALSE",,"1604869465000","2",
"16048694653243","Noware","FALSE",,"1604869465000","3",
"16049050308740","Internetzugang ist notwendig.","TRUE",,"1604905030000","0",
"16049050308751","Der Zugriff auf die Daten kann ortsunabhängig erfolgen.","TRUE",,"1604905030000","1",
"16049050308752","Auf die Daten können mehrere Nutzer*innen gleichzeitig zugreifen.","TRUE",,"1604905030000","2",
"16049050308753","Ist immer kostenpflichtig.","FALSE",,"1604905030000","3",
"16049054257520","ein elektronisches Textdokument im Anhang mitsenden","TRUE",,"1604915419000","0",
"16049054257531","ein Video mit 4 GB im Anhang mitsenden","FALSE",,"1604915419000","1",
"16049054257532","eine E-Mail an eine Gruppe von Empfängern versenden (Verteilerliste)","TRUE",,"1604915419000","2",
"16049054257533","Nachrichten an Empfänger über das Internet versenden","TRUE",,"1604915419000","3",
"16049089587120","um Computer vor Virenbefall zu schützen","FALSE",,"1604909179000","0",
"16049089587121","um sensible Daten vor unberechtigtem Zugriff zu schützen","TRUE",,"1604909179000","1",
"16049089587132","um das Urheberrecht auf Software zu sichern","FALSE",,"1604909179000","2",
"16049089587133","um den Diebstahl von Hardware zu verhindern","FALSE",,"1604909179000","3",
"16049097055550","Viren suchen, erkennen, abwehren und auf Wunsch beseitigen","TRUE",,"1604909705000","0",
"16049097055561","Viren auffinden und an den Absender zurücksenden","FALSE",,"1604909705000","1",
"16049097055562","Updates werden im Antiviren-Programm automatisch durchgeführt","TRUE",,"1604909705000","2",
"16049097055573","gefundene Viren auf andere PCs übertragen","FALSE",,"1604909705000","3",
"16049101434300","Sicherungskopie","TRUE",,"1604910143000","0",
"16049101434301","Antiviren-Programm","FALSE",,"1604910143000","1",
"16049101434302","Malware","FALSE",,"1604910143000","2",
"16049101434313","Trojaner","FALSE",,"1604910143000","3",
"16049103119130","im Patent","FALSE",,"1604910311000","0",
"16049103119141","im Copyright","FALSE",,"1604910311000","1",
"16049103119142","im Urheberrecht","FALSE",,"1604910311000","2",
"16049103119153","im Endbenutzer-Lizenzvertrag (EULA)","TRUE",,"1604910311000","3",
"16049105771230","Open-Source-Programme sind meist kostenlos. Der Quelltext wird mit dem Programm zur Verfügung gestellt.","TRUE",,"1604910577000","0",
"16049105771231","Die Software darf vom Benutzer verbessert und weitergegeben werden.","TRUE",,"1604910577000","1",
"16049105771242","Das Programm darf nur für einen bestimmten Zeitraum verwendet werden.","FALSE",,"1604910577000","2",
"16049105771243","Updates sind kostenpflichtig.","FALSE",,"1604910577000","3",
"16049108221100","Jede/r Benutzer*in muss sich mit Benutzername und Kennwort anmelden.","TRUE",,"1604910822000","0",
"16049108221101","Nur lizenzierte Software verwenden","FALSE",,"1604910822000","1",
"16049108221112","Daten auf einer externen Festplatte sichern","FALSE",,"1604910822000","2",
"16049108221113","Daten verschlüsselt speichern","TRUE",,"1604910822000","3",
"16049128063230","in einem Schrank neben dem Computer","FALSE",,"1604912806000","0",
"16049128063231","auf einer zweiten Festplatte im gleichen Computer","FALSE",,"1604912806000","1",
"16049128063242","online auf eine Backup-Web-Server","TRUE",,"1604912806000","2",
"16049128063243","möglichst in einem anderen Gebäude","TRUE",,"1604912806000","3",
"16049139689930","Merkmal einer lizensierten Software","TRUE",,"1604914038000","0",
"16049139689931","Versionsnummer einer Software","FALSE",,"1604914038000","1",
"16049139689942","Garantie für fehlerfreie Software","FALSE",,"1604914038000","2",
"16049139689943","Erlaubnis zur freien Weitergabe des Programmes","FALSE",,"1604914038000","3",
"16049149842540","Man sendet die Datei zur Untersuchung an Microsoft.","FALSE",,"1604914984000","0",
"16049149842541","Man speichert den Datei-Anhang und untersucht ihn mit einem Antiviren-Programm.","TRUE",,"1604914984000","1",
"16049149842552","Man öffnet die Datei und sieht nach.","FALSE",,"1604914984000","2",
"16049149842563","Man befragt den Absender der E-Mail.","FALSE",,"1604914984000","3",
"16049152041060","asdfjklö","FALSE",,"1604915204000","0",
"16049152041071","Jaqueline","FALSE",,"1604915204000","1",
"16049152041072","25.4.1997","FALSE",,"1604915204000","2",
"16049152041083","HkgaiwWh#?91","TRUE",,"1604915204000","3",
"16049153745740","Eine sichere Verschlüsselung eines Funknetzwerkes (WLAN)","FALSE",,"1604915374000","0",
"16049153745741","Eine Lizenzvereinbarung für die Benutzung eines Softwareproduktes","TRUE",,"1604915374000","1",
"16049153745752","Ein zentraler Speicher im Netzwerk","FALSE",,"1604915374000","2",
"16049153745753","Eine Anmeldung mit Benutzername und Passwort","FALSE",,"1604915374000","3",
"16049161116130","dotx","FALSE",,"1604916111000","0",
"16049161116141","docx","FALSE",,"1604916111000","1",
"16049161116142","jpg","TRUE",,"1604916111000","2",
"16049161116193","pptx","FALSE",,"1604916111000","3",
"16049161537080","gif, jpg, mp3","FALSE",,"1604916153000","0",
"16049161537091","xls, xlsx, xlsm","FALSE",,"1604916153000","1",
"16049161537092","mdb, accdb","FALSE",,"1604916153000","2",
"16049161537093","docx, txt","TRUE",,"1604916153000","3",
"16049166581670","mp3","TRUE",,"1604916658000","0",
"16049166581681","xls","FALSE",,"1604916658000","1",
"16049166581682","ppt","FALSE",,"1604916658000","2",
"16049166581683","mdb","FALSE",,"1604916658000","3",
"16049167924030","Laserdrucker","FALSE",,"1604947569000","0",
"16049167924031","neuer Drucker","FALSE",,"1604947569000","1",
"16049167924042","Tintenstrahldrucker","FALSE",,"1604947569000","2",
"16049167924043","Standarddrucker","TRUE",,"1604947569000","3",
"16049519914300","um neue Computerviren zu erkennen und zu löschen","TRUE",,"1604994848000","0",
"16049519914311","um die Lizenzbestimmungen einzuhalten","FALSE",,"1604994848000","1",
"16049519914312","damit die Herstellerfirma dazuverdient","FALSE",,"1604994848000","2",
"16049519914323","um die Datenschutzrichtlinien einzuhalten","FALSE",,"1604994848000","3",
"16049521626670","mp3","FALSE",,"1604957116000","0",
"16049521626681","xlsx","FALSE",,"1604957116000","1",
"16049521626682","docx","FALSE",,"1604957116000","2",
"16049521626683","zip","TRUE",,"1604957116000","3",
"16049522368290","damit man im Falle eines Datenverlustes durch Brand, Diebstahl, Blitzeinschlag etc. auf die Daten zurückgreifen kann","TRUE",,"1604952236000","0",
"16049522368291","damit man mehr freien Speicherplatz auf der Festplatte bekommt","FALSE",,"1604952236000","1",
"16049522368302","damit das Sicherungsmedium vor Viren geschützt ist","FALSE",,"1604952236000","2",
"16049533455030","in der Office-Anwendung","FALSE",,"1604997044000","0",
"16049533455041","im Helpdesk","FALSE",,"1604997044000","1",
"16049533455042","im Gerätemanager","FALSE",,"1604997044000","2",
"16049533455053","in der Systemsteuerung","TRUE",,"1604997044000","3",
"16049578988840","Strg+Alt+Entf, dann Taskmanger starten","TRUE",,"1604997117000","0",
"16049578988851","Strg+F4","FALSE",,"1604997117000","1",
"16049578988852","Alt+F4","FALSE",,"1604997117000","2",
"16049578988853","Strg+Umschalt+Esc","TRUE",,"1604997117000","3",
"16049582713420","Windowstaste und Taste Druck zugleich drücken.","FALSE",,"1604998820000","0",
"16049582713421","rechter Mausklick auf das Symbol Computer bzw. Arbeitsplatz, dann im Kontextmenü: Eigenschaften","TRUE",,"1604998820000","1",
"16049582713422","Windowstaste und Taste Pause zugleich drücken.","TRUE",,"1604998820000","2",
"16049582713433","Start → Programme → Zubehör","FALSE",,"1604998820000","3",
"16049961526790","der Standarddrucker","TRUE",,"1604996152000","0",
"16049961527061","ein Laserdrucker","FALSE",,"1604996152000","1",
"16049961527262","ein Farbdrucker","FALSE",,"1604996152000","2",
"16049961527283","ein A3-Drucker","FALSE",,"1604996152000","3",
"16049987763320","meistens am oberen Bildschirmrand","FALSE",,"1604998898000","0",
"16049987763401","meistens am unteren Bildschirmrand","TRUE",,"1604998898000","1",
"16049987763402","meistens am linken Bildschirmrand","FALSE",,"1604998898000","2",
"16049987763463","meistens am rechten Bildschirmrand","FALSE",,"1604998898000","3",
"16049995067310","Titelleiste","FALSE",,"1604999506000","0",
"16049995067311","Statusleiste","FALSE",,"1604999506000","1",
"16049995067322","Bildlaufleiste","TRUE",,"1604999506000","2",
"16049995067383","Menüleiste","FALSE",,"1604999506000","3",
"16050004776160","Titelleiste","TRUE",,"1605000477000","0",
"16050004776171","Statusleiste","FALSE",,"1605000477000","1",
"16050004776182","Bildlaufleiste","FALSE",,"1605000477000","2",
"16050004776183","Menüleiste","FALSE",,"1605000477000","3",
"16050032740880","Windows-Einstellungen - Apps","TRUE",,"1605003274000","0",
"16050032740891","Kontextmenü - Löschen","FALSE",,"1605003274000","1",
"16050032740892","Symbol vom Desktop löschen","FALSE",,"1605003274000","2",
"16050032740903","PC neu starten","FALSE",,"1605003274000","3",
"16050034060470","Word 2019","TRUE",,"1605003523000","0",
"16050034060481","Android","FALSE",,"1605003523000","1",
"16050034060542","Windows 10","FALSE",,"1605003523000","2",
"16050034060553","Linux","FALSE",,"1605003523000","3",
"16050051219410","Verknüpfungen können zu Dateien, Ordnern oder Programmen angelegt werden.","TRUE",,"1605007583000","0",
"16050051219421","Eine Verknüpfung ermöglicht eine Datei von einem anderen Speicherort zu öffnen.","TRUE",,"1605007583000","1",
"16050051219422","Eine Verknüpfung kopiert Programme oder Dateien.","FALSE",,"1605007583000","2",
"16050051219423","Eine Verknüpfung zu einer Datei oder Ordner kann man in jedem Ordner anlegen.","TRUE",,"1605007583000","3",
"16050055548050","Kontrollieren ob Papier im Drucker ist","TRUE",,"1605007589000","0",
"16050055548051","Die Verbindung zum PC überprüfen (Status Bereit oder Offline)","TRUE",,"1605007589000","1",
"16050055548062","Nachsehen, ob man auf den richtigen Drucker ausgedruckt hat","TRUE",,"1605007589000","2",
"16050055548073","Den Drucker im Geschäft zurückgeben","FALSE",,"1605007589000","3",
"16050060652090","Backup","TRUE",,"1605007595000","0",
"16050060652101","Datensicherung","TRUE",,"1605007595000","1",
"16050060652102","Update","FALSE",,"1605007595000","2",
"16050060652113","Upgrade","FALSE",,"1605007595000","3",
"16050065393450","Schrägstrich","FALSE",,"1605006539000","0",
"16050065393451","Backslash","TRUE",,"1605006539000","1",
"16050065393462","Backup","FALSE",,"1605006539000","2",
"16050065393463","Update","FALSE",,"1605006539000","3",
"16050068231780","Das Internet wird automatisch gestartet.","FALSE",,"1605007602000","0",
"16050068231791","Der Bildschirm schaltet sich automatisch ein.","FALSE",,"1605007602000","1",
"16050068231792","Der Drucker schaltet sich automatisch ein.","FALSE",,"1605007602000","2",
"16050068231803","Die Hardware wird überprüft und dann das Betriebssystem geladen.","TRUE",,"1605007602000","3",
"16050075552760","durch die entsprechende Schaltfläche in der Systemsteuerung","FALSE",,"1605007555000","0",
"16050075552771","im Taskmanager mit der Schaltfläche ""Task beenden""","TRUE",,"1605007555000","1",
"16050075552782","indem man die Stromzufuhr zum Computer unterbricht","FALSE",,"1605007555000","2",
"16050075552783","indem man die Anwendung noch einmal startet","FALSE",,"1605007555000","3",
"16050077644980","Datenbus","FALSE",,"1605007764000","0",
"16050077644981","Verzeichnispfad","TRUE",,"1605007764000","1",
"16050077644992","Dateisystem","FALSE",,"1605007764000","2",
"16050077644993","Datenhighway","FALSE",,"1605007764000","3",
"16050178581310","C:","TRUE",,"1605017881000","0",
"16050178581311","C&gt;","FALSE",,"1605017881000","1",
"16050178581322","A:","FALSE",,"1605017881000","2",
"16050178581323","A&gt;:","FALSE",,"1605017881000","3",
"16050188160750","Die automatische Zuordnung zu einem Programm geht verloren.","TRUE",,"1605018816000","0",
"16050188160751","Die Datei wird gelöscht.","FALSE",,"1605018816000","1",
"16050188160762","Die Datei wird zerstört.","FALSE",,"1605018816000","2",
"16050203948600","eine Datei löschen","TRUE",,"1605020394000","0",
"16050203948611","einen Ordner anlegen","TRUE",,"1605020394000","1",
"16050203948612","ein Diagramm zeichnen","FALSE",,"1605020394000","2",
"16050203948623","eine Tabelle erstellen","FALSE",,"1605020394000","3",
"16050207223910","USB-Stick","TRUE",,"1605020807000","0",
"16050207223911","externe Festplatte","TRUE",,"1605020807000","1",
"16050207223922","Netzwerk-Festplatte (NAS)","TRUE",,"1605020807000","2",
"16050207223923","Hauptspeicher (RAM)","FALSE",,"1605020807000","3",
"16050231333760","Statusleiste","FALSE",,"1605023133000","0",
"16050231333771","Menüleiste","TRUE",,"1605023133000","1",
"16050231333782","Bildlaufleiste","FALSE",,"1605023133000","2",
"16050231333783","Titelleiste","FALSE",,"1605023133000","3",
"16050251628270","mittels einer Spracherkennungssoftware","TRUE",,"1605025162000","0",
"16050251628281","mit der Tastatur","TRUE",,"1605025162000","1",
"16050251628282","mit dem Touchscreen","TRUE",,"1605025162000","2",
"16050251628293","mit der Firewall","FALSE",,"1605025162000","3",
"16050253255410","durch die Spracherkennungssoftware","FALSE",,"1605025325000","0",
"16050253255421","durch die Firewall","TRUE",,"1605025325000","1",
"16050253255422","durch die Tastatur","FALSE",,"1605025325000","2",
"16050253255433","durch die Textverarbeitung","FALSE",,"1605025325000","3",
"16050259312710","geschlossenes WLAN","FALSE",,"1605025931000","0",
"16050259312721","offenes WLAN","TRUE",,"1605025931000","1",
"16050259312722","Download","FALSE",,"1605025931000","2",
"16050259312733","Upload","FALSE",,"1605025931000","3",
"16050366019620","Der Zugriff kann ortsunabhängig erfolgen.","TRUE",,"1605045316000","0",
"16050366019631","Er funktioniert ohne Internet.","FALSE",,"1605045316000","1",
"16050366019642","Es kann nicht gleichzeitig darauf zugegriffen werden.","FALSE",,"1605045316000","2",
"16050366019653","Er ist immer kostenpflichtig.","FALSE",,"1605045316000","3",
"16050366897970","Festplatte","TRUE",,"1605045323000","0",
"16050366897971","RAM-Speicher","FALSE",,"1605045323000","1",
"16050366897982","DVD","FALSE",,"1605045323000","2",
"16050366897983","SSD","TRUE",,"1605045323000","3",
"16050369477470","WAN","FALSE",,"1605045345000","0",
"16050369477481","HDMI","FALSE",,"1605045345000","1",
"16050369477482","USB","FALSE",,"1605045345000","2",
"16050369477483","ISP (Internet Service Provider)","TRUE",,"1605045345000","3",
"16050371704090","durch ein Computernetzwerk","TRUE",,"1605045361000","0",
"16050371704091","durch viele Besprechungen","FALSE",,"1605045361000","1",
"16050371704102","alle Computer werden in einem Raum aufgestellt","FALSE",,"1605045361000","2",
"16050371704113","durch die Verwendung eines Cloud-Speichers","TRUE",,"1605045361000","3",
"16050445216440","Sie sollten nur aus Buchstaben bestehen.","FALSE",,"1605044541000","0",
"16050445216441","Sie sollten aus Buchstaben, Zahlen und Sonderzeichen bestehen.","TRUE",,"1605044541000","1",
"16050445216452","Sie sollten nur aus Sonderzeichen bestehen.","FALSE",,"1605044541000","2",
"16050448296490","vereinfachte Zusammenarbeit","TRUE",,"1605044829000","0",
"16050448296491","weltweiter Zugriff","TRUE",,"1605044829000","1",
"16050448296502","Zugriff durch weitere Personen ist nicht möglich","FALSE",,"1605044829000","2",
"16050448296503","Mobilität, da ein Zugriff mit Tablet, Smartphone und Laptop möglich ist","TRUE",,"1605044829000","3",
"16050450273120","Tastatursprache","TRUE",,"1605045027000","0",
"16050450273131","WLAN-Suche","FALSE",,"1605045027000","1",
"16050450273132","Lautstärke","FALSE",,"1605045027000","2",
"16050450273143","Zeit","FALSE",,"1605045027000","3",
"16050451321580","MBit/s","TRUE",,"1605045132000","0",
"16050451321581","KByte/s","FALSE",,"1605045132000","1",
"16050451321582","GB","FALSE",,"1605045132000","2",
"16050451321593","MHz","FALSE",,"1605045132000","3",
"16050451810420","Up- und Downloadgeschwindigkeit","TRUE",,"1605045181000","0",
"16050451810421","für die Größe des Speicherplatzes auf einer Festplatte","FALSE",,"1605045181000","1",
"16050451810432","für die Größe des Arbeitsspeichers","FALSE",,"1605045181000","2",
"16050451810433","für die Auflösung eines Bildes","FALSE",,"1605045181000","3",
"16050452539400","Browser","FALSE",,"1605045253000","0",
"16050452539411","Anwendungsprogramm Word","FALSE",,"1605045253000","1",
"16050452539412","Betriebssystem","TRUE",,"1605045253000","2",
"16050452539423","HTTP","FALSE",,"1605045253000","3",
"16050808717400","Ein Personal Computer braucht kein Anwendungsprogramm.","FALSE",,"1605080871000","0",
"16050808717411","Das Anwendungsprogramm ist die Basis, von der aus das Betriebssystem gestartet wird.","FALSE",,"1605080871000","1",
"16050808717412","Bei den modernen Computern besteht da kein Zusammenhang mehr.","FALSE",,"1605080871000","2",
"16050808717423","Das Betriebssystem ist die Basis, von der aus Anwendungsprogramme gestartet werden.","TRUE",,"1605080871000","3",
"16050820002510","Menü Ansicht, Inhalt","FALSE",,"1605082000000","0",
"16050820002521","rechte Maustaste auf das Laufwerk C:, Eigenschaften","TRUE",,"1605082000000","1",
"16050820002532","Menü Ansicht, Details","FALSE",,"1605082000000","2",
"16050820002543","linke Maustaste auf das Laufwerk C:, Eigenschaften","FALSE",,"1605082000000","3",
"16050856638940","Die Download-Geschwindigkeit kann bis zu 60 Megabit pro Sekunde betragen.","TRUE",,"1605086439000","0",
"16050856639031","Daten werden immer mit 60 Megabit heruntergeladen.","FALSE",,"1605086439000","1",
"16050856639042","Die Bandbreite bezeichnet die Geschwindigkeit der Datenübertragung.","TRUE",,"1605086439000","2",
"16050856639053","Die Upload-Geschwindigkeit kann bis zu 60 Megabit pro Sekunde betragen.","FALSE",,"1605086439000","3",
"16050859668260","sind Breitbandverbindungen mit Flatrate und Pauschaltarif.","TRUE",,"1605086434000","0",
"16050859668261","sind Breitbandverbindungen mit einem monatlichen Download-Volumen unter 3 GB.","FALSE",,"1605086434000","1",
"16050859668272","sind analoge Einwahl-Verbindungen mit 56 KBit/s.","FALSE",,"1605086434000","2",
"16050859668273","werden nach Upload-Volumen abgerechnet.","FALSE",,"1605086434000","3",
"16050865202260","Verschlüsselungsmethoden für ein drahtloses Netzwerk.","TRUE",,"1606222336000","0",
"16050865202271","Bezeichnungen für weltweite Netzwerke.","FALSE",,"1606222336000","1",
"16050865202272","ein Schutz des WLANs vor unbefugten Zugriffen.","TRUE",,"1606222336000","2",
"16050865202273","eine sichere Verschlüsselung von WLAN.","TRUE",,"1606222336000","3",
"16050866740750","ist ein gemeinsames Speichermedium für mehrere Nutzer*innen.","TRUE",,"1605086674000","0",
"16050866740761","ist ein frei gegebener Ordner auf dem Server.","TRUE",,"1605086674000","1",
"16050866740762","ist für jeden zugänglich.","FALSE",,"1605086674000","2",
"16050866740773","stellt Dokumente für mehrere Anwender*innen zur Verfügung.","TRUE",,"1605086674000","3",
"16050868366100","32 MBit dividiert durch 8 ergibt 4 MB (Megabyte)","TRUE",,"1605086836000","0",
"16050868366111","32 MB (Megabyte)","FALSE",,"1605086836000","1",
"16050871923110","Die Monitore werden so aufgestellt, dass die Nutzer*innen möglichst nicht geblendet werden.","TRUE",,"1605087192000","0",
"16050871923121","Es werden Online-Kurse angeboten.","FALSE",,"1605087192000","1",
"16050871923122","Das RAM wird in regelmäßigen Abständen getauscht.","FALSE",,"1605087192000","2",
"16050871923233","Bei der Bildschirmarbeit sollen regelmäßig Pausen eingelegt werden.","TRUE",,"1605087192000","3",
"16050874615280","In der Systemsteuerung","FALSE",,"1605087461000","0",
"16050874615281","In der Bedienungsanleitung","FALSE",,"1605087461000","1",
"16050874615292","In der Benutzerlizenz (EULA)","TRUE",,"1605087461000","2",
"16050874615293","Im Datenschutzgesetz","FALSE",,"1605087461000","3",
"16050885192470","mit der Tastenkombination Windows + Pause","TRUE",,"1605088519000","0",
"16050885192481","rechter Mausklick auf das Symbol Computer bzw. Arbeitsplatz, dann Eigenschaften","TRUE",,"1605088519000","1",
"16050885192482","mit der Tastenkombination Windows + x","FALSE",,"1605088519000","2",
"16050885192483","mit der Tastenkombination Windows + r, dann ""winver"" eingeben und auf OK klicken","TRUE",,"1605088519000","3",
"16050916324550","damit Apps installiert werden können","FALSE",,"1605091632000","0",
"16050916324561","um den Computer vor Angriffen von außen zu schützen","FALSE",,"1605091632000","1",
"16050916324562","damit die externe Hardware wie Drucker funktioniert","FALSE",,"1605091632000","2",
"16050916324573","um Daten im Schadensfall wiederherstellen zu können","TRUE",,"1605091632000","3",
"16050920299840","damit eine Anwendungssoftware funktioniert","FALSE",,"1605092152000","0",
"16050920299861","damit Bereiche des Bildschirms vergrößert angezeigt werden können","TRUE",,"1605092152000","1",
"16050920299872","damit sehbehinderte Menschen Texte leichter lesen können","TRUE",,"1605092152000","2",
"16050920299873","damit der Bildschirm mit dem Finger bedient werden kann","FALSE",,"1605092152000","3",
"16050925070210","Der Prozessor arbeitet mit einer Taktfrequenz von 3,6 GHz.","TRUE",,"1605092507000","0",
"16050925070221","Es steht für Central Processing Unit.","TRUE",,"1605092507000","1",
"16050925070222","Es ist die Zentraleinheit.","TRUE",,"1605092507000","2",
"16050925070223","Es steht für RAM.","FALSE",,"1605092507000","3",
"16050929864330","Extra große Symbole","TRUE",,"1605092986000","0",
"16050929864341","Inhalt","FALSE",,"1605092986000","1",
"16050929864352","Details","TRUE",,"1605092986000","2",
"16050929864353","Liste","TRUE",,"1605092986000","3",
"16056418002320","#DIV/0!","TRUE",,"1605647574000","0",
"16056418002321","Durch Null kann nicht dividiert werden.","FALSE",,"1605647574000","1",
"16056418002332","#BEZUG!","FALSE",,"1605647574000","2",
"16056418002333","#NAME?","FALSE",,"1605647574000","3",
"16056464175990","In der Formel wird mit dem Buchstaben ""a"" multipliziert, mit diesem Buchstaben kann Excel nichts anfangen.","TRUE",,"1605647779000","0",
"16056464175991","Es wird durch die Zahl 0 dividiert.","FALSE",,"1605647779000","1",
"16056464175992","Es wird mit der Zahl 0 multipliziert.","FALSE",,"1605647779000","2",
"16056464176003","Eine Zelle, auf die sich die Formel bezieht, wurde verschoben.","FALSE",,"1605647779000","3",
"16056466651730","Automatisch werden die zwei darunterliegenden Zellen ausgefüllt: Quartal 2, Quartal 3.","TRUE",,"1605646762000","0",
"16056466651741","Der Inhalt der Zelle  (Quartal 1) wird in die darunterliegenden Zellen kopiert.","FALSE",,"1605646762000","1",
"16056466651742","Der Inhalt der Zelle  (Quartal 1) wird in die darunterliegenden Zellen verschoben.","FALSE",,"1605646762000","2",
"16056466651753","Drei Zellen werden markiert.","FALSE",,"1605646762000","3",
"16056469874660","Auf eine beliebige Registerkarte klicken","TRUE",,"1605646987000","0",
"16056469874661","Auf den Befehl Menüband-Anzeigeoptionen klicken","TRUE",,"1605646987000","1",
"16056469874672","Tastenkombination STRG + F1","TRUE",,"1605646987000","2",
"16056469874673","Tastenkombination Alt + F4","FALSE",,"1605646987000","3",
"16056472577660","Die Zeile 12 wird beim Ausdruck auf jeder Seite oben angezeigt.","TRUE",,"1605647412000","0",
"16056472577661","Beim Scrollen bleibt die Zeile 12 auf der Stelle.","FALSE",,"1605647412000","1",
"16056472577672","Die Spaltennummerierung wird mit ausgedruckt.","FALSE",,"1605647412000","2",
"16056472577673","Die Zeile 12 wird eingefroren.","FALSE",,"1605647412000","3",
"16056475327400","Der Bezug auf die Zelle B6 muss in allen Formeln der Spalte C enthalten sein.","TRUE",,"1605647532000","0",
"16056475327401","Damit das Verhältnis 1. Quartal zum Jahresumsatz stimmt","FALSE",,"1605647532000","1",
"16056475327412","Damit die Formel in eine andere Zelle kopiert werden kann und der Bezug auf die Zelle B6 erhalten bleibt","TRUE",,"1605647532000","2",
"16056475327413","Damit wurde der Zelle ein Währungsformat zugewiesen.","FALSE",,"1605647532000","3",
"16056476632120","#WERT!","TRUE",,"1605647682000","0",
"16056476632131","#BEZUG!","FALSE",,"1605647682000","1",
"16056476632132","##########","FALSE",,"1605647682000","2",
"16056476632143","#DIV/0!","FALSE",,"1605647682000","3",
"16056477381540","#BEZUG!","TRUE",,"1605647847000","0",
"16056477381541","#WERT!","FALSE",,"1605647847000","1",
"16056477381552","#DIV/0!","FALSE",,"1605647847000","2",
"16056477381553","#Name!","FALSE",,"1605647847000","3",
"16056842053930","Antiviren-Programme müssen sich laufend durch Updates aktuell halten.","TRUE",,"1605684515000","0",
"16056842053931","Im Normalfall werden Antiviren-Programme automatisch aktualisiert.","TRUE",,"1605684515000","1",
"16056842053942","Die Firma Microsoft stellt kein Antiviren-Programm zur Verfügung.","FALSE",,"1605684515000","2",
"16056842053943","Sie erkennen 99.99% aller Malware.","FALSE",,"1605684515000","3",
"16056842443160","Pretexting","FALSE",,"1605684244000","0",
"16056842443171","Pharming","FALSE",,"1605684244000","1",
"16056842443172","Phishing","FALSE",,"1605684244000","2",
"16056842443183","Information Diving","TRUE",,"1605684244000","3",
"16056845092610","Abfangen der Tastatureingaben","TRUE",,"1605684509000","0",
"16056845092611","Hacker können dadurch zu Passwörtern gelangen.","TRUE",,"1605684509000","1",
"16056845092622","Betrugsmethode, bei der User auf gefälschte Webseiten umgeleitet werden","FALSE",,"1605684509000","2",
"16056845092623","Identitätsdiebstahl","FALSE",,"1605684509000","3",
"16056847794450","Backups sollen regelmäßig durchgeführt werden.","TRUE",,"1605685635000","0",
"16056847794461","Für die Durchführung von periodischen Backups ist ein Ablaufplan zu erstellen.","TRUE",,"1605685635000","1",
"16056847794472","Window 7 und Windows 8 bieten keine Backup-Funktion an.","FALSE",,"1605685635000","2",
"16056847794473","Privatpersonen benötigen keine Backups.","FALSE",,"1605685635000","3",
"16056857105970","Ein Botnet ist ein soziales Netzwerk.","FALSE",,"1605687246000","0",
"16056857105981","Bots sind automatisierte Computerprogramme, die infizierte Computer zu einer Gruppe zusammenschließen.","TRUE",,"1605687246000","1",
"16056857105982","Die Betreiber von Botnets missbrauchen Computer z. B. für den Versand von Spam- oder Phishingmails.","TRUE",,"1605687246000","2",
"16056857105993","Bots sind kleine Textdateien, die die besuchte Website über den Browser auf dem PC des Benutzers/ der Benutzer*in abgespeichert werden.","FALSE",,"1605687246000","3",
"16056860189110","Schutz der Kindern vor ungeeigneten Webinhalten","TRUE",,"1605686018000","0",
"16056860189121","Einstellen von Zeitlimits","TRUE",,"1605686018000","1",
"16056860189122","Sperren von Downloads","TRUE",,"1605686018000","2",
"16056860189123","Süßigkeitenverbot","FALSE",,"1605686018000","3",
"16056865851410","IsaUevE4M!","TRUE",,"1605686585000","0",
"16056865851421","Wolfgang14","FALSE",,"1605686585000","1",
"16056865851422","password","FALSE",,"1605686585000","2",
"16056866507250","Viren können sich selbständig verbreiten.","TRUE",,"1605719975000","0",
"16056866507251","Viren können das infizierte Programm verändern.","TRUE",,"1605719975000","1",
"16056866507262","Viren werden durch ein Antiviren-Programm sofort gelöscht.","FALSE",,"1605719975000","2",
"16056866507263","Viren gibt es nur bei Geräten mit einem Windows Betriebssystem.","FALSE",,"1605719975000","3",
"16056872413060","Es werden gezielt gefälschte Webseiten angezeigt, obwohl die Adresse korrekt eingegeben wurde. (Umleitung)","TRUE",,"1605720027000","0",
"16056872413071","Die Tastatureingabe wird aufgezeichnet.","FALSE",,"1605720027000","1",
"16056872413072","Makros werden in Dokumenten aktiviert.","FALSE",,"1605720027000","2",
"16056872413083","Kinder werden vor ungeeigneten Webinhalten geschützt.","FALSE",,"1605720027000","3",
"16056877194830","Viren werden im Betriebssystem so versteckt, dass Antiviren-Programme sie nicht entdecken können.","FALSE",,"1605720073000","0",
"16056877194851","Man erhält gefälschte E-Mails.","TRUE",,"1605720073000","1",
"16056877194852","Der Empfänger/ die Empfänger*in einer Phishing-Mail soll auf einer gefälschten Seite Bankkontodaten eingeben.","TRUE",,"1605720073000","2",
"16056877194863","Man wird am Bankomaten bei der Eingabe von Daten beobachtet.","FALSE",,"1605720073000","3",
"16056884420300","Es handelt sich um Identitätsdiebstahl.","TRUE",,"1605720082000","0",
"16056884420311","Es wird eine fremde Identität vorgegeben.","TRUE",,"1605720082000","1",
"16056884420332","Es ist eine Social-Engineering-Technik.","TRUE",,"1605720082000","2",
"16056884420333","Es schützt Kinder vor ungeeigneten Webinhalten.","FALSE",,"1605720082000","3",
"16056886871160","Attachments können Malware enthalten.","TRUE",,"1605719973000","0",
"16056886871161","Verstoß gegen die Datenschutz-Grundverordnung DSGVO beim Öffnen des Attachments","FALSE",,"1605719973000","1",
"16056886871172","Absender-Adressen können gefälscht sein und das Attachment kann Viren enthalten.","TRUE",,"1605719973000","2",
"16056886871173","Mobbing am Arbeitsplatz","FALSE",,"1605719973000","3",
"16056894766570","... versuchen sich in einem infizierten System so gut wie möglich zu verstecken.","TRUE",,"1605689969000","0",
"16056894766581","... verschlüsseln die Festplatte und verlangen Lösegeld.","FALSE",,"1605689969000","1",
"16056894766582","... fangen oft sensible Kommunikation ab.","TRUE",,"1605689969000","2",
"16056894766593","... sind allgemeiner Standard bei drahtlosen Netzwerken.","FALSE",,"1605689969000","3",
"16056899161590","... verbreitet sich in einem lokalen Netzwerk (LAN).","TRUE",,"1605689916000","0",
"16056899161601","... verbreitet sich selbständig.","TRUE",,"1605689916000","1",
"16056899161612","... kann über einen infizierten USB-Stick in das System eindringen.","TRUE",,"1605689916000","2",
"16056899161613","... kommen durch Phishing-Mails auf den Computer.","TRUE",,"1605689916000","3",
"16057167669160","Es sind kleine Textdateien, die Informationen über eine besuchte Website auf dem PC des Benutzers/ der Benutzer*in abspeichern.","TRUE",,"1605716766000","0",
"16057167669171","Anbieter von Webshops verwenden Cookies, um Benutzer*innen wiederzuerkennen.","TRUE",,"1605716766000","1",
"16057167669172","Cookies sind Textdateien, die Computerprogramme infizieren.","FALSE",,"1605716766000","2",
"16057167669183","Cookies sollten vom Anwender/ von der Anwender*in nie zugelassen werden.","FALSE",,"1605716766000","3",
"16057170198890","Informationsbeschaffung durch Beobachtung bei der Eingabe von Daten wie PINs oder Passwörtern","TRUE",,"1605782153000","0",
"16057170198901","Makros werden in Dokumenten aktiviert.","FALSE",,"1605782153000","1",
"16057170198912","Eine Kindersicherung schützt Kinder vor ungeeigneten Webinhalten.","FALSE",,"1605782153000","2",
"16057170198913","Bei dem Arbeiten am Laptop kann die Eingabe von Zugangsdaten beobachtet werden.","TRUE",,"1605782153000","3",
"16057175542080","Erwachsene geben sich in sozialen Netzwerken als Jugendliche aus.","TRUE",,"1605720149000","0",
"16057175542081","Es ist eine Form der sexuellen Belästigung im Internet.","TRUE",,"1605720149000","1",
"16057175542092","Es ist nicht strafbar.","FALSE",,"1605720149000","2",
"16057175542093","Man erkennt es meist sofort.","FALSE",,"1605720149000","3",
"16057200206120","Bei der Installation eines Freeware-Programms muss die Adware sehr oft abgewählt werden.","TRUE",,"1605720020000","0",
"16057200206131","Die Ask-Toolbar wird als Adware häufig mitinstalliert.","TRUE",,"1605720020000","1",
"16057200206132","Adware infiziert immer Programme.","FALSE",,"1605720020000","2",
"16057200206143","Adware kann meistens problemlos deinstalliert werden.","TRUE",,"1605720020000","3",
"16057204474810","Der Angreifer nutzt für Zwecke der Industriespionage menschliche Eigenschaften wie Hilfsbereitschaft aus.","TRUE",,"1605777700000","0",
"16057204474821","Positive Eigenschaften wie Hilfsbereitschaft, Kundenfreundlichkeit, Dankbarkeit oder Gutgläubigkeit werden vom Angreifer ausgenutzt.","TRUE",,"1605777700000","1",
"16057204474822","Gewonnene Information werden für einen Einbruch in das Firmennetzwerk verwendet.","TRUE",,"1605777700000","2",
"16057204474833","Es werden Viren im Betriebssystem versteckt.","FALSE",,"1605777700000","3",
"16057207534020","Unwahrheiten werden in sozialen Netzwerken verbreitet.","TRUE",,"1605720753000","0",
"16057207534031","Kompromittierende Fotos werden in sozialen Netzwerken verbreitet.","TRUE",,"1605720753000","1",
"16057207534032","Sicherheitslücken werden in Netzwerken aufgezeigt.","FALSE",,"1605720753000","2",
"16057207534043","Computerviren verändern Computerprogramme.","FALSE",,"1605720753000","3",
"16057208128790","Es sind unerwünschte E-Mails.","TRUE",,"1605720812000","0",
"16057208128801","Es sind E-Mails mit einer digitalen Signatur.","FALSE",,"1605720812000","1",
"16057208128802","Es sind E-Mails, die verschlüsselt übertragen werden.","FALSE",,"1605720812000","2",
"16057208128813","Es sind E-Mails mit zweifelhaften Angeboten.","TRUE",,"1605720812000","3",
"16057209534540","Datenträger werden geschreddert.","TRUE",,"1605720953000","0",
"16057209534551","Festplatten werden entmagnetisiert.","TRUE",,"1605720953000","1",
"16057209534552","Der Computer wird als Sperrmüll entsorgt.","FALSE",,"1605720953000","2",
"16057209534563","Die Daten auf der Festplatte werden mit dem Löschbefehl gelöscht.","FALSE",,"1605720953000","3",
"16057213100780","... kann auch mit dem Wort ""Junkmail"" umschrieben werden.","FALSE",,"1605721310000","0",
"16057213100781","... forscht sich auf dem Computer befindende Informationen aus.","TRUE",,"1605721310000","1",
"16057213100792","... sendet ausgeforschte Daten in das Internet.","TRUE",,"1605721310000","2",
"16057213100793","... wird oft mit nützlicher Software installiert, manchmal ohne dabei den Anwender/ die Anwender*in zu fragen.","TRUE",,"1605721310000","3",
"16057213736220","Jede Person kann Einsicht in ihre gespeicherten Daten haben und ihre Richtigstellung verlangen.","TRUE",,"1605721373000","0",
"16057213736231","Schutz natürlicher Personen bei der Verarbeitung personenbezogener Daten","TRUE",,"1605721373000","1",
"16057213736232","Auf jedem Computer muss ein Antiviren-Programm installiert sein.","FALSE",,"1605721373000","2",
"16057213736243","Unternehmen dürfen nur Daten erfassen, die für den Zweck des Unternehmens notwendig sind.","TRUE",,"1605721373000","3",
"16057216831220","... sind oft als nützliche Anwendung getarnt.","TRUE",,"1605721698000","0",
"16057216831231","... arbeiten meistens ohne Wissen des Anwenders/ der Anwender*in.","TRUE",,"1605721698000","1",
"16057216831232","... sind Malware.","TRUE",,"1605721698000","2",
"16057216831243","... können sich wie ein Computervirus selbst vervielfältigen.","FALSE",,"1605721698000","3",
"16057230293760","Eine VPN-Verbindung ist ein privates Netzwerk, das ein öffentliches Netzwerk wie das Internet nutzt.","TRUE",,"1605723029000","0",
"16057230293771","Virtual Private Network","TRUE",,"1605723029000","1",
"16057230293782","Virtual Personal Network","FALSE",,"1605723029000","2",
"16057230293783","Drahtlosnetzwerk","FALSE",,"1605723029000","3",
"16057235273880","... ist ein veraltetes Verfahren zur Verschlüsselung von drahtlosen Netzwerken (WLAN).","TRUE",,"1605723527000","0",
"16057235273901","... ist sehr unsicher.","TRUE",,"1605723527000","1",
"16057235273902","... wurde durch WPA bzw. WPA2 oder WPA3 abgelöst.","TRUE",,"1605723527000","2",
"16057235273913","... kann mit heutiger Technik nicht geknackt werden.","FALSE",,"1605723527000","3",
"16057264767920","Nur berechtigte Personen können den Inhalt der E-Mail lesen.","FALSE",,"1605726757000","0",
"16057264767931","Vollständigkeit und Unveränderbarkeit der Daten","FALSE",,"1605726757000","1",
"16057264767942","Der Absender der E-Mail kann eindeutig identifiziert werden.","TRUE",,"1605726757000","2",
"16057264767943","Die Daten werden verschlüsselt übertragen.","FALSE",,"1605726757000","3",
"16057267439840","Betrüger haben einen Bankomaten so präpariert, dass Magnetstreifen-Informationen kopiert und die eventuell die Tastendrücke übermittelt werden.","TRUE",,"1605726743000","0",
"16057267439851","Die Pineingabe wird am Bankomaten beobachtet.","TRUE",,"1605726743000","1",
"16057267439852","Der Angreifer/ die Angreifer*in nutzt menschliche Eigenschaften wie Hilfsbereitschaft aus.","FALSE",,"1605726743000","2",
"16057267439863","Makros in Dokumenten werden aktiviert.","FALSE",,"1605726743000","3",
"16057271389780","... bietet Schutz vor Malware beim Öffnen eines Dateianhangs einer E-Mail.","FALSE",,"1605727138000","0",
"16057271389791","... bietet Schutz vor Angriffen aus Netzwerken.","TRUE",,"1605727138000","1",
"16057271389792","... bietet Schutz vor Angriffen von Hackern.","TRUE",,"1605727138000","2",
"16057271389803",".. .übernimmt die Aufgaben eines Antiviren-Progamms.","FALSE",,"1605727138000","3",
"16057279083360","Textverarbeitung Word","TRUE",,"1605727908000","0",
"16057279083371","Bildbearbeitung Gimp","FALSE",,"1605727908000","1",
"16057279083372","Microsoft Movie Maker","FALSE",,"1605727908000","2",
"16057279083383","Microsoft Editor","FALSE",,"1605727908000","3",
"16057702025790","den Rechner neu starten","FALSE",,"1605770202000","0",
"16057702025801","den Rechner vom Internet und lokalem Netzwerk trennen","TRUE",,"1605770202000","1",
"16057702025812","einen neuen Computer kaufen","FALSE",,"1605770202000","2",
"16057702025813","den Rechner auf Viren überprüfen","TRUE",,"1605770202000","3",
"16057703790640","Im Internet ist alles möglich. Jeder ist für sich verantwortlich.","FALSE",,"1605770379000","0",
"16057703790651","Prinzipiell gelten dieselben Gesetze wie im wirklichen Leben.","TRUE",,"1605770379000","1",
"16057703790662","Alle gesetzlichen Bestimmungen werden in den AGBs der Seitenanbieter angegeben.","FALSE",,"1605770379000","2",
"16057703790673","Der Staat regelt alles im Internet.","FALSE",,"1605770379000","3",
"16057704757380","Aus Informationen werden Daten gewonnen.","FALSE",,"1605785573000","0",
"16057704757401","Aus Daten können Informationen gewonnen werden.","TRUE",,"1605785573000","1",
"16057704757402"," Daten sind Informationen.","FALSE",,"1605785573000","2",
"16057705551020","Präparierte Internetseiten infizieren Computer mit Malware allein durch den Aufruf dieser Webseite.","TRUE",,"1605770555000","0",
"16057705551031","Von Malware befallene Dateien werden von der Antiviren-Software in Quarantäne verschoben.","FALSE",,"1605770555000","1",
"16057705551032","Es ist der Kauf von Software im Internet, die man downloaden kann.","FALSE",,"1605770555000","2",
"16057705551043","Es ist eine besonders schnelle Art des Herunterladens von Daten.","FALSE",,"1605770555000","3",
"16057706106650","Personenbezogene Daten dürfen nur unter Einhaltung gesetzlicher Vorschriften verarbeitet werden.","TRUE",,"1605785593000","0",
"16057706106661","Personenbezogene Daten dürfen beliebig zwischen Firmen ausgetauscht werden.","FALSE",,"1605785593000","1",
"16057706106672","Eine Einwilligung der betroffenen Person ist erforderlich.","TRUE",,"1605785593000","2",
"16057706106673","Eine Einwilligung der betroffenen Personen zur Verarbeitung und Speicherung ihrer Daten kann widerrufen werden.","TRUE",,"1605785593000","3",
"16057740751150","Man muss das Passwort eingeben, damit die Daten wieder lesbar werden.","TRUE",,"1605788048000","0",
"16057740751161","Eine Datenverschlüsselung verhindert Schäden durch Computerviren.","FALSE",,"1605788048000","1",
"16057740751162","Ein Passwort kann durch ein Keylogger-Programm ausspioniert werden.","TRUE",,"1605788048000","2",
"16057740751173","Nur jemand, der das Passwort kennt, kann auf die Daten zugreifen.","TRUE",,"1605788048000","3",
"16057743615230","Der URL weicht von der gewohnten Website ab. ","TRUE",,"1605774361000","0",
"16057743615241","Sie erhalten eine Aufforderung zur Eingabe von TANs vor der Online-Banking Anmeldung","TRUE",,"1605774361000","1",
"16057743615242","Bei falscher Eingabe des Passworts wird trotzdem die nächste Seite angezeigt.","TRUE",,"1605774361000","2",
"16057743615253","Nach dem Anmelden wird Ihre Kontoübersicht mit Kontoständen und Ihrem Namen links oben angezeigt.","FALSE",,"1605774361000","3",
"16057745972710","Man verwendet eine eigene E-Mail-Adresse für Gewinnspiele im Internet, die man auch ohne Verlust löschen kann.","TRUE",,"1605774597000","0",
"16057745972721","Man verwendet nicht überall das gleiche Passwort.","TRUE",,"1605774597000","1",
"16057745972722","Man gibt möglichst wenig persönliche Daten im Internet bekannt.","TRUE",,"1605774597000","2",
"16057745972733","Man gibt den besten Freunden den Benutzernamen und das Passwort bekannt.","FALSE",,"1605774597000","3",
"16057776385230","Daten können gespeichert werden.","TRUE",,"1605778065000","0",
"16057776385231","Aus Daten können Informationen gewonnen werden.","TRUE",,"1605778065000","1",
"16057776385242","Daten können verarbeitet werden.","TRUE",,"1605778065000","2",
"16057776385243","Daten sind Informationen.","FALSE",,"1605778065000","3",
"16057780601400","soziales Engagement im Internet","FALSE",,"1605778060000","0",
"16057780601411","sichere Backup-Strategie","FALSE",,"1605778060000","1",
"16057780601412","Verbindung der Rechenleistung mehrer Computer","FALSE",,"1605778060000","2",
"16057780601413","eine Methode von Betrügern, durch Ausnützung von zwischenmenschlichen Beeinflussungen an Daten zu kommen","TRUE",,"1605778060000","3",
"16057781783820","Der Verantwortliche (z. B. Händler) ist verpflichtet, dem Betroffenen auf Wunsch Auskunft über die zu seiner Person verarbeiteten Daten zu geben.","TRUE",,"1605778178000","0",
"16057781783831","Daten dürfen ohne vorherige Zustimmung des Betroffenen nur in speziellen Fällen weitergegeben werden.","TRUE",,"1605778178000","1",
"16057781783842","Auf begründetem Antrag des Betroffenen müssen Daten richtiggestellt oder gelöscht werden.","TRUE",,"1605778178000","2",
"16057781783843","Die DSGVO gilt EU-weit.","TRUE",,"1605778178000","3",
"16057782485650","politische Meinung","TRUE",,"1605778248000","0",
"16057782485661","Geburtsdatum","FALSE",,"1605778248000","1",
"16057782485672","religiöse Überzeugung","TRUE",,"1605778248000","2",
"16057782485673","rassische und ethnische Herkunft","TRUE",,"1605778248000","3",
"16057784035390","Verschlüsselte Daten sind für Nichtberechtigte nicht lesbar.","TRUE",,"1605780429000","0",
"16057784035401","Der Speicherbedarf der Daten wird geringer.","FALSE",,"1605780429000","1",
"16057784035402","Daten sind sicher vor Viren.","FALSE",,"1605780429000","2",
"16057784035413","Datenpakete können so versendet werden.","FALSE",,"1605780429000","3",
"16057787556670","Vertrauliche Daten sollen von jedem/jeder Mitarbeiter*in gelesen werden können.","FALSE",,"1605780409000","0",
"16057787556681","Vertrauliche Daten dürfen nur befugten Benutzer*innen zugänglich gemacht werden.","TRUE",,"1605780409000","1",
"16057787556692","Sehr oft kann nur durch die Eingabe Benutzername und Passwort auf vertrauliche Daten zugegriffen werden.","TRUE",,"1605780409000","2",
"16057787556703","Vertrauliche Daten werden an befreundete Personen weitergegeben.","FALSE",,"1605780409000","3",
"16057789801230","Firewall","TRUE",,"1605778980000","0",
"16057789801241","FTP-Programm","FALSE",,"1605778980000","1",
"16057789801252","TrueCrypt","FALSE",,"1605778980000","2",
"16057789801253","Router","FALSE",,"1605778980000","3",
"16057790711110","welche Personen Inhalte sehen können","TRUE",,"1605779071000","0",
"16057790711121","welche Fotos hochgeladen werden dürfen","FALSE",,"1605779071000","1",
"16057790711132","ob die Übertragung der Informationen verschlüsselt erfolgt","FALSE",,"1605779071000","2",
"16057790711133","welche Hintergrundfarbe verwendet wird","FALSE",,"1605779071000","3",
"16057791110970","E-Mail öffnen","FALSE",,"1605779111000","0",
"16057791110971","In den meisten Fällen löschen","TRUE",,"1605779111000","0",
"16057791110982","Den Absender informieren, dass man den Empfang solcher E-Mails nicht wünscht","FALSE",,"1605779111000","0",
"16057791110993","Die E-Mail weiterleiten","FALSE",,"1605779111000","0",
"16057792071190","um Sicherheitslücken zu schließen","TRUE",,"1605780443000","0",
"16057792071201","es gibt neue Features","TRUE",,"1605780443000","1",
"16057792071202","um online einkaufen zu können","FALSE",,"1605780443000","2",
"16057792071213","um eine App zu installieren","FALSE",,"1605780443000","3",
"16057794821380","Firewall","FALSE",,"1605780277000","0",
"16057794821381","Rootkit","FALSE",,"1605780277000","1",
"16057794821392","Frontdoor","FALSE",,"1605780277000","2",
"16057794821393","Backdoor","TRUE",,"1605780277000","3",
"16057802497990","Soll die Datei in Quarantäne verschoben werden?","TRUE",,"1605780440000","0",
"16057802497991","Soll der Computer neu gestartet werden?","FALSE",,"1605780440000","1",
"16057802498002","Sollen Makros aktiviert werden?","FALSE",,"1605780440000","2",
"16057802498003","Soll ein Update installiert werden?","FALSE",,"1605780440000","3",
"16057804028280","Integrität","FALSE",,"1605780402000","0",
"16057804028281","Vertraulichkeit","FALSE",,"1605780402000","1",
"16057804028292","Menge","TRUE",,"1605780402000","2",
"16057804028293","Verfügbarkeit","FALSE",,"1605780402000","3",
"16057807257110","Zugang zum Internet ohne Kabelverbindung","TRUE",,"1605780948000","0",
"16057807257121","Zugang zum Internet mit Kabelverbindung","FALSE",,"1605780948000","1",
"16057807257132","Aktivieren eines Hotspots am Smartphone für andere mobile Geräte","TRUE",,"1605780948000","2",
"16057809368710","Rootkits","FALSE",,"1605780936000","0",
"16057809368721","Makroviren","FALSE",,"1605780936000","1",
"16057809368722","Computerwürmer","TRUE",,"1605780936000","2",
"16057809368733","Shareware","FALSE",,"1605780936000","3",
"16057811734940","Mit einem Kennwort zum Öffnen","TRUE",,"1605781766000","0",
"16057811734951","Durch Einschränkung der Bearbeitungsmöglichkeiten durch andere Personen","TRUE",,"1605781766000","1",
"16057811734952","Mithilfe von Makros","FALSE",,"1605781766000","2",
"16057817569500","Spam","TRUE",,"1605781756000","0",
"16057817569511","Backdoor","FALSE",,"1605781756000","1",
"16057817569512","Junk-E-Mail","TRUE",,"1605781756000","2",
"16057817569523","Skimming","FALSE",,"1605781756000","3",
"16057818905300","exe","TRUE",,"1605781890000","0",
"16057818905311","docx","FALSE",,"1605781890000","1",
"16057818905312","xlsx","FALSE",,"1605781890000","2",
"16057818905323","pptx","FALSE",,"1605781890000","3",
"16057820489970","Vorkasse","FALSE",,"1605946201000","0",
"16057820489981","Nachnahme","FALSE",,"1605946201000","1",
"16057820489982","Kreditkarte","FALSE",,"1605946201000","2",
"16057820489993","Auf Rechnung","TRUE",,"1605946201000","3",
"16057822285690","Social Engineering","TRUE",,"1605782436000","0",
"16057822285701","Hacking","FALSE",,"1605782436000","1",
"16057822285702","Pharming","FALSE",,"1605782436000","2",
"16057822285703","Phishing","FALSE",,"1605782436000","3",
"16057824327690","Encrypt","FALSE",,"1605782432000","0",
"16057824327701","Winzip-Verschlüsselung","FALSE",,"1605782432000","1",
"16057824327712","TrueCrypt","TRUE",,"1605782432000","2",
"16057824327713","AntiVir","FALSE",,"1605782432000","3",
"16057825415100","Sie installiert sich oft selbständig auf dem Computer.","TRUE",,"1605782541000","0",
"16057825415101","Sie überprüft den Computer auf Schadprogramme.","FALSE",,"1605782541000","1",
"16057825415102","Der Download ist kostenpflichtig.","FALSE",,"1605782541000","2",
"16057825415113","Sie verbessert die Leistung des Computers.","FALSE",,"1605782541000","3",
"16057825782810","Ich gebe ihm Name, Adresse und Handynummer - er soll mich bald besuchen.","FALSE",,"1605782578000","0",
"16057825782811","Ich bin schon neugierig, aber wenn ich mich mit dieser Person treffe, dann gehe ich sicher nicht alleine hin!","TRUE",,"1605782578000","1",
"16057825782822","Das wird spannend. Klar treffen wir uns!","FALSE",,"1605782578000","2",
"16057827974500","25081997 (das Geburtsdatum!)","FALSE",,"1605782797000","0",
"16057827974501","Wolfgang14 (Vorname und Alter)","FALSE",,"1605782797000","1",
"16057827974512","IsaUevE4M! (Groß- und Kleinbuchstaben, Zahlen, Sonderzeichen)","TRUE",,"1605782797000","2",
"16057854487130","Mit Hilfe eines digitalen Zertifikats","FALSE",,"1605785513000","0",
"16057854487141","Mit Hilfe der IP-Adresse seines Rechners und dem Zeitpunkt des Zugriffs durch Anfrage beim Provider","TRUE",,"1605785513000","1",
"16057854487172","Durch verschlüsselte Webseiten","FALSE",,"1605785513000","2",
"16057854487193","Der Virenscanner meldet illegale Aktivitäten an den Provider weiter.","FALSE",,"1605785513000","3",
"16057881732920","Bereitstellung von Rechnerleistung","FALSE",,"1605788342000","0",
"16057881732921","Einfachere Zusammenarbeit","FALSE",,"1605788342000","1",
"16057881732932","Bereitstellung von Speicherplatz","FALSE",,"1605788342000","2",
"16057881732933","Man trifft sich öfter persönlich.","TRUE",,"1605788342000","3",
"16057883346960","Überprüft die Identität des Nutzers/ der Nutzer*in","FALSE",,"1605788334000","0",
"16057883346971","Verschiebt verdächtige Dateien in Quarantäne","TRUE",,"1605788334000","1",
"16057883346982","Prüft im Hintergrund alle laufenden Aktivitäten","TRUE",,"1605788334000","2",
"16057883346983","Blockiert Malware","TRUE",,"1605788334000","3",
"16057887662400","Digitales Zertifikat","FALSE",,"1605788766000","0",
"16057887662401","Dialer","FALSE",,"1605788766000","1",
"16057887662412","Erpressungstrojaner","TRUE",,"1605788766000","2",
"16057887662413","Cloudspeicher","FALSE",,"1605788766000","3",
"16057888328520","Sie ist eine gültige Unterschrift auf einem elektronischen Dokument - z. B. einem PDF","TRUE",,"1605789209000","0",
"16057888328531","Die Daten müssen vollständig vernichtet werden.","FALSE",,"1605789209000","1",
"16057888328532","Es muss sichergestellt werden, dass ein elektronisches Dokument (z. B. PDF) nicht verändert wurde.","TRUE",,"1605789209000","2",
"16057888328543","Es muss sichergestellt werden, dass das elektronische Dokument vom vorgegebenen Absender gesendet wurde.","TRUE",,"1605789209000","3",
"16057888749790","Er verschlüsselt einen Computer.","FALSE",,"1605788966000","0",
"16057888749801","Er nützt Sicherheitslücken aus.","FALSE",,"1605788966000","1",
"16057888749802","Er erlaubt den Zugang nur bei passender MAC-Adresse.","TRUE",,"1605788966000","2",
"16057888749803","Er erstellt ein Backup.","FALSE",,"1605788966000","3",
"16057891717440","in der Cloud auf einem Server","FALSE",,"1605794154000","0",
"16057891717441","auf dem Smartphone","TRUE",,"1605794154000","1",
"16057891717452","bei einem Provider","FALSE",,"1605794154000","2",
"16057891717453","im Exceldokument","FALSE",,"1605794154000","3",
"16057892313460","Kann in der URL gefunden werden.","TRUE",,"1606164951000","0",
"16057892313461","Für E-Banking nicht notwendig.","FALSE",,"1606164951000","1",
"16057892313472","Neben der URL findet sich ein Schlosssymbol.","TRUE",,"1606164951000","2",
"16057892313483","Gesicherte Übertragung.","TRUE",,"1606164951000","3",
"16057892659650","Man muss sich nur wenige Passwörter merken.","FALSE",,"1605789265000","0",
"16057892659661","Man muss sich nur ein Passwort merken.","TRUE",,"1605789265000","1",
"16057892659662","Kinder werden vor ungeeigneten Inhalten im Web geschützt.","FALSE",,"1605789265000","2",
"16057892659673","Alle Daten werden verschlüsselt.","FALSE",,"1605789265000","3",
"16057893221300","Auf Inkompatibilität zu überprüfen","FALSE",,"1605789364000","0",
"16057893221311","In Computersysteme einzubrechen","TRUE",,"1605789364000","1",
"16057893221312","Sicherheitslücken zu nützen","TRUE",,"1605789364000","2",
"16057893221323","Daten zu stehlen","TRUE",,"1605789364000","3",
"16057894422040","ein Hotspot","FALSE",,"1605794556000","0",
"16057894422051","ein Makro in einer Word-Datei","FALSE",,"1605794556000","1",
"16057894422052","eine Geheimzahl, mit der sich eine Person authentifizieren kann","TRUE",,"1605794556000","2",
"16057894422063","personenbezogene Daten laut DSGVO","FALSE",,"1605794556000","3",
"16057922282160","LAN","TRUE",,"1605792228000","0",
"16057922282171","WAN","FALSE",,"1605792228000","1",
"16057922282182","VPN","FALSE",,"1605792228000","2",
"16057922282183","GAN","FALSE",,"1605792228000","3",
"16057938675470","Webseitenübergreifende Angriffe","TRUE",,"1605793867000","0",
"16057938675481","Mobbing mithilfe von elektronischen Medien","FALSE",,"1605793867000","1",
"16057938675482","Erpressungstrojaner","FALSE",,"1605793867000","2",
"16057938675493","Phishing","FALSE",,"1605793867000","3",
"16057940919770","Geburtsdatum und Kennwort","FALSE",,"1605794091000","0",
"16057940919781","Kennwort und Passwort","FALSE",,"1605794091000","1",
"16057940919782","Benutzername und Kennwort","TRUE",,"1605794091000","2",
"16057940919793","Benutzername und Adresse","FALSE",,"1605794091000","3",
"16057944517950","Eine Multi‐Faktor‐Authentifizierung","FALSE",,"1605794776000","0",
"16057944517961","Öffentliches WLAN","FALSE",,"1605794776000","1",
"16057944517972","Ein Smartphone stellt für ein anderes Gerät WLAN zur Verfügung","TRUE",,"1605794776000","2",
"16057944517983","Ein Backup","FALSE",,"1605794776000","3",
"16057946485160","Benutzername, Passwort und zusätzlich Fingerabdruck","TRUE",,"1605794648000","0",
"16057946485161","Biometrische Identifizierung und Pin","TRUE",,"1605794648000","1",
"16057946485172","Benutzername und Passwort","FALSE",,"1605794648000","2",
"16057946485173","Einmalpasswort und Iris-Scan","TRUE",,"1605794648000","3",
"16057947715480","seriöse E-Mail","FALSE",,"1605794771000","0",
"16057947715491","Phishing-Mail","TRUE",,"1605794771000","1",
"16057947715502","wichtige E-Mail","FALSE",,"1605794771000","2",
"16057948581940","Sie bietet dem Computer einen Schutz vor Angriffen.","TRUE",,"1605794974000","0",
"16057948581951","Sie ist standardmäßig bei jedem Computer aktiviert.","TRUE",,"1605794974000","1",
"16057948581952","Es handelt sich um höhere Gewalt.","FALSE",,"1605794974000","2",
"16057948581963","Es ist kein zusätzliches Antiviren-Programm mehr notwendig.","FALSE",,"1605794974000","3",
"16057950190120","Windows Defender Security Center","TRUE",,"1605795762000","0",
"16057950190131","Hardware und Sound","FALSE",,"1605795762000","0",
"16057950190142","Systemsteuerung, System und Sicherheit","TRUE",,"1605795762000","0",
"16057950190153","Programme","FALSE",,"1605795762000","0",
"16057951020070","Das Ziel kann ein Identitätsdiebstahl sein.","TRUE",,"1605795101000","0",
"16057951020091","Daten sollen ausgeforscht werden.","TRUE",,"1605795101000","1",
"16057951020102","Die E-Mail wird immer verschlüsselt übertragen.","FALSE",,"1605795101000","2",
"16057951020123","Jemand bekommt gefälschte E-Mails mit der Aufforderung Daten einzugeben.","TRUE",,"1605795101000","3",
"16057952214450","Doppelklick auf den Ordner","FALSE",,"1605795770000","0",
"16057952214451","Rechte Maustaste auf den Ordner, Freigeben für","FALSE",,"1605795770000","1",
"16057952214462","Rechte Maustaste auf den Ordner, Eigenschaften","TRUE",,"1605795770000","2",
"16057952214473","Linke Maustaste auf den Ordner, Eigenschaften","FALSE",,"1605795770000","3",
"16057953561720","Ransomware","FALSE",,"1605883525000","0",
"16057953561731","Phishing-Mail","TRUE",,"1605883525000","1",
"16057953561752","Attachment (=Dateianhang)","FALSE",,"1605883525000","2",
"16057953561763","Newsletter","FALSE",,"1605883525000","3",
"16057957579050","Ransomware","FALSE",,"1605795757000","0",
"16057957579061","Skimming","FALSE",,"1605795757000","1",
"16057957579072","Pretexting","FALSE",,"1605795757000","2",
"16057957579073","Spyware","TRUE",,"1605795757000","3",
"16057958108760","WPA2 oder WPA3","TRUE",,"1606222321000","0",
"16057958108771","ISP","FALSE",,"1606222321000","1",
"16057958108782","LAN","FALSE",,"1606222321000","2",
"16057958108783","WAN","FALSE",,"1606222321000","3",
"16057978158600","Fingerabdruck","TRUE",,"1605802949000","0",
"16057978158601","Benutzername und Passwort","FALSE",,"1605802949000","1",
"16057978158612","Iris-Scan","TRUE",,"1605802949000","2",
"16057978158613","Gesichtserkennung","TRUE",,"1605802949000","3",
"16058029891720","Wird mit Datenverarbeitung in der Wolke übersetzt","TRUE",,"1605802989000","0",
"16058029891731","Möglicher Verlust der Privatsphäre","TRUE",,"1605802989000","1",
"16058029891732","Es sind keine Vorsichtsmaßnahmen notwendig.","FALSE",,"1605802989000","2",
"16058029891743","Die Gefahr, dass Daten entwendet werden ist höher","TRUE",,"1605802989000","3",
"16058031599090","Höhere Gewalt","FALSE",,"1605803159000","0",
"16058031599091","Browser-Hijacking","TRUE",,"1605803159000","1",
"16058031599092","Identitätsdiebstahl","FALSE",,"1605803159000","2",
"16058031599103","Information Diving","FALSE",,"1605803159000","3",
"16058032876990","Sie können selbständig andere Computer infizieren.","TRUE",,"1605803287000","0",
"16058032877001","Sie kopieren sich selber.","TRUE",,"1605803287000","1",
"16058032877002","Sie können von Antiviren-Programmen nicht gefunden werden.","FALSE",,"1605803287000","2",
"16058032877013","Es gibt sie seit kurzem.","FALSE",,"1605803287000","3",
"16058033781560","darauf achten, dass man sparsam mit persönlichen Daten umgeht.","TRUE",,"1605803415000","0",
"16058033781561","darauf achten, dass nicht jeder alle Informationen sehen kann.","TRUE",,"1605803415000","1",
"16058033781572","etwas unternehmen, wenn man mitbekommt, dass jemand gemobbt wird.","TRUE",,"1605803415000","2",
"16058033781573","generell alles allen, auch Freunde von Freunden, zur Ansicht freigeben.","FALSE",,"1605803415000","3",
"16058036439210","Die Worddatei kann ohne das richtige Passwort nicht mehr geöffnet werden.","TRUE",,"1605803668000","0",
"16058036439211","Es gibt in Word eine Möglichkeit, mit der man das Passwort auslesen kann.","FALSE",,"1605803668000","1",
"16058037526720","die Laptops mit Sicherungskabel anhängen","TRUE",,"1605803752000","0",
"16058037526721","die Laptops immer herunterfahren","FALSE",,"1605803752000","1",
"16058037526732","sich am Computer abmelden","FALSE",,"1605803752000","2",
"16058038105730","Skimming","FALSE",,"1605803810000","0",
"16058038105741","Shoulder Surfing","TRUE",,"1605803810000","1",
"16058038105742","Social Engineering","FALSE",,"1605803810000","2",
"16058038105743","Phishing","FALSE",,"1605803810000","3",
"16058039070550","Skimming","FALSE",,"1605803907000","0",
"16058039070551","Shoulder Surfing","FALSE",,"1605803907000","1",
"16058039070562","Ransomware","TRUE",,"1605803907000","2",
"16058039070563","Hacking","FALSE",,"1605803907000","3",
"16058042678480","Die E-Mail muss nicht beantwortet werden.","FALSE",,"1605804267000","0",
"16058042678481","Das Dokument kommt sicher von dieser Behörde.","TRUE",,"1605804267000","1",
"16058042678492","Die E-Mail ist nicht wichtig.","FALSE",,"1605804267000","2",
"16058042678493","Das Dokument wurde bei der Übertragung nicht verändert.","TRUE",,"1605804267000","3",
"16058043547520","Das ist im Windows Explorer nicht möglich.","FALSE",,"1605804354000","0",
"16058043547521","Das Word-Dokument muss geöffnet sein, um es zu verschlüsseln.","FALSE",,"1605804354000","1",
"16058043547532","Das Dokument kann nicht verschlüsselt werden.","FALSE",,"1605804354000","2",
"16058043547533","Im Windows Explorer mit der rechten Maustaste auf die Datei ""Bewerbung"" klicken, dann ""Eigenschaften"" und ""Erweitert"", Häkchen bei ""Inhalt verschlüsseln"".","TRUE",,"1605804354000","3",
"16058044331910","Mit Instant Messaging-Dienste wie WhatsApp können infizierte Anhänge mitgeschickt werden.","TRUE",,"1605804433000","0",
"16058044331921","Der Anhang soll nicht geöffnet werden.","TRUE",,"1605804433000","1",
"16058044331922","Der Anhang soll nicht zu viel Speicherplatz auf dem Smartphone beanspruchen.","FALSE",,"1605804433000","2",
"16058044331933","Dies könnte eine Malware-Attacke sein.","TRUE",,"1605804433000","3",
"16058143203830","bureo","FALSE",,"1605814320000","0",
"16058143203831","easy4me","FALSE",,"1605814320000","1",
"16058143203842","@","FALSE",,"1605814320000","2",
"16058143203843","info","TRUE",,"1605814320000","3",
"16058143780260","bureo","FALSE",,"1605814378000","0",
"16058143780261","easy4me","TRUE",,"1605814378000","1",
"16058143780272","@","FALSE",,"1605814378000","2",
"16058143780273","info","FALSE",,"1605814378000","3",
"16058144537150","E-Mails erreichen den Empfänger in kurzer Zeit.","TRUE",,"1605814453000","0",
"16058144537161","Verbale Kommunikation ist nicht mehr notwendig.","FALSE",,"1605814453000","0",
"16058144537162","Es gibt viele Werbemails.","FALSE",,"1605814453000","0",
"16058144537173","Es gibt E-Mails mit Anhängen (Attachments), in denen Viren enthalten sind.","FALSE",,"1605814453000","0",
"16058144938580","Drucken / Erweiterte Einstellungen / Kopf- und Fußzeilen","FALSE",,"1605814493000","0",
"16058144938591","Drucken / Erweiterte Einstellungen / Nur Auswahl","TRUE",,"1605814493000","1",
"16058144938592","Drucken / Erweiterte Einstellungen / Hintergrundgrafiken","FALSE",,"1605814493000","2",
"16058144938603","Drucken / Erweiterte Einstellungen / Papierformat","FALSE",,"1605814493000","3",
"16058145987060","www.schule.de","FALSE",,"1605814598000","0",
"16058145987071","www.schule.at","TRUE",,"1605814598000","1",
"16058145987072","www.schule.info","FALSE",,"1605814598000","2",
"16058145987083","www.schule.ch","FALSE",,"1605814598000","3",
"16058159970520","Link oder Hyperlink","TRUE",,"1605816002000","0",
"16058159970531","Verbindung","FALSE",,"1605816002000","1",
"16058159970532","Tausch","FALSE",,"1605816002000","2",
"16058159970543","URL","FALSE",,"1605816002000","3",
"16058160761670","Browser","TRUE",,"1605817041000","0",
"16058160761681","Surfer","FALSE",,"1605817041000","1",
"16058160761682","Modem","FALSE",,"1605817041000","2",
"16058160761693","Webmail","FALSE",,"1605817041000","3",
"16058171627480","Verschicken von SMS","FALSE",,"1605817162000","0",
"16058171627481","Arbeiten mit dem Windows Explorer","FALSE",,"1605817162000","1",
"16058171627492","Betrachten von Webseiten mit einem Browser","TRUE",,"1605817162000","2",
"16058171627493","Erstellen von Internetseiten","FALSE",,"1605817162000","3",
"16058173013380","Virtuelles Geld im Internet","FALSE",,"1605817301000","0",
"16058173013391","Malware","FALSE",,"1605817301000","1",
"16058173013392","Zwischenspeicher zum Ablegen von oft benötigten Daten","TRUE",,"1605817301000","2",
"16058173013403","Erweiterung des Browsers","FALSE",,"1605817301000","3",
"16058173389050","Carbon Copy","TRUE",,"1605817338000","0",
"16058173389061","Blind Carbon Copy","FALSE",,"1605817338000","1",
"16058173389072","Ablage","FALSE",,"1605817338000","2",
"16058173389073","gesendet","FALSE",,"1605817338000","3",
"16058173597320","Posteingang","TRUE",,"1605817359000","0",
"16058173597321","Gesendet","TRUE",,"1605817359000","1",
"16058173597332","Papierkorb","TRUE",,"1605817359000","2",
"16058173597333","erledigt","FALSE",,"1605817359000","3",
"16058175602470","Die Startseite kann festgelegt werden.","TRUE",,"1605817560000","0",
"16058175602481","Eine leere Seite kann als Startseite festgelegt werden.","TRUE",,"1605817560000","1",
"16058175602482","Der gelöschte Verlauf kann wiederhergestellt werden.","FALSE",,"1605817560000","2",
"16058175602483","Edge kann zum Standardbrowser gemacht werden.","TRUE",,"1605817560000","3",
"16058595229420","Hier befinden sich die E-Mails, die noch nicht gesendet wurden.","FALSE",,"1605943961000","0",
"16058595229431","Hier befinden sich die erhaltenen E-Mails.","TRUE",,"1605943961000","1",
"16058595229432","Hier befinden sich die gelöschten E-Mails.","FALSE",,"1605943961000","2",
"16058595229443","Hier befinden sich die unerwünschten E-Mails.","FALSE",,"1605943961000","3",
"16058595720590","Hier finden sich die E-Mails, die noch nicht gesendet wurden.","FALSE",,"1605859572000","0",
"16058595720681","Hier finden sich die erhaltenen E-Mails.","FALSE",,"1605859572000","1",
"16058595720892","Hier finden sich die gelöschten E-Mails.","TRUE",,"1605859572000","2",
"16058595720893","Hier finden sich die unerwünschten E-Mails.","FALSE",,"1605859572000","3",
"16058607509760","Cookies sind Textdateien, die beim Besuch von Webseiten auf dem Computer gespeichert werden.","TRUE",,"1605860750000","0",
"16058607509761","Cookies können zugelassen oder blockiert werden.","TRUE",,"1605860750000","1",
"16058607509772","Cookies ermöglichen für einen Homepage-Betreiber, Besucher von Webseiten beim wiederholten Besuch wiederzuerkennen.","TRUE",,"1605860750000","2",
"16058607509773","Cookies sind Malware.","FALSE",,"1605860750000","3",
"16058615777310","die Webseite, die nach dem Starten des Browsers geladen wird","TRUE",,"1605861577000","0",
"16058615777311","die Google Suchmaschine","FALSE",,"1605861577000","1",
"16058615777322","die Homepage des Internetanbieters (ISP)","FALSE",,"1605861577000","2",
"16058615777323","die Webseite, die zuletzt als Favorit bzw. Lesezeichen gespeichert wurde","FALSE",,"1605861577000","3",
"16058625476960","temporäre Internetdateien","FALSE",,"1605862547000","0",
"16058625476971","Inhaltsverzeichnisse auf Webseiten","FALSE",,"1605862547000","1",
"16058625476972","Überschriften auf Webseiten","FALSE",,"1605862547000","2",
"16058625476983","gespeicherte Verknüpfungen zu Webseiten","TRUE",,"1605862547000","3",
"16058626202450","Abkürzung für Electronic Mail","TRUE",,"1605862626000","0",
"16058626202451","Austausch von kurzen Textdateien","FALSE",,"1605862626000","1",
"16058626202462","Nachrichten werden über das Internet versendet.","TRUE",,"1605862626000","2",
"16058626202463","Soziales Netzwerk","FALSE",,"1605862626000","3",
"16058825636490","Diese Nummer identifiziert den Computer im Netzwerk.","TRUE",,"1606934551000","0",
"16058825636491","Jeder Computer, der mit dem Internet verbunden sind, braucht eine IP-Adresse.","TRUE",,"1606934551000","1",
"16058825636502","Damit die E-Mail-Adresse des Absenders sichtbar ist","FALSE",,"1606934551000","2",
"16058825636503","Damit unerwünschte E-Mails gelöscht werden können","FALSE",,"1606934551000","3",
"16058830482810","Die Befolgung der Netiquette wird im Internet überwacht.","FALSE",,"1605883321000","0",
"16058830482811","Die Netiquette schützt Computer vor unerwünschten Netzwerkzugriffen.","FALSE",,"1605883321000","1",
"16058830482812","Unter Netiquette versteht man das angemessene und achtende Benehmen in der elektronischen Kommunikation.","TRUE",,"1605883321000","2",
"16058830482823","Die Regeln der Netiquette werden vom Internet Service Provider (ISP) bereitgestellt.","FALSE",,"1605883321000","3",
"16058831535570","F5-Taste betätigen","TRUE",,"1605883328000","0",
"16058831535571","die URL neu eingeben","TRUE",,"1605883328000","1",
"16058831535582","auf den Befehl ""Aktualisieren"" klicken","TRUE",,"1605883328000","2",
"16058831535583","Tastenkombination Alt+F4","FALSE",,"1605883328000","3",
"16058832667040","Online-Community","TRUE",,"1605883339000","0",
"16058832667041","Phishing","FALSE",,"1605883339000","1",
"16058832667052","Shareware","FALSE",,"1605883339000","2",
"16058832667053","Firewall","FALSE",,"1605883339000","3",
"16058836111710","Phishing (von password fishing)","TRUE",,"1605943984000","0",
"16058836111711","Mobbing","FALSE",,"1605943984000","1",
"16058836111722","Netiquette","FALSE",,"1605943984000","2",
"16058836111723","Rootkit","FALSE",,"1605943984000","3",
"16058860136070","Einstellungen, Datenschutz und Sicherheit, Chronik leeren (Firefox)","TRUE",,"1605886013000","0",
"16058860136081","Einstellungen, Browserdaten löschen, zu löschende Elemente auswählen (Edge)","TRUE",,"1605886013000","1",
"16058860136082","Einstellungen, Cookies (Firefox)","FALSE",,"1605886013000","2",
"16058860136093","Einstellungen, Verlauf (Firefox)","FALSE",,"1605886013000","3",
"16058863371370","Es sind E-Mail Adressen, gesammelt in einer Liste, an die gleichzeitig eine E-Mail gesendet wird.","TRUE",,"1605886337000","0",
"16058863371381","Es ist eine Liste von unerwünschten E-Mails.","FALSE",,"1605886337000","1",
"16058863371382","Es ist eine Liste von versandten E-Mails.","FALSE",,"1605886337000","2",
"16058869407580","Drei Punkte, Einstellungen, Start, Startseite und neue Registerkarte","TRUE",,"1605886940000","0",
"16058869407761","Einstellungen, Darstellung","FALSE",,"1605886940000","1",
"16058869408922","Einstellungen, Profile","FALSE",,"1605886940000","2",
"16058869409233","Einstellungen, Beim Start","FALSE",,"1605886940000","3",
"16059463534600","E-Commerce","TRUE",,"1605978332000","0",
"16059463534611","Online-Handel","TRUE",,"1605978332000","1",
"16059463534622","Online-Community","FALSE",,"1605978332000","2",
"16059463534623","E-Governement","FALSE",,"1605978332000","3",
"16059463559370","Kreditkartendaten könnten betrügerisch verwendet werden.","TRUE",,"1605946355000","0",
"16059463559381","Die gesendete Ware ist schadhaft.","TRUE",,"1605946355000","1",
"16059463559382","Ich erhalte bestellte und bezahlte Waren nicht.","TRUE",,"1605946355000","2",
"16059463559383","Der Datenträger (Festplatte oder SSD) wird beschädigt.","FALSE",,"1605946355000","3",
"16059467488220","Benutzername und Passwort verwenden","TRUE",,"1605946748000","0",
"16059467488231","Netiquette beachten","FALSE",,"1605946748000","1",
"16059467488232","keine E-Mails versenden","FALSE",,"1605946748000","2",
"16059467488233","Urheberrechte beachten","FALSE",,"1605946748000","3",
"16059468394740","Die Inhalte des Dokuments wurden nachträglich nicht geändert.","TRUE",,"1606165522000","0",
"16059468394751","Die E-Mail-Adresse des Empfängers stimmt.","FALSE",,"1606165522000","1",
"16059468394752","Die signierten Daten (Inhalte des Dokuments) stammen von einer bestimmten Person, dem Unterzeichner.","TRUE",,"1606165522000","2",
"16059473278980","Short Message Service","TRUE",,"1605947327000","0",
"16059473278981","Dienst, um kurze Texte zu verschicken","TRUE",,"1605947327000","1",
"16059473278992","Abonnieren von Nachrichten","FALSE",,"1605947327000","2",
"16059473278993","Kurze E-Mail","FALSE",,"1605947327000","3",
"16059484607390","Inhaltsfilter","TRUE",,"1605978914000","0",
"16059484607391","Antiviren-Programm","FALSE",,"1605978914000","1",
"16059484607402","Firewall","FALSE",,"1605978914000","2",
"16059484607403","Hypertext Transfer Protokoll (HTTP)","FALSE",,"1605978914000","3",
"16059486828430","Die Verschlüsselte Übertragung von Daten per https","TRUE",,"1605978972000","0",
"16059486828431","Eine aktive Firewall","FALSE",,"1605978972000","1",
"16059486828442","Ein Benutzername und ein Passwort beim Login","FALSE",,"1605978972000","2",
"16059486828443","Das Beachten der Regeln der Netiquette","FALSE",,"1605978972000","3",
"16059523053680","Die Größe eines Anhangs (Attachment) ist bei vielen Anbietern begrenzt.","TRUE",,"1605952305000","0",
"16059523053691","E-Mail Anhänge dürfen beliebig groß sein.","FALSE",,"1605952305000","1",
"16059523053692","Cookies müssen beim Versenden von E-Mails zugelassen werden.","FALSE",,"1605952305000","2",
"16059523053703","E-Mails werden durch die meisten E-Mail-Anbieter verschlüsselt übertragen.","TRUE",,"1605952305000","3",
"16059524130750","Favoriten verwalten","TRUE",,"1605952535000","0",
"16059524130761","Versenden von E-Mails","FALSE",,"1605952535000","1",
"16059524130762","Entfernen von Malware","FALSE",,"1605952535000","2",
"16059524130773","Cookies löschen","TRUE",,"1605952535000","3",
"16059531223120","Ein Kurs wird am Computer durchgeführt.","TRUE",,"1606930931000","0",
"16059531223121","Elektronische Medien kommen beim Lernen zum Einsatz.","TRUE",,"1606930931000","1",
"16059531223132","Eine Lernplattform (LMS) wird verwendet.","TRUE",,"1606930931000","2",
"16059531223133","Geldbeträge werden online überwiesen.","FALSE",,"1606930931000","3",
"16059536911920","sich nach dem Besuch von sozialen Netzwerken ordnungsgemäß abmelden","TRUE",,"1605979492000","0",
"16059536911931","die Tischhöhe korrekt einstellen","FALSE",,"1605979492000","1",
"16059536911932","nicht immer online sein.","FALSE",,"1605979492000","2",
"16059536911933","nie einen Chatroom aufsuchen","FALSE",,"1605979492000","3",
"16059548710420","eine tagebuchartig geführte Webseite","TRUE",,"1605979634000","0",
"16059548710431","eine Seite, auf der jemand seine Meinung vertritt und Informationen weitergibt","TRUE",,"1605979634000","1",
"16059548710432","ein Chatroom","FALSE",,"1605979634000","2",
"16059548710443","ein Online-Portal für Lernspiele","FALSE",,"1605979634000","3",
"16059549815400","Pop-ups sind Werbeblocker.","FALSE",,"1606934836000","0",
"16059549815401","Pop-ups können zugelassen werden.","TRUE",,"1606934836000","1",
"16059549815412","Pop-ups können lästig sein.","TRUE",,"1606934836000","2",
"16059549815413","Pop-ups tauchen auch auf mobilen Geräten wie Smartphone auf.","TRUE",,"1606934836000","3",
"16059550926800","Online-Übersetzungsprogramm","TRUE",,"1605979776000","0",
"16059550926801","Online-Rechtschreibprogramm","FALSE",,"1605979776000","1",
"16059550926802","Online-Bildbearbeitungsprogramm","FALSE",,"1605979776000","2",
"16059550926813","Online-Lexikon","FALSE",,"1605979776000","3",
"16059551345880","ein beliebiges Bild herunterladen und veröffentlichen","TRUE",,"1605979812000","0",
"16059551345891","eine Adresse weitergeben","FALSE",,"1605979812000","1",
"16059551345892","ein Foto von mir auf einem sozialen Netzwerk posten","FALSE",,"1605979812000","2",
"16059551345903","einen Text aus dem Internet veröffentlichen","TRUE",,"1605979812000","3",
"16059552393740","Es kann nicht mehr nachgesehen werden, welche Internetseiten besucht worden sind.","TRUE",,"1605979828000","0",
"16059552393751","Cookies werden gelöscht.","FALSE",,"1605979828000","1",
"16059552393752","Der Computer wird mit einem Virenscanner durchsucht.","FALSE",,"1605979828000","2",
"16059552393753","Die Datenübertragung erfolgt auf gesicherten Webseiten.","FALSE",,"1605979828000","3",
"16059553112280","Telefonie über das Internet","TRUE",,"1605955311000","0",
"16059553112281","Audio- oder Videodateien (Multimediadateien) werden über das Internet angeboten.","FALSE",,"1605955311000","1",
"16059553112292","eine kurze Textdatei","FALSE",,"1605955311000","2",
"16059553112293","ein Tagebuch im Internet","FALSE",,"1605955311000","3",
"16059554729920","Datei, Seite einrichten","TRUE",,"1605979922000","0",
"16059554729921","Datei, Druckvorschau","TRUE",,"1605979922000","1",
"16059554729932","Drucken (Microsoft Edge)","TRUE",,"1605979922000","2",
"16059554729933","Extras, Einstellungen","FALSE",,"1605979922000","3",
"16059786356930","offener Kreis mit Pfeil in der Adressleiste","TRUE",,"1605978635000","0",
"16059786356931","Pfeil nach links","FALSE",,"1605978635000","1",
"16059786356942","Häuschen","FALSE",,"1605978635000","2",
"16059787810900","F5-Taste","TRUE",,"1605978781000","0",
"16059787810901","Symbol in der Adressleiste: offener Kreis mit Pfeil","TRUE",,"1605978781000","1",
"16059787810912","Esc-Taste","FALSE",,"1605978781000","2",
"16059792043060","Die Funktion Autovervollständigen schlägt dem Benutzer/ der Benutzer*in beim Eingeben der ersten Buchstaben Wörter vor, die er schon verwendet hat.","TRUE",,"1605979235000","0",
"16059792043071","Autovervollständigen soll auf einem öffentlich genutzten Computer nicht aktiviert sein.","TRUE",,"1605979235000","1",
"16059792043072","Erleichtert das Ausfüllen von Webformularen, da wiederholende Eingaben vorgeschlagen und übernommen werden können.","TRUE",,"1605979235000","2",
"16059792043073","Erleichtert das Senden von E-Mails an  einer Gruppe von Personen.","FALSE",,"1605979235000","3",
"16059793984660","Favoriten verwalten","TRUE",,"1605979398000","0",
"16059793984671","Datenschutz und Sicherheitseinstellungen","TRUE",,"1605979398000","0",
"16059793984672","Lesezeichen","TRUE",,"1605979398000","0",
"16059793984683","Tastatursprache","FALSE",,"1605979398000","0",
"16059796288820","An einem vollständigen Impressum","TRUE",,"1605979628000","0",
"16059796288821","Autor*in bzw. der/die Verantwortliche der Seite ist mit Kontaktadresse angegeben","TRUE",,"1605979628000","1",
"16059796288832","Am professionellen Design","FALSE",,"1605979628000","2",
"16059796288833","Referenzen von Kunden werden aufgelistet","TRUE",,"1605979628000","3",
"16059799209950","Um jemanden zu einem Termin einzuladen","TRUE",,"1605979920000","0",
"16059799209961","Um gemeinsame Termine mit Kolleg*innen anzuzeigen bzw. freigeben","TRUE",,"1605979920000","0",
"16059799209962","Um Webkonferenzen im Kalender zu planen","TRUE",,"1605979920000","0",
"16059799209963","Um gemeinsam Dokumente zu bearbeiten","FALSE",,"1605979920000","0",
"16059808516860","Sie gelten nur einmal.","TRUE",,"1605980851000","0",
"16059808516861","Man muss sie sich merken","FALSE",,"1605980851000","1",
"16059808516872","Sie sind nur ein paar Minuten gültig.","TRUE",,"1605980851000","2",
"16059808516873","Sie können per SMS zugeschickt werden.","TRUE",,"1605980851000","3",
"16059809021560","Pop-ups können zugelassen werden.","TRUE",,"1605980902000","0",
"16059809021571","Pop-ups sind plötzlich erscheinende Fenster im Browser.","TRUE",,"1605980902000","1",
"16059809021582","Pop-ups enthalten nie Werbung.","FALSE",,"1605980902000","2",
"16059810270070","Blog","TRUE",,"1605981027000","0",
"16059810270081","RSS-Feeds","FALSE",,"1605981027000","1",
"16059810270082","E-Mail an alle","FALSE",,"1605981027000","2",
"16059810270083","Bluetooth","FALSE",,"1605981027000","3",
"16059810563080","Microsoft Edge","FALSE",,"1605981056000","0",
"16059810563091","Chrome","FALSE",,"1605981056000","0",
"16059810563092","Firefox","FALSE",,"1605981056000","0",
"16059810563093","Word","TRUE",,"1605981056000","0",
"16059813764290","E-Commerce","FALSE",,"1606930875000","0",
"16059813764301","E-Government","FALSE",,"1606930875000","1",
"16059813764302","E-Learning","TRUE",,"1606930875000","2",
"16059813764303","Online-Bildbearbeitungsprogramm","FALSE",,"1606930875000","3",
"16059814085130","Die Funktion Autovervollständigen schlägt dem Benutzer/ der Benutzer*in beim Eingeben der ersten Buchstaben Wörter vor, die er schon verwendet hat.","TRUE",,"1605981408000","0",
"16059814085131","Autovervollständigen soll auf einem öffentlich genutzten Computer nicht aktiviert sein","TRUE",,"1605981408000","1",
"16059814085142","Es erleichtert das Ausfüllen von Webformularen, da Eingaben für Formularfelder vorgeschlagen und übernommen werden können.","TRUE",,"1605981408000","2",
"16059814085143","Es erleichtert das Senden von E-Mails an eine Gruppe von Personen.","FALSE",,"1605981408000","3",
"16059817481830","ja","TRUE",,"1605981748000","0",
"16059817481831","nein","FALSE",,"1605981748000","1",
"16059818986490","Ein WAN ist ein Netzwerk, das über Länder und Kontinente reicht.","TRUE",,"1605981898000","0",
"16059818986501","Ein WAN ist eine Drahtlosübertragung zwischen Computern.","FALSE",,"1605981898000","1",
"16059818986502","Ein WAN ist ein Netzwerk innerhalb einer kleinen Firma.","FALSE",,"1605981898000","2",
"16059818986513","Ein WAN ist ein System von Computern, welche über eine sehr weite Entfernung miteinander vernetzt sind.","TRUE",,"1605981898000","3",
"16059820214230","Microsoft Edge","TRUE",,"1605982021000","0",
"16059820214241","Firefox","FALSE",,"1605982021000","1",
"16059820214252","Chrome","TRUE",,"1605982021000","2",
"16059820854100","An der inhaltliche Qualität","TRUE",,"1605982085000","0",
"16059820854101","An der URL","TRUE",,"1605982085000","1",
"16059820854102","Am Impressum","TRUE",,"1605982085000","2",
"16059820854113","An schönen Fotos","FALSE",,"1605982085000","3",
"16059821236380","4. Generation Light Term Evolution","FALSE",,"1605982123000","0",
"16059821236381","4. Generation, Long Term Evolution","TRUE",,"1605982123000","1",
"16059822187990","buero@easy4me.info","FALSE",,"1605982218000","0",
"16059822188001","h.hubert@easy4me.info","FALSE",,"1605982218000","1",
"16059822188002","e.froehlich@easy4me.info","TRUE",,"1605982218000","2",
"16059822188013","office@easy4me.info","FALSE",,"1605982218000","3",
"16059822750440","Betroffener","TRUE",,"1605982275000","0",
"16059822750451","Auftragsverarbeiter","TRUE",,"1605982275000","1",
"16059822750452","Verantwortlicher","TRUE",,"1605982275000","2",
"16059822750463","Kunde","FALSE",,"1605982275000","3",
"16059823589960","Die mobile Datenverbindung ist deaktiviert. Es steht kein WLAN zur Verfügung.","TRUE",,"1605982358000","0",
"16059823589971","Der Zugriff auf den Standort ist deaktiviert.","FALSE",,"1605982358000","1",
"16059823589972","Bluetooth ist deaktiviert.","FALSE",,"1605982358000","2",
"16059823589983","Der Weitergabe der E-Mail-Adressen wurde nicht zugestimmt.","FALSE",,"1605982358000","3",
"16059824119990","die angeschlossene Hardware wie Drucker","FALSE",,"1605982411000","0",
"16059824120001","häufig verwendete Ordner und zuletzt verwendete Dateien","TRUE",,"1605982411000","1",
"16059824120002","alle installierten Programme","FALSE",,"1605982411000","2",
"16059824120013","alle gespeicherten Dateien","FALSE",,"1605982411000","3",
"16059827554690","viele verschiedene Farben verwenden","TRUE",,"1605982755000","0",
"16059827554701","Aufzählungen klar formulieren","FALSE",,"1605982755000","1",
"16059827554702","sparsam mit den Animationen dsein","FALSE",,"1605982755000","2",
"16059827554713","jeder Folie einen aussagekräftigen Titel geben","FALSE",,"1605982755000","3",
"16061546871220","Die E-Mail kommt vom angegebenen Absender.","TRUE",,"1606156941000","0",
"16061546871241","Die E-Mail wurde beim Übermitteln nicht verändert.","TRUE",,"1606156941000","1",
"16061546871242","Die E-Mail enthält keine Tippfehler.","FALSE",,"1606156941000","2",
"16061646541940","Banken verwenden für ihre Webseiten ein digitales Zertifikat.","FALSE",,"1606164654000","0",
"16061646541941","Digitale Zertifikate werden von unabhängigen Zertifizierungsstellen (z. B. GlobalSign, Verisign, Trust Center) ausgegeben.","FALSE",,"1606164654000","1",
"16061646541942","Digitale Zertifikate kann man im Webbrowser ansehen.","FALSE",,"1606164654000","2",
"16061646541953","Digitale Zertifikate sind immer kostenlos.","TRUE",,"1606164654000","3",
"16061647342040","Webseiten mit Filmen und Musik","FALSE",,"1606164761000","0",
"16061647342061","Homepage einer Gemeinde","FALSE",,"1606164761000","1",
"16061647342062","Webseiten, die einen Download anbieten","FALSE",,"1606164761000","2",
"16061647342073","Geschützte bzw. sichere Webseiten wie für Online-Banking","TRUE",,"1606164761000","3",
"16061650897770","an https://","TRUE",,"1606165089000","0",
"16061650897781","am vorhandenen Impressum","FALSE",,"1606165089000","1",
"16061650897782","durch die Überprüfung mit einem Virenscanner","FALSE",,"1606165089000","2",
"16061650897783","weil ich die URL in einer E-Mail zugeschickt bekommen habe","FALSE",,"1606165089000","3",
"16062225192350","Es ermöglicht sichere Verschlüsselung für Drahtlosnetzwerke und daher eine relativ hohe Sicherheit.","TRUE",,"1606222519000","0",
"16062225192351","Es schützt den Computer vor Angriffen von außen.","FALSE",,"1606222519000","1",
"16062225192362","Für das WLAN kann ein Passwort vergeben werden.","TRUE",,"1606222519000","2",
"16062225192363","Es ermöglicht die Fernsteuerung des Computers.","FALSE",,"1606222519000","3",
"16063972188250","Netzwerk-Schnittstelle","TRUE",,"1606397218000","0",
"16063972188281","HDMI-Schnittstelle","FALSE",,"1606397218000","1",
"16063972188292","VGA-Schnittstelle","FALSE",,"1606397218000","2",
"16063972188293","Display-Port-Schnittstelle","FALSE",,"1606397218000","3",
"16069353119990","Ein ISP stellt den Zugang für das Internet zur Verfügung.","TRUE",,"1606935327000","0",
"16069353120001","Ein ISP stellt Hardware her.","FALSE",,"1606935327000","1",
"16069353120012","Ein ISP garantiert die Richtigkeit der Informationen im Web.","FALSE",,"1606935327000","2",
"16069353120013","Viele ISP überprüfen die E-Mails auf Viren.","TRUE",,"1606935327000","3",
"16075325764520","Firefox: Klick auf den Befehl Öffnen von Chronik, Chronik - Klick auf die gewünschte Seite","TRUE",,"1607532576000","0",
"16075325764531","Edge: Verlauf, Verlauf verwalten - Klick auf die gewünschte Seite","TRUE",,"1607532576000","1",
"16075325764532","Edge: Klick auf den Befehl Favoriten","FALSE",,"1607532576000","2",
"16118646176530","Der Benutzer muss sich mehrfach identifizieren.","TRUE",,"1611865228000","0",
"16118646177381","Der Benutzer muss nur ein Passwort eingeben.","FALSE",,"1611865228000","1",
"16118646177472","Computerkriminalität","FALSE",,"1611865228000","2",
"16118646177483","Malware","FALSE",,"1611865228000","3",
"16118647522640","Fingerprint","TRUE",,"1611864752000","0",
"16118647522641","Iris-Scan","TRUE",,"1611864752000","1",
"16118647522652","Benutzername und Passwort eingeben","FALSE",,"1611864752000","2",
"16118647522653","Zugangscode","FALSE",,"1611864752000","3",
"16118649255360","Sie stellt die Identität eines Benutzers/ einer Benutzer*in sicher.","TRUE",,"1611864925000","0",
"16118649255371","Sie sichert Daten.","FALSE",,"1611864925000","1",
"16118649255382","Daten werden sicher gelöscht.","FALSE",,"1611864925000","2",
"16118649255383","Sie sorgt dafür, dass die Malware keinen Schaden anrichten kann.","FALSE",,"1611864925000","3",
"16118651349680","Fingerprint","TRUE",,"1611865134000","0",
"16118651349681","Benutzername und Passwort","TRUE",,"1611865134000","1",
"16118651349682","Installieren einer Antiviren-Software","FALSE",,"1611865134000","2",
"16118651349693","Aktivieren von Inhaltefilter","FALSE",,"1611865134000","3",
"16118651349792","wdw","TRUE",,"1611865228130","0",
"16118651349793","fefe","FALSE",,"1611865228130","0",
"16118651349794","wsw","TRUE",,"1611865228131","0",
"16118651349795","dwdwd","FALSE",,"1611865228131","0",
"16118651349796","test","FALSE",,"1611865228130","0",
"16118651349797","test","FALSE",,"1611865228131","0",
"16118651349822","fefe","FALSE",,"1611865228131","0",
"16118651349855","gggrege","FALSE",,"1611865228131","0",
"16118651349886","fefef","FALSE",,"1611865228130","0",
"16118651349887","testtest","FALSE",,"1611865228130","0",
"16118651349918","fefgefge","FALSE",,"1611865228131","5",
"16118651349919","wdw","TRUE",,"1611865228133","0",
"16118651349920","dwdw","FALSE",,"1611865228133","1",
"16118651349921","+","FALSE",,"1611865228134","0",
"16118651349922","-","FALSE",,"1611865228134","1",
"16118651349923","=","TRUE",,"1611865228134","2",
"16118651349924","*","FALSE",,"1611865228134","3",
"16118651349925","MBit/s","FALSE",,"1440319060000","2",
"16118651349926","wdw","TRUE",,"1611865228137","0",
"16118651349927","wdd","FALSE",,"1611865228137","1",
"16118651349951","einmal bezahlt - darf unbegrenzt verwendet werden","TRUE",,"1416314818000","2",
"16118651349952","Ausnahme: Personen erscheinen als Beiwerk (z. B. in einer Landschaft)","TRUE",,"1440316778000","2",
"16118651349953","Der Preis des Bildes hängt vom Nutzungsumfang ab.","TRUE",,"1456345654000","2",
"16118651349983","Test","TRUE",,"1611865228164","0",
"16118651349984","Antwort","FALSE",,"1611865228164","1",
"16118651349986","m (Meter)","FALSE",,"1440319060000","3",
"16535562005610","detects viruses","TRUE",,"1653556200000","0",
"16535562005611","restarts/reboots the computer","FALSE",,"1653556200000","1",
"16535562005622","creates a data backup","FALSE",,"1653556200000","2",
"16535562005623","deletes viruses","TRUE",,"1653556200000","3",
"16535562005650","it reads out the content of the screen","FALSE",,"1653556200000","0",
"16535562005651","to show frequently used folders","TRUE",,"1653556200000","1",
"16535562005662","it serves as an open Wi-Fi","FALSE",,"1653556200000","2",
"16535562005663","to show recently used files","TRUE",,"1653556200000","3",
"16535562005690","... the computer is safe from viruses.","FALSE",,"1653556200000","0",
"16535562005701","... the speed of the computer slows down.","FALSE",,"1653556200000","1",
"16535562005702","... the download speed increases.","FALSE",,"1653556200000","2",
"16535562005713","... the speed of the computer increases.","TRUE",,"1653556200000","3",
"16535562005730","network interface/port","TRUE",,"1653556200000","0",
"16535562005741","HDMI interface/port","FALSE",,"1653556200000","1",
"16535562005742","VGA-interface/port","FALSE",,"1653556200000","2",
"16535562005753","display-port interface","FALSE",,"1653556200000","3",
"16535562006650","to start the computer","TRUE",,"1653556200000","0",
"16535562006651","to control access to the hardware","TRUE",,"1653556200000","1",
"16535562006662","to control the execution of the application software","TRUE",,"1653556200000","2",
"16535562006663","so that data can be displayed on the screen","TRUE",,"1653556200000","3",
"16535562006680","to make an application software work","FALSE",,"1653556200000","0",
"16535562006691","so that areas of the screen can be displayed larger","TRUE",,"1653556200000","1",
"16535562006692","so that visually impaired people can read texts more easily","TRUE",,"1653556200000","2",
"16535562006693","so that the screen can be operated with the finger","FALSE",,"1653556200000","3",
"16535562006710","to be able to restore data in the event of damage","TRUE",,"1653556200000","0",
"16535562006721","to protect the computer from external attacks","FALSE",,"1653556200000","1",
"16535562006722","to make the external hardware, such as printers, work","FALSE",,"1653556200000","2",
"16535562006733","so that apps can be installed","FALSE",,"1653556200000","3",
"16535562006780","central processing unit","TRUE",,"1653556200000","0",
"16535562006791","central unit","TRUE",,"1653556200000","1",
"16535562006792","works at a specific clock frequency","TRUE",,"1653556200000","2",
"16535562006803","is used to save texts","FALSE",,"1653556200000","3",
"16535562006830","An external keyboard is not necessary for use.","TRUE",,"1653556200000","0",
"16535562006841","The layout of the keyboard automatically adapts to the language set in Windows.","TRUE",,"1653556200000","1",
"16535562006842","does not work on a notebook","FALSE",,"1653556200000","2",
"16535562006843","also works without touchscreen","TRUE",,"1653556200000","3",
"16535562006870","A","TRUE",,"1653556200000","0",
"16535562006871","B","TRUE",,"1653556200000","1",
"16535562006872","C","FALSE",,"1653556200000","2",
"16535562006883","D","TRUE",,"1653556200000","3",
"16535562006890","can be installed locally","TRUE",,"1653556200000","0",
"16535562006901","may be available online","TRUE",,"1653556200000","1",
"16535562006902","can no longer be removed","FALSE",,"1653556200000","2",
"16535562006913","always works with all operating systems","FALSE",,"1653556200000","3",
"16535562006940","Software very often needs to be licensed before use.","TRUE",,"1653556200000","0",
"16535562006941","Application software never needs an end-user licence agreement.","FALSE",,"1653556200000","1",
"16535562006942","The End User Licence Agreement must be agreed to each time the software is started.","FALSE",,"1653556200000","2",
"16535562006953","regulates the use of a software","TRUE",,"1653556200000","3",
"16535562006960","when using the help function of Word","FALSE",,"1653556200000","0",
"16535562006971","when starting the computer","TRUE",,"1653556200000","1",
"16535562006972","when logging in in social networks","TRUE",,"1653556200000","2",
"16535562006983","to stop an application which is not responding","FALSE",,"1653556200000","3",
"16535562007000","with the firewall","FALSE",,"1653556200000","0",
"16535562007001","with the task manager","TRUE",,"1653556200000","1",
"16535562007012","through an external device","FALSE",,"1653556200000","2",
"16535562007013","simply empty the trash","FALSE",,"1653556200000","3",
"16535562007030","to provide online software","TRUE",,"1653556200000","0",
"16535562007041","to connect the computer to the screen","FALSE",,"1653556200000","1",
"16535562007042","to provide internet access","TRUE",,"1653556200000","2",
"16535562007053","to provide online data storage space","TRUE",,"1653556200000","3",
"16535562007070","date and time","TRUE",,"1653556200000","0",
"16535562007071","adjusting the Quick Launch Bar in Word","FALSE",,"1653556200000","1",
"16535562007072","screen resolution","TRUE",,"1653556200000","2",
"16535562007083","changing the resolution of an image","FALSE",,"1653556200000","3",
"16535562007100","with the system control","FALSE",,"1653556200000","0",
"16535562007101","print button","TRUE",,"1653556200000","1",
"16535562007112","with the Windows programme ""SnippingTool""","TRUE",,"1653556200000","2",
"16535562007113","with a scanner","FALSE",,"1653556200000","3",
"16535562007130","smartphone","TRUE",,"1653556200000","0",
"16535562007131","printer","FALSE",,"1653556200000","1",
"16535562007132","scanner","FALSE",,"1653556200000","2",
"16535562007143","projector","FALSE",,"1653556200000","3",
"16535562007160","dual-core","TRUE",,"1653556200000","0",
"16535562007161","quad-core","TRUE",,"1653556200000","1",
"16535562007162","central unit","TRUE",,"1653556200000","2",
"16535562007173","Random Access Memory","FALSE",,"1653556200000","3",
"16535562007190","A","FALSE",,"1653556200000","0",
"16535562007191","B","FALSE",,"1653556200000","1",
"16535562007192","C","FALSE",,"1653556200000","2",
"16535562007203","D","TRUE",,"1653556200000","3",
"16535562007210","A","TRUE",,"1653556200000","0",
"16535562007221","B","FALSE",,"1653556200000","1",
"16535562007222","C","FALSE",,"1653556200000","2",
"16535562007223","D","FALSE",,"1653556200000","3",
"16535562007240","A","FALSE",,"1653556200000","0",
"16535562007241","B","FALSE",,"1653556200000","1",
"16535562007252","C","TRUE",,"1653556200000","2",
"16535562007253","D","FALSE",,"1653556200000","3",
"16535562007270","A","FALSE",,"1653556200000","0",
"16535562007271","B","TRUE",,"1653556200000","1",
"16535562007282","C","FALSE",,"1653556200000","2",
"16535562007283","D","FALSE",,"1653556200000","3",
"16535562007300","small arrow","TRUE",,"1653556200000","0",
"16535562007301","file name","TRUE",,"1653556200000","1",
"16535562007302","the letter ""W""","FALSE",,"1653556200000","2",
"16535562007303","the lines in the symbol","FALSE",,"1653556200000","3",
"16535562007320","Windows 10 Pro","TRUE",,"1653556200000","0",
"16535562007321","RAM: 8 GB","TRUE",,"1653556200000","1",
"16535562007332","Intel(R) Core(TM) i5","FALSE",,"1653556200000","2",
"16535562007333","2,10 GHZ","TRUE",,"1653556200000","3",
"16535562007350","extra large symbols","TRUE",,"1653556200000","0",
"16535562007351","content","TRUE",,"1653556200000","1",
"16535562007352","single","FALSE",,"1653556200000","2",
"16535562007363","list","TRUE",,"1653556200000","3",
"16535562007370","internal","FALSE",,"1653556200000","0",
"16535562007381","external","TRUE",,"1653556200000","1",
"16535562007400","internal","TRUE",,"1653556200000","0",
"16535562007401","external","FALSE",,"1653556200000","1",
"16535562007420","folder size: 191 GB","TRUE",,"1653556200000","0",
"16535562007421","599 folders in the picture folder","TRUE",,"1653556200000","1",
"16535562007422","The picture folder was created in 2017.","FALSE",,"1653556200000","2",
"16535562007423","There are 599 files in the picture folder.","FALSE",,"1653556200000","3",
"16535562007440","by the zip (could also be a screw clamp)","TRUE",,"1653556200000","0",
"16535562007451","by the file name: zip","TRUE",,"1653556200000","1",
"16535562007452","by the yellow colour","FALSE",,"1653556200000","2",
"16535562007460","to share data storage","TRUE",,"1653556200000","0",
"16535562007471","to use a common printer","TRUE",,"1653556200000","1",
"16535562007472","to be able to work together better","TRUE",,"1653556200000","2",
"16535562007473","there are no security problems","FALSE",,"1653556200000","3",
"16535562005610","detects viruses","TRUE",,"1653556200000","0",
"16535562005611","restarts/reboots the computer","FALSE",,"1653556200000","1",
"16535562005622","creates a data backup","FALSE",,"1653556200000","2",
"16535562005623","deletes viruses","TRUE",,"1653556200000","3",
"16535562005650","it reads out the content of the screen","FALSE",,"1653556200000","0",
"16535562005651","to show frequently used folders","TRUE",,"1653556200000","1",
"16535562005662","it serves as an open Wi-Fi","FALSE",,"1653556200000","2",
"16535562005663","to show recently used files","TRUE",,"1653556200000","3",
"16535562005690","... the computer is safe from viruses.","FALSE",,"1653556200000","0",
"16535562005701","... the speed of the computer slows down.","FALSE",,"1653556200000","1",
"16535562005702","... the download speed increases.","FALSE",,"1653556200000","2",
"16535562005713","... the speed of the computer increases.","TRUE",,"1653556200000","3",
"16535562005730","network interface/port","TRUE",,"1653556200000","0",
"16535562005741","HDMI interface/port","FALSE",,"1653556200000","1",
"16535562005742","VGA-interface/port","FALSE",,"1653556200000","2",
"16535562005753","display-port interface","FALSE",,"1653556200000","3",
"16535562006650","to start the computer","TRUE",,"1653556200000","0",
"16535562006651","to control access to the hardware","TRUE",,"1653556200000","1",
"16535562006662","to control the execution of the application software","TRUE",,"1653556200000","2",
"16535562006663","so that data can be displayed on the screen","TRUE",,"1653556200000","3",
"16535562006680","to make an application software work","FALSE",,"1653556200000","0",
"16535562006691","so that areas of the screen can be displayed larger","TRUE",,"1653556200000","1",
"16535562006692","so that visually impaired people can read texts more easily","TRUE",,"1653556200000","2",
"16535562006693","so that the screen can be operated with the finger","FALSE",,"1653556200000","3",
"16535562006710","to be able to restore data in the event of damage","TRUE",,"1653556200000","0",
"16535562006721","to protect the computer from external attacks","FALSE",,"1653556200000","1",
"16535562006722","to make the external hardware, such as printers, work","FALSE",,"1653556200000","2",
"16535562006733","so that apps can be installed","FALSE",,"1653556200000","3",
"16535562006780","central processing unit","TRUE",,"1653556200000","0",
"16535562006791","central unit","TRUE",,"1653556200000","1",
"16535562006792","works at a specific clock frequency","TRUE",,"1653556200000","2",
"16535562006803","is used to save texts","FALSE",,"1653556200000","3",
"16535562006830","An external keyboard is not necessary for use.","TRUE",,"1653556200000","0",
"16535562006841","The layout of the keyboard automatically adapts to the language set in Windows.","TRUE",,"1653556200000","1",
"16535562006842","does not work on a notebook","FALSE",,"1653556200000","2",
"16535562006843","also works without touchscreen","TRUE",,"1653556200000","3",
"16535562006870","A","TRUE",,"1653556200000","0",
"16535562006871","B","TRUE",,"1653556200000","1",
"16535562006872","C","FALSE",,"1653556200000","2",
"16535562006883","D","TRUE",,"1653556200000","3",
"16535562006890","can be installed locally","TRUE",,"1653556200000","0",
"16535562006901","may be available online","TRUE",,"1653556200000","1",
"16535562006902","can no longer be removed","FALSE",,"1653556200000","2",
"16535562006913","always works with all operating systems","FALSE",,"1653556200000","3",
"16535562006940","Software very often needs to be licensed before use.","TRUE",,"1653556200000","0",
"16535562006941","Application software never needs an end-user licence agreement.","FALSE",,"1653556200000","1",
"16535562006942","The End User Licence Agreement must be agreed to each time the software is started.","FALSE",,"1653556200000","2",
"16535562006953","regulates the use of a software","TRUE",,"1653556200000","3",
"16535562006960","when using the help function of Word","FALSE",,"1653556200000","0",
"16535562006971","when starting the computer","TRUE",,"1653556200000","1",
"16535562006972","when logging in in social networks","TRUE",,"1653556200000","2",
"16535562006983","to stop an application which is not responding","FALSE",,"1653556200000","3",
"16535562007000","with the firewall","FALSE",,"1653556200000","0",
"16535562007001","with the task manager","TRUE",,"1653556200000","1",
"16535562007012","through an external device","FALSE",,"1653556200000","2",
"16535562007013","simply empty the trash","FALSE",,"1653556200000","3",
"16535562007030","to provide online software","TRUE",,"1653556200000","0",
"16535562007041","to connect the computer to the screen","FALSE",,"1653556200000","1",
"16535562007042","to provide internet access","TRUE",,"1653556200000","2",
"16535562007053","to provide online data storage space","TRUE",,"1653556200000","3",
"16535562007070","date and time","TRUE",,"1653556200000","0",
"16535562007071","adjusting the Quick Launch Bar in Word","FALSE",,"1653556200000","1",
"16535562007072","screen resolution","TRUE",,"1653556200000","2",
"16535562007083","changing the resolution of an image","FALSE",,"1653556200000","3",
"16535562007100","with the system control","FALSE",,"1653556200000","0",
"16535562007101","print button","TRUE",,"1653556200000","1",
"16535562007112","with the Windows programme ""SnippingTool""","TRUE",,"1653556200000","2",
"16535562007113","with a scanner","FALSE",,"1653556200000","3",
"16535562007130","smartphone","TRUE",,"1653556200000","0",
"16535562007131","printer","FALSE",,"1653556200000","1",
"16535562007132","scanner","FALSE",,"1653556200000","2",
"16535562007143","projector","FALSE",,"1653556200000","3",
"16535562007160","dual-core","TRUE",,"1653556200000","0",
"16535562007161","quad-core","TRUE",,"1653556200000","1",
"16535562007162","central unit","TRUE",,"1653556200000","2",
"16535562007173","Random Access Memory","FALSE",,"1653556200000","3",
"16535562007190","A","FALSE",,"1653556200000","0",
"16535562007191","B","FALSE",,"1653556200000","1",
"16535562007192","C","FALSE",,"1653556200000","2",
"16535562007203","D","TRUE",,"1653556200000","3",
"16535562007210","A","TRUE",,"1653556200000","0",
"16535562007221","B","FALSE",,"1653556200000","1",
"16535562007222","C","FALSE",,"1653556200000","2",
"16535562007223","D","FALSE",,"1653556200000","3",
"16535562007240","A","FALSE",,"1653556200000","0",
"16535562007241","B","FALSE",,"1653556200000","1",
"16535562007252","C","TRUE",,"1653556200000","2",
"16535562007253","D","FALSE",,"1653556200000","3",
"16535562007270","A","FALSE",,"1653556200000","0",
"16535562007271","B","TRUE",,"1653556200000","1",
"16535562007282","C","FALSE",,"1653556200000","2",
"16535562007283","D","FALSE",,"1653556200000","3",
"16535562007300","small arrow","TRUE",,"1653556200000","0",
"16535562007301","file name","TRUE",,"1653556200000","1",
"16535562007302","the letter ""W""","FALSE",,"1653556200000","2",
"16535562007303","the lines in the symbol","FALSE",,"1653556200000","3",
"16535562007320","Windows 10 Pro","TRUE",,"1653556200000","0",
"16535562007321","RAM: 8 GB","TRUE",,"1653556200000","1",
"16535562007332","Intel(R) Core(TM) i5","FALSE",,"1653556200000","2",
"16535562007333","2,10 GHZ","TRUE",,"1653556200000","3",
"16535562007350","extra large symbols","TRUE",,"1653556200000","0",
"16535562007351","content","TRUE",,"1653556200000","1",
"16535562007352","single","FALSE",,"1653556200000","2",
"16535562007363","list","TRUE",,"1653556200000","3",
"16535562007370","internal","FALSE",,"1653556200000","0",
"16535562007381","external","TRUE",,"1653556200000","1",
"16535562007400","internal","TRUE",,"1653556200000","0",
"16535562007401","external","FALSE",,"1653556200000","1",
"16535562007420","folder size: 191 GB","TRUE",,"1653556200000","0",
"16535562007421","599 folders in the picture folder","TRUE",,"1653556200000","1",
"16535562007422","The picture folder was created in 2017.","FALSE",,"1653556200000","2",
"16535562007423","There are 599 files in the picture folder.","FALSE",,"1653556200000","3",
"16535562007440","by the zip (could also be a screw clamp)","TRUE",,"1653556200000","0",
"16535562007451","by the file name: zip","TRUE",,"1653556200000","1",
"16535562007452","by the yellow colour","FALSE",,"1653556200000","2",
"16535562007460","to share data storage","TRUE",,"1653556200000","0",
"16535562007471","to use a common printer","TRUE",,"1653556200000","1",
"16535562007472","to be able to work together better","TRUE",,"1653556200000","2",
"16535562007473","there are no security problems","FALSE",,"1653556200000","3",
"16535562005610","detects viruses","TRUE",,"1653556091585","0",
"16535562005611","restarts/reboots the computer","FALSE",,"1653556091585","1",
"16535562005622","creates a data backup","FALSE",,"1653556091585","2",
"16535562005623","deletes viruses","TRUE",,"1653556091585","3",
"16535562005650","it reads out the content of the screen","FALSE",,"1653556091587","0",
"16535562005651","to show frequently used folders","TRUE",,"1653556091587","1",
"16535562005662","it serves as an open Wi-Fi","FALSE",,"1653556091587","2",
"16535562005663","to show recently used files","TRUE",,"1653556091587","3",
"16535562005690","... the computer is safe from viruses.","FALSE",,"1653556091590","0",
"16535562005701","... the speed of the computer slows down.","FALSE",,"1653556091590","1",
"16535562005702","... the download speed increases.","FALSE",,"1653556091590","2",
"16535562005713","... the speed of the computer increases.","TRUE",,"1653556091590","3",
"16535562005730","network interface/port","TRUE",,"1653556091593","0",
"16535562005741","HDMI interface/port","FALSE",,"1653556091593","1",
"16535562005742","VGA-interface/port","FALSE",,"1653556091593","2",
"16535562005753","display-port interface","FALSE",,"1653556091593","3",
"16535562006650","to start the computer","TRUE",,"1653556091675","0",
"16535562006651","to control access to the hardware","TRUE",,"1653556091675","1",
"16535562006662","to control the execution of the application software","TRUE",,"1653556091675","2",
"16535562006663","so that data can be displayed on the screen","TRUE",,"1653556091675","3",
"16535562006680","to make an application software work","FALSE",,"1653556091678","0",
"16535562006691","so that areas of the screen can be displayed larger","TRUE",,"1653556091678","1",
"16535562006692","so that visually impaired people can read texts more easily","TRUE",,"1653556091678","2",
"16535562006693","so that the screen can be operated with the finger","FALSE",,"1653556091678","3",
"16535562006710","to be able to restore data in the event of damage","TRUE",,"1653556091681","0",
"16535562006721","to protect the computer from external attacks","FALSE",,"1653556091681","1",
"16535562006722","to make the external hardware, such as printers, work","FALSE",,"1653556091681","2",
"16535562006733","so that apps can be installed","FALSE",,"1653556091681","3",
"16535562006780","central processing unit","TRUE",,"1653556091684","0",
"16535562006791","central unit","TRUE",,"1653556091684","1",
"16535562006792","works at a specific clock frequency","TRUE",,"1653556091684","2",
"16535562006803","is used to save texts","FALSE",,"1653556091684","3",
"16535562006830","An external keyboard is not necessary for use.","TRUE",,"1653556091686","0",
"16535562006841","The layout of the keyboard automatically adapts to the language set in Windows.","TRUE",,"1653556091686","1",
"16535562006842","does not work on a notebook","FALSE",,"1653556091686","2",
"16535562006843","also works without touchscreen","TRUE",,"1653556091686","3",
"16535562006870","A","TRUE",,"1653556091689","0",
"16535562006871","B","TRUE",,"1653556091689","1",
"16535562006872","C","FALSE",,"1653556091689","2",
"16535562006883","D","TRUE",,"1653556091689","3",
"16535562006890","can be installed locally","TRUE",,"1653556091691","0",
"16535562006901","may be available online","TRUE",,"1653556091691","1",
"16535562006902","can no longer be removed","FALSE",,"1653556091691","2",
"16535562006913","always works with all operating systems","FALSE",,"1653556091691","3",
"16535562006940","Software very often needs to be licensed before use.","TRUE",,"1653556091693","0",
"16535562006941","Application software never needs an end-user licence agreement.","FALSE",,"1653556091693","1",
"16535562006942","The End User Licence Agreement must be agreed to each time the software is started.","FALSE",,"1653556091693","2",
"16535562006953","regulates the use of a software","TRUE",,"1653556091693","3",
"16535562006960","when using the help function of Word","FALSE",,"1653556091695","0",
"16535562006971","when starting the computer","TRUE",,"1653556091695","1",
"16535562006972","when logging in in social networks","TRUE",,"1653556091695","2",
"16535562006983","to stop an application which is not responding","FALSE",,"1653556091695","3",
"16535562007000","with the firewall","FALSE",,"1653556091697","0",
"16535562007001","with the task manager","TRUE",,"1653556091697","1",
"16535562007012","through an external device","FALSE",,"1653556091697","2",
"16535562007013","simply empty the trash","FALSE",,"1653556091697","3",
"16535562007030","to provide online software","TRUE",,"1653556091699","0",
"16535562007041","to connect the computer to the screen","FALSE",,"1653556091699","1",
"16535562007042","to provide internet access","TRUE",,"1653556091699","2",
"16535562007053","to provide online data storage space","TRUE",,"1653556091699","3",
"16535562007070","date and time","TRUE",,"1653556091701","0",
"16535562007071","adjusting the Quick Launch Bar in Word","FALSE",,"1653556091701","1",
"16535562007072","screen resolution","TRUE",,"1653556091701","2",
"16535562007083","changing the resolution of an image","FALSE",,"1653556091701","3",
"16535562007100","with the system control","FALSE",,"1653556091704","0",
"16535562007101","print button","TRUE",,"1653556091704","1",
"16535562007112","with the Windows programme ""SnippingTool""","TRUE",,"1653556091704","2",
"16535562007113","with a scanner","FALSE",,"1653556091704","3",
"16535562007130","smartphone","TRUE",,"1653556091706","0",
"16535562007131","printer","FALSE",,"1653556091706","1",
"16535562007132","scanner","FALSE",,"1653556091706","2",
"16535562007143","projector","FALSE",,"1653556091706","3",
"16535562007160","dual-core","TRUE",,"1653556091709","0",
"16535562007161","quad-core","TRUE",,"1653556091709","1",
"16535562007162","central unit","TRUE",,"1653556091709","2",
"16535562007173","Random Access Memory","FALSE",,"1653556091709","3",
"16535562007190","A","FALSE",,"1653556091711","0",
"16535562007191","B","FALSE",,"1653556091711","1",
"16535562007192","C","FALSE",,"1653556091711","2",
"16535562007203","D","TRUE",,"1653556091711","3",
"16535562007210","A","TRUE",,"1653556091714","0",
"16535562007221","B","FALSE",,"1653556091714","1",
"16535562007222","C","FALSE",,"1653556091714","2",
"16535562007223","D","FALSE",,"1653556091714","3",
"16535562007240","A","FALSE",,"1653556091718","0",
"16535562007241","B","FALSE",,"1653556091718","1",
"16535562007252","C","TRUE",,"1653556091718","2",
"16535562007253","D","FALSE",,"1653556091718","3",
"16535562007270","A","FALSE",,"1653556091721","0",
"16535562007271","B","TRUE",,"1653556091721","1",
"16535562007282","C","FALSE",,"1653556091721","2",
"16535562007283","D","FALSE",,"1653556091721","3",
"16535562007300","small arrow","TRUE",,"1653556091725","0",
"16535562007301","file name","TRUE",,"1653556091725","1",
"16535562007302","the letter ""W""","FALSE",,"1653556091725","2",
"16535562007303","the lines in the symbol","FALSE",,"1653556091725","3",
"16535562007320","Windows 10 Pro","TRUE",,"1653556091728","0",
"16535562007321","RAM: 8 GB","TRUE",,"1653556091728","1",
"16535562007332","Intel(R) Core(TM) i5","FALSE",,"1653556091728","2",
"16535562007333","2,10 GHZ","TRUE",,"1653556091728","3",
"16535562007350","extra large symbols","TRUE",,"1653556091731","0",
"16535562007351","content","TRUE",,"1653556091731","1",
"16535562007352","single","FALSE",,"1653556091731","2",
"16535562007363","list","TRUE",,"1653556091731","3",
"16535562007370","internal","FALSE",,"1653556091734","0",
"16535562007381","external","TRUE",,"1653556091734","1",
"16535562007400","internal","TRUE",,"1653556091736","0",
"16535562007401","external","FALSE",,"1653556091736","1",
"16535562007420","folder size: 191 GB","TRUE",,"1653556091738","0",
"16535562007421","599 folders in the picture folder","TRUE",,"1653556091738","1",
"16535562007422","The picture folder was created in 2017.","FALSE",,"1653556091738","2",
"16535562007423","There are 599 files in the picture folder.","FALSE",,"1653556091738","3",
"16535562007440","by the zip (could also be a screw clamp)","TRUE",,"1653556091741","0",
"16535562007451","by the file name: zip","TRUE",,"1653556091741","1",
"16535562007452","by the yellow colour","FALSE",,"1653556091741","2",
"16535562007460","to share data storage","TRUE",,"1653556091743","0",
"16535562007471","to use a common printer","TRUE",,"1653556091743","1",
"16535562007472","to be able to work together better","TRUE",,"1653556091743","2",
"16535562007473","there are no security problems","FALSE",,"1653556091743","3",
"16535562007474","fw","TRUE",,"1653556200001","0",
"16535562007475","fwfw","FALSE",,"1653556200001","1",
"16535562007506","Menüband","TRUE",,"1653556200033","0",
"16535562007507","Verweispfeil","FALSE",,"1653556200033","1",
"16535562007508","Symbol","FALSE",,"1653556200033","2",
"16535562007509","Gruppe","FALSE",,"1653556200033","3",
"16535562007510","ein Register","FALSE",,"1653556200034","0",
"16535562007511","eine Gruppe","TRUE",,"1653556200034","1",
"16535562007512","das Menüband","FALSE",,"1653556200034","2",
"16535562007513","auf eine Gruppe","FALSE",,"1653556200035","0",
"16535562007514","auf ein Symbol","TRUE",,"1653556200035","1",
"16535562007515","auf den Listenpfeil","FALSE",,"1653556200035","2",
"16535562007516","auf eine Gruppe","FALSE",,"1653556200036","0",
"16535562007517","auf ein Symbol","FALSE",,"1653556200036","1",
"16535562007518","auf den Listenpfeil","TRUE",,"1653556200036","2",
"16535562007519","auf das Symbol Menüband-Anzeigeoptionen","TRUE",,"1653556200037","0",
"16535562007520","auf eine Gruppe","FALSE",,"1653556200037","1",
"16535562007521","auf das Menüband","FALSE",,"1653556200037","2",
"16535562007522","Menüband automatisch ausblenden","FALSE",,"1653556200038","0",
"16535562007523","Registerkarten anzeigen","FALSE",,"1653556200038","1",
"16535562007524","Registerkarten und Befehle anzeigen","TRUE",,"1653556200038","2",
"16535562007525","Menüband","TRUE",,"1653556200039","0",
"16535562007526","Verweispfeil","FALSE",,"1653556200039","1",
"16535562007527","Symbol","FALSE",,"1653556200039","2",
"16535562007528","Gruppe","FALSE",,"1653556200039","3",
"16535562007529","Menüband automatisch ausblenden","FALSE",,"1653556200040","0",
"16535562007530","Registerkarten anzeigen","FALSE",,"1653556200040","1",
"16535562007531","Registerkarten und Befehle anzeigen","TRUE",,"1653556200040","2",
"16535562007538","a","TRUE",,"1653556200065","0",
"16535562007539","b","FALSE",,"1653556200065","1",
"16668604047540","eine Eingabe","FALSE",,"1666817473513","0",
"16668604047551","eine Ausgabe","TRUE",,"1666817473513","1",
"16668178756190","Batterieladung Status","TRUE",,"1666817875617","0",
"16668178756191","am Smartphone wischen und damit Programm schließen","FALSE",,"1666817875617","1",
"16668178756202","die Lautstärke wird angezeigt","TRUE",,"1666817875617","2",
"16668178756203","es wird in das Mikrofon gesprochen","FALSE",,"1666817875617","3",
"16671625245330","stellt den Algorithmus bildlich dar","TRUE",,"1666818997405","0",
"16671625245341","kann auch von Nichtprogrammieren verstanden werden","TRUE",,"1666818997405","1",
"16671625245342","Eine Programmiersprache zur Erstellung ist notwendig.","FALSE",,"1666818997405","2",
"16671625245353","dient zur Veranschaulichung","TRUE",,"1666818997405","3",
"16674871998980","Flussdiagramm","FALSE",,"1666819343674","0",
"16674871998981","Quellcode","TRUE",,"1666819343674","1",
"16674871998992","Maschinencode","FALSE",,"1666819343674","2",
"16674871998993","Pseudocode","FALSE",,"1666819343674","3",
"16674872291490","Flussdiagramm","FALSE",,"1666819348225","0",
"16674872291501","Quellcode","FALSE",,"1666819348225","1",
"16674872291502","Maschinencode","FALSE",,"1666819348225","2",
"16674872291513","Pseudocode","TRUE",,"1666819348225","3",
"16670385831870","erhöht die Verständlichkeit","TRUE",,"1666855823931","0",
"16670385831871","nur im Pseudocode","FALSE",,"1666855823931","1",
"16670385831882","nur im Quellcode","FALSE",,"1666855823931","2",
"16668641633370","Pseudocode","FALSE",,"1666856160914","0",
"16668641633371","Sequenz","TRUE",,"1666856160914","1",
"16668641633382","Algorithmus","FALSE",,"1666856160914","2",
"16668641633383","Maschinencode","FALSE",,"1666856160914","3",
"16674872880430","Start/Stopp","TRUE",,"1666857506042","0",
"16674872880431","Prozess","FALSE",,"1666857506042","1",
"16674872880432","Input/Output","FALSE",,"1666857506042","2",
"16674872880443","Entscheidung","FALSE",,"1666857506042","3",
"16670356399660","Start/Stopp","FALSE",,"1666857510080","0",
"16670356399661","Prozess","FALSE",,"1666857510080","1",
"16670356399672","Input/Output","FALSE",,"1666857510080","2",
"16670356399673","Entscheidung","TRUE",,"1666857510080","3",
"16668601299200","Start/Stopp","FALSE",,"1666857667040","0",
"16668601299211","Prozess","FALSE",,"1666857667040","1",
"16668601299212","Input/Output","TRUE",,"1666857667040","2",
"16668601299223","Entscheidung","FALSE",,"1666857667040","3",
"16671627524970","mit einem Programmiercode","TRUE",,"1667162643361","0",
"16671627524981","mit einem Flussdiagramm","TRUE",,"1667162643361","1",
"16671627524982","mit einem Pseudocode","TRUE",,"1667162643361","2",
"16671627524993","mit der Mustererkennung","FALSE",,"1667162643361","3",
"16671631113610","Auf den Wert kann im Programm zugegriffen werden.","TRUE",,"1667163111359","0",
"16671631113621","Die Variable kann im Programm auf einen beliebigen Wert gesetzt werden.","TRUE",,"1667163111359","1",
"16671631113622","Der Name der Variablen kann im Programm festgelegt werden.","TRUE",,"1667163111359","2",
"16671631113633","Der Name einer Variablen darf nur in Kleinbuchstaben geschrieben werden.","FALSE",,"1667163111359","3",
"16671680075930","Beim Ausführen des Programms wird eine Spur angezeigt.","FALSE",,"1667168007591","0",
"16671680076011","Das Programm verzweigt sich.","TRUE",,"1667168007591","1",
"16671680076012","Das Programm wird beendet.","FALSE",,"1667168007591","2",
"16671680076023","Ein oder mehrere Anweisungen werden wiederholt ausgeführt.","FALSE",,"1667168007591","3",
"16671682726500","wird ausgeführt, bis eine bestimmte Bedingung erreicht wird","TRUE",,"1667168272644","0",
"16671682726511","wird genau 5 Mal ausgeführt","FALSE",,"1667168272644","1",
"16671682726522","wird endlos ausgeführt","FALSE",,"1667168272644","2",
"16674876256070","Ereignis","FALSE",,"1667487625605","0",
"16674876256071","Fühlen","FALSE",,"1667487625605","1",
"16674876256082","Variable","FALSE",,"1667487625605","2",
"16674876256083","Operatoren","TRUE",,"1667487625605","3",
"16674880796840","Der Variable kann ein Wert zugewiesen werden.","TRUE",,"1667488079682","0",
"16674880796851","Variablen ändern nie ihren Wert.","FALSE",,"1667488079682","1",
"16674880796852","Variable haben einen Namen.","TRUE",,"1667488079682","2",
"16674880796853","Variable können nur in Kleinbuchstaben geschrieben werden.","FALSE",,"1667488079682","3",
"16674884764530","Die Variable bekommt den Standardwert zugewiesen.","TRUE",,"1667488476451","0",
"16674884764541","Die Variable wird um 1 erhöht.","FALSE",,"1667488476451","1",
"16674884764542","Die Variable wird angezeigt.","FALSE",,"1667488476451","2",
"16674884764553","Die Variable wird immer auf 0 gesetzt.","FALSE",,"1667488476451","3",
"16674887793680","Scratch weist der Variable Länge die Zahl 20 zu.","TRUE",,"1667488779366","0",
"16674887793681","Scratch ändert den Namen Variable.","FALSE",,"1667488779366","1",
"16674887793692","Scratch gibt eine Fehlermeldung aus.","FALSE",,"1667488779366","2",
"16674887793693","Scratch erhöht die Länge um 20.","FALSE",,"1667488779366","3",
"16674888971660",">","FALSE",,"1667488897164","0",
"16674888971671","<","TRUE",,"1667488897164","1",
"16674888971682","=","FALSE",,"1667488897164","2",
"16674893225840","3*(4+7)*2","FALSE",,"1667489322582","0",
"16674893225881","3*4+7*2","TRUE",,"1667489322582","1",
"16674893225882","(3*4+7)*2","FALSE",,"1667489322582","2",
"16674893225893","3*(4+7*2)","FALSE",,"1667489322582","3",
"16665498588850","Algorithmus","FALSE",,"1666549587642","0",
"16665498588861","Abstraktion","FALSE",,"1666549587642","1",
"16665498588862","Evaluation","TRUE",,"1666549587642","2",
"16665498588863","Muster","FALSE",,"1666549587642","3",
"16665498485480","Algorithmus","FALSE",,"1666549734812","0",
"16665498485481","Abstraktion","FALSE",,"1666549734812","1",
"16665498485492","Problemzerlegung","TRUE",,"1666549734812","2",
"16665498485493","Muster","FALSE",,"1666549734812","3",
"16665499789140","Algorithmus","TRUE",,"1666549907351","0",
"16665499789151","Abstraktion","FALSE",,"1666549907351","1",
"16665499789152","Evaluation","FALSE",,"1666549907351","2",
"16665499789163","Muster","FALSE",,"1666549907351","3",
"16665500949360","Algorithmus","FALSE",,"1666550002675","0",
"16665500949361","Abstraktion","FALSE",,"1666550002675","1",
"16665500949362","Problemzerlegung","FALSE",,"1666550002675","2",
"16665500949373","Muster","TRUE",,"1666550002675","3",
"16674867092820","Kochrezept","TRUE",,"1666550394167","0",
"16674867092831","Monitor","FALSE",,"1666550394167","1",
"16674867092832","Reparaturanleitung eines Gerätes","TRUE",,"1666550394167","2",
"16674867092833","Startvorgang eines Autos","TRUE",,"1666550394167","3",
"16665505199300","es wird komplexer","FALSE",,"1666550519928","0",
"16665505199311","wird einfacher bzw. veständlicher","TRUE",,"1666550519928","1",
"16665505199312","die Handlungsvorschrift wird mehrdeutig","FALSE",,"1666550519928","2",
"16665505199323","das Problem wird größer","FALSE",,"1666550519928","3",
"16665505971950","Mehl nach Belieben","FALSE",,"1666550597193","0",
"16665505971961","400 Gramm Mehl","TRUE",,"1666550597193","1",
"16665505971962","Drehung 90°","TRUE",,"1666550597193","2",
"16665505971963","rechts drehen","FALSE",,"1666550597193","3",
"16665508080300","einfach verständlich","FALSE",,"1666550808028","0",
"16665508080311","vielfältig","TRUE",,"1666550808028","1",
"16665508080312","es sind wiederkehrende Muster sicher vorhanden","FALSE",,"1666550808028","2",
"16665508080323","Das Problem wurde in kleinere Teile zerlegt.","FALSE",,"1666550808028","3",
"16674867480460","Mit dem Rezept ist der Kuchen sehr gut gelungen.","TRUE",,"1666550932917","0",
"16674867480471","Der nach diesem Rezept gemachte Kuchen schmeckt nicht.","TRUE",,"1666550932917","1",
"16674867480472","Die Anleitung zum Zusammenbau eines Kastens ist verständlich.","TRUE",,"1666550932917","2",
"16674867480483","Das Programm macht genau das, was ich will.","TRUE",,"1666550932917","3",
"16665554688280","komplex","FALSE",,"1666554654185","0",
"16665554688291","Muster","FALSE",,"1666554654185","1",
"16665554688292","Computational Thinking","TRUE",,"1666554654185","2",
"16665554688293","Computer","FALSE",,"1666554654185","3",
"16665559165460","Abstraktion","FALSE",,"1666555452209","0",
"16665559165461","Auffassung","TRUE",,"1666555452209","1",
"16665559165462","Problemzerlegung","FALSE",,"1666555452209","2",
"16665559165473","Mustererkennung","FALSE",,"1666555452209","3",
"16665560664270","Entwicklung eines Roboters: Kleine Schritte sind notwendig.","TRUE",,"1666555903570","0",
"16665560664281","Zerteilung einer Torte in Stücke","FALSE",,"1666555903570","1",
"16665560664282","in einer Suchmaschine suchen","FALSE",,"1666555903570","2",
"16665560664293","warten, bis sich das Problem von selbst erledigt","FALSE",,"1666555903570","3",
"16674868141350","im Backrohr backen","TRUE",,"1666557925681","0",
"16674868141351","350 Gramm Zucker dazugeben","FALSE",,"1666557925681","1",
"16674868141362","Kuchen heiß essen","FALSE",,"1666557925681","2",
"16674868141363","Formen aus dem Teig ausstechen","FALSE",,"1666557925681","3",
"16668068827950","gleiches Muster","TRUE",,"1666806882788","0",
"16668068828101","Problemzerlegung","FALSE",,"1666806882788","1",
"16668068828112","Abstraktion","FALSE",,"1666806882788","2",
"16668068828113","Evaluation","FALSE",,"1666806882788","3",
"16668072003390","Muster","FALSE",,"1666807200336","0",
"16668072003401","Algorithmus, Reihe von Schritten","TRUE",,"1666807200336","1",
"16668072003402","Vereinfachung","FALSE",,"1666807200336","2",
"16668072003413","Evaluation","FALSE",,"1666807200336","3",
"16668073939830","SoftwareentwicklerInnen","TRUE",,"1666807393980","0",
"16668073939831","Administrator","FALSE",,"1666807393980","1",
"16668073939842","ProgrammiererInnnen","TRUE",,"1666807393980","2",
"16668073939843","Anwender","FALSE",,"1666807393980","3",
"16668075499400","Quellcode","TRUE",,"1666807541698","0",
"16668075499411","Python","FALSE",,"1666807541698","1",
"16668075499412","Maschinencode","TRUE",,"1666807541698","2",
"16668075499423","Scratch","FALSE",,"1666807541698","3",
"16668078188650","einen Quellcode schreiben","TRUE",,"1666807818863","0",
"16668078188661","einen Maschinencode schreiben","FALSE",,"1666807818863","1",
"16668078188662","endlich ein Computerspiel spielen","FALSE",,"1666807818863","2",
"16668078188673","WhatsApp-Nachrichten versenden","FALSE",,"1666807818863","3",
"16668081652540","Der Quellcode muss zuerst in Maschinencode umgewandelt werden.","FALSE",,"1666808150866","0",
"16668081652551","Der Quellcode wird direkt ausgeführt.","TRUE",,"1666808150866","1",
"16668081652552","Der Quellcode muss nicht ausgeführt werden.","FALSE",,"1666808150866","2",
"16668081652563","Die Evaluation der Codes hat einen Fehler entdeckt.","FALSE",,"1666808150866","3",
"16668084145940","ja","TRUE",,"1666808414592","0",
"16668084145951","nein","FALSE",,"1666808414592","1",
"16668085967570","Python","FALSE",,"1666808596755","0",
"16668085967581","Source Code","TRUE",,"1666808596755","1",
"16668085967582","Scratch","FALSE",,"1666808596755","2",
"16668085967593","C++","FALSE",,"1666808596755","3",
"16674869973340","für den Programmierer nicht lesbar","TRUE",,"1666814222119","0",
"16674869973351","für den Programmierer lesbar","FALSE",,"1666814222119","1",
"16674869973352","kann vom Computer ausgeführt werden","TRUE",,"1666814222119","2",
"16674869973353","wurde aus dem Quellcode erzeugt","TRUE",,"1666814222119","3",
"16668146795800","Testen","FALSE",,"1666814679578","0",
"16668146795801","Entwurf","FALSE",,"1666814679578","1",
"16668146795812","Programmierung","FALSE",,"1666814679578","2",
"16668146795813","Analyse","TRUE",,"1666814679578","3",
"16668147814660","Testen","TRUE",,"1666814690576","0",
"16668147814661","Entwurf","FALSE",,"1666814690576","1",
"16668147814672","Programmierung","FALSE",,"1666814690576","2",
"16668147814673","Analyse","FALSE",,"1666814690576","3",
"16668149163900","Testen","FALSE",,"1666814808895","0",
"16668149163911","Entwurf","TRUE",,"1666814808895","1",
"16668149163912","Programmierung","FALSE",,"1666814808895","2",
"16668149163923","Analyse","FALSE",,"1666814808895","3",
"16668150149580","Testen","FALSE",,"1666814919088","0",
"16668150149591","Entwurf","FALSE",,"1666814919088","1",
"16668150149592","Programmierung","TRUE",,"1666814919088","2",
"16668150149603","Analyse","FALSE",,"1666814919088","3",
"16674871043140","Testen","TRUE",,"1666815033576","0",
"16674871043141","Entwurf","FALSE",,"1666815033576","1",
"16674871043142","Programmierung","FALSE",,"1666815033576","2",
"16674871043153","Analyse","FALSE",,"1666815033576","3",
"16668152990620","kann der Computer verstehen und verarbeiten","TRUE",,"1666815299060","0",
"16668152990621","Schriftsprache","FALSE",,"1666815299060","1",
"16668152990632","Quellcode","TRUE",,"1666815299060","2",
"16668152990643","Kommunikation zwischen Menschen","FALSE",,"1666815299060","3",
"16668166246520","genaue Beschreibung, was das Programm tun soll","TRUE",,"1666816624643","0",
"16668166246661","Aufgabenfestlegung (des Programms)","TRUE",,"1666816624643","1",
"16668166246662","Maschinencode","FALSE",,"1666816624643","2",
"16668166246673","Quellcode","FALSE",,"1666816624643","3",
"16674893225894","Problemstellung analysieren","FALSE",,"1667489322583","0",
"16674893225895","Umsetzung eines zuvor geplanten Entwurfs in ausführbaren Programmcode ","TRUE",,"1667489322583","1",
"16674893225896","Anforderungen definieren","FALSE",,"1667489322583","2",
"16674893225897","Modelle entwerfen","FALSE",,"1667489322583","3",
"16665496231000","Algorithmus","FALSE",,"1666544679212","0",
"16665496231001","Abstraktion","TRUE",,"1666544679212","1",
"16665496231012","Evaluation","FALSE",,"1666544679212","2",
"16665496231013","Muster","FALSE",,"1666544679212","3",
"16674893225926","eine Kamera am Laptop","FALSE",,"1667489322615","0",
"16674893225927","die Eingabe über die Tastatur","TRUE",,"1667489322615","1",
"16674893225928","den Energiesparmodus","FALSE",,"1667489322615","2",
"16674893225929","ein Backup","FALSE",,"1667489322615","3",
"16674893225930","abcdefg","FALSE",,"1667489322616","0",
"16674893225931","Andreas","FALSE",,"1667489322616","1",
"16674893225932","AN-#56xp","TRUE",,"1667489322616","2",
"16674893225933","Passwort","FALSE",,"1667489322616","3",
"16723197850340","high risk","FALSE",,"1672302704840","0",
"16723197850341","unacceptable risk","TRUE",,"1672302704840","1",
"16723197850352","limited risk","FALSE",,"1672302704840","2",
"16723197850353","minimal risk","FALSE",,"1672302704840","3",
"16723032093250","KI-gestützte Videospiele","FALSE",,"1672303209323","0",
"16723032093251","Autonome Fahrzeuge","TRUE",,"1672303209323","1",
"16723032093262","Chatbots","FALSE",,"1672303209323","2",
"16723032093263","Medizinische Diagnose‑Systeme","TRUE",,"1672303209323","3",
"16727255492250","Spamfilter","TRUE",,"1672303239241","0",
"16727255492261","Autonome Fahrzeuge","FALSE",,"1672303239241","1",
"16727255492262","Bewertung der Kreditwürdigkeit durch KI","FALSE",,"1672303239241","2",
"16727255492273","KI-Systeme, die Unternehmen im Bewerbungsprozess unterstützen","FALSE",,"1672303239241","3",
"16727255776920","ja, wenn diese den neuen Vorschriften der Europäischen Kommission entspricht","TRUE",,"1672320184839","0",
"16727255776921","ist nie erlaubt","FALSE",,"1672320184839","1",
"16723204488920","high risk","TRUE",,"1672320287936","0",
"16723204488921","unacceptable risk","FALSE",,"1672320287936","1",
"16723204488922","limited risk","FALSE",,"1672320287936","2",
"16723204488933","minimal risk","FALSE",,"1672320287936","3",
"16723207121350","Spamfilter","FALSE",,"1672320712118","0",
"16723207121361","Verkehr","TRUE",,"1672320712118","1",
"16723207121372","Chatbots","FALSE",,"1672320712118","2",
"16697200539560","Internet der Dinge","FALSE",,"1669654109555","0",
"16697200539661","Cybersicherheit","TRUE",,"1669654109555","1",
"16697200539662","Intelligente Klimatechnik","FALSE",,"1669654109555","2",
"16697200539663","Persönlicher digitale Assistent am Smartphone","FALSE",,"1669654109555","3",
"16697200539680","Roboter in Fabriken","FALSE",,"1669654157959","0",
"16697200539681","Einkaufen im Supermarkt","FALSE",,"1669654157959","1",
"16697200539682","Intelligente Thermostate sparen Energie in der Wohnung.","TRUE",,"1669654157959","2",
"16697200539693","Freunde treffen","FALSE",,"1669654157959","3",
"16727256465650","Suchanfragen im Web wurden analysiert und die Werbung wird darauf abgestimmt","TRUE",,"1669654206199","0",
"16727256465651","Die Person hat sich im Fachgeschäft beraten lassen.","FALSE",,"1669654206199","1",
"16727256465652","Der Sprachassistent am Smartphone ist nicht aktiv.","FALSE",,"1669654206199","2",
"16697200539720","Face ID auf dem Iphone","TRUE",,"1669654271499","0",
"16697200539721","Drohne","FALSE",,"1669654271499","1",
"16697200539722","autonome PKW","FALSE",,"1669654271499","2",
"16697200539733","Suchmaschinen","TRUE",,"1669654271499","3",
"16697200539740","Face ID auf dem Iphone","FALSE",,"1669654325746","0",
"16697200539741","Drohne","TRUE",,"1669654325746","1",
"16697200539752","autonome PKW","TRUE",,"1669654325746","2",
"16697200539753","Suchmaschinen","FALSE",,"1669654325746","3",
"16697200539760","Bewässerung per Roboter","TRUE",,"1669654386609","0",
"16697200539761","Tierfütterung per Roboter","TRUE",,"1669654386609","1",
"16697200539772","Unkrautjäten per Roboter","TRUE",,"1669654386609","2",
"16697200539773","Gesichtserkennung per Roboter","FALSE",,"1669654386609","3",
"16697200539790","Die Umwelt wahrnehmen.","TRUE",,"1669654441034","0",
"16697200539791","Die Welt vollständig verstehen.","FALSE",,"1669654441034","1",
"16697200539792","Mit dem Wahrgenommenen umgehen und Probleme lösen","TRUE",,"1669654441034","2",
"16697200539803","Empfangene Daten verarbeiten und darauf reagieren","TRUE",,"1669654441034","3",
"16697200539810","Privatsphäre","FALSE",,"1669654566985","0",
"16697200539821","Deep Fake","TRUE",,"1669654566985","1",
"16697200539822","Online-Tracking","FALSE",,"1669654566985","2",
"16697200539833","Filterblase","FALSE",,"1669654566985","3",
"16727257018250","Privatsphäre","FALSE",,"1669654654578","0",
"16727257018261","Deep Fake","FALSE",,"1669654654578","1",
"16727257018262","Online-Tracking","FALSE",,"1669654654578","2",
"16727257018273","Filterblase","TRUE",,"1669654654578","3",
"16697200539880","Filterblase","FALSE",,"1669654822259","0",
"16697200539891","Online-Tracking","TRUE",,"1669654822259","1",
"16697200539892","Deepfakes","FALSE",,"1669654822259","2",
"16697200539893","Datenschutz","FALSE",,"1669654822259","3",
"16697200539910","Profiling","TRUE",,"1669654881111","0",
"16697200539921","Deep Fake","FALSE",,"1669654881111","1",
"16697200539922","Online-Tracking","FALSE",,"1669654881111","2",
"16697200539923","Filterblase","FALSE",,"1669654881111","3",
"16697200539940","Vorausschauende Wartung (Predictive Maintenance)","TRUE",,"1669655098154","0",
"16697200539941","Online-Tracking","FALSE",,"1669655098154","1",
"16697200539942","Filterblase","FALSE",,"1669655098154","2",
"16697200539953","Deepfakes","FALSE",,"1669655098154","3",
"16697200539960","Gesichtserkennung","TRUE",,"1669714080939","0",
"16697200539971","Spamfilter bei E-Mail","TRUE",,"1669714080939","1",
"16697200539972","Ergebnisse bei der Google-Suche","TRUE",,"1669714080939","2",
"16697200539973","Diskussion von Personen","FALSE",,"1669714080939","3",
"16727257018274","Ja","FALSE",,"1672320712119","0",
"16727257018275","Nein","TRUE",,"1672320712119","1",
"16727257018306","Roboter in Fabriken","FALSE",,"1672320712151","0",
"16727257018307","Einkaufen im Supermarkt","FALSE",,"1672320712151","1",
"16727257018308","Intelligente Thermostate sparen Energie in der Wohnung.","TRUE",,"1672320712151","2",
"16727257018309","Freunde treffen","FALSE",,"1672320712151","3",
"16727257018310","Suchanfragen im Web wurden analysiert und die Werbung wird darauf abgestimmt","TRUE",,"1672320712152","0",
"16727257018311","Die Person hat sich im Fachgeschäft beraten lassen.","FALSE",,"1672320712152","1",
"16727257018312","Der Sprachassistent am Smartphone ist nicht aktiv.","FALSE",,"1672320712152","2",
"16727257018313","Face ID auf dem Iphone","TRUE",,"1672320712153","0",
"16727257018314","Drohne","FALSE",,"1672320712153","1",
"16727257018315","autonome PKW","FALSE",,"1672320712153","2",
"16727257018316","Suchmaschinen","TRUE",,"1672320712153","3",
"16727257018317","Face ID auf dem Iphone","FALSE",,"1672320712154","0",
"16727257018318","Drohne","TRUE",,"1672320712154","1",
"16727257018319","autonome PKW","TRUE",,"1672320712154","2",
"16727257018320","Suchmaschinen","FALSE",,"1672320712154","3",
"16727257018321","Bewässerung per Roboter","TRUE",,"1672320712155","0",
"16727257018322","Tierfütterung per Roboter","TRUE",,"1672320712155","1",
"16727257018323","Unkrautjäten per Roboter","TRUE",,"1672320712155","2",
"16727257018324","Gesichtserkennung per Roboter","FALSE",,"1672320712155","3",
"16727257018325","Die Umwelt wahrnehmen.","TRUE",,"1672320712156","0",
"16727257018326","Die Welt vollständig zu verstehen.","FALSE",,"1672320712156","1",
"16727257018327","Mit dem Wahrgenommenen umzugehen und Probleme lösen","TRUE",,"1672320712156","2",
"16727257018328","Empfangene Daten zu verarbeiten und darauf zu reagieren","TRUE",,"1672320712156","3",
"16727257018329","Privatsphäre","FALSE",,"1672320712157","0",
"16727257018330","Deep Fake","TRUE",,"1672320712157","1",
"16727257018331","Online-Tracking","FALSE",,"1672320712157","2",
"16727257018332","Filterblase","FALSE",,"1672320712157","3",
"16727257018333","Privatsphäre","FALSE",,"1672320712158","0",
"16727257018334","Deep Fake","FALSE",,"1672320712158","1",
"16727257018335","Online-Tracking","FALSE",,"1672320712158","2",
"16727257018336","Filterblase","TRUE",,"1672320712158","3",
"16727257018337","Filterblase","FALSE",,"1672320712159","0",
"16727257018338","Online-Tracking","TRUE",,"1672320712159","1",
"16727257018339","Deepfakes","FALSE",,"1672320712159","2",
"16727257018340","Datenschutz","FALSE",,"1672320712159","3",
"16727257018341","Profiling","TRUE",,"1672320712160","0",
"16727257018342","Deep Fake","FALSE",,"1672320712160","1",
"16727257018343","Online-Tracking","FALSE",,"1672320712160","2",
"16727257018344","Filterblase","FALSE",,"1672320712160","3",
"16727257018345","Vorausschauende Wartung","TRUE",,"1672320712161","0",
"16727257018346","Online-Tracking","FALSE",,"1672320712161","1",
"16727257018347","Filterblase","FALSE",,"1672320712161","2",
"16727257018348","Deepfakes","FALSE",,"1672320712161","3",
"16727257018349","Gesichtserkennung","TRUE",,"1672320712162","0",
"16727257018350","Spamfilter bei E-Mail","TRUE",,"1672320712162","1",
"16727257018351","Ergebnisse bei der Google-Suche","TRUE",,"1672320712162","2",
"16727257018352","Diskussion von Personen","FALSE",,"1672320712162","3",
"16727257018353","high risk","FALSE",,"1672320712163","0",
"16727257018354","unacceptable risk","TRUE",,"1672320712163","1",
"16727257018355","limited risk","FALSE",,"1672320712163","2",
"16727257018356","minimal risk","FALSE",,"1672320712163","3",
"16727257018357","Kostenlose Nutzung von Anwendungen wie KI-gestützten Videospielen.","FALSE",,"1672320712164","0",
"16727257018358","Kritische Infrastrukturen (z. B. im Verkehr), in denen das Leben und die Gesundheit der Bürger&#xD;
gefährdet werden könnten","TRUE",,"1672320712164","1",
"16727257018359","Chatbots","FALSE",,"1672320712164","2",
"16727257018360","Sicherheitskomponenten von Produkten (z. B. eine KI-Anwendung für die roboterassistierte Chirurgie).","TRUE",,"1672320712164","3",
"16727257018361","Spamfilter","TRUE",,"1672320712165","0",
"16727257018362","Kritische Infrastrukturen (z. B. im Verkehr), in denen das Leben und die Gesundheit der Bürger&#xD;
gefährdet werden könnten.","FALSE",,"1672320712165","1",
"16727257018363","Bewertung der Kreditwürdigkeit durch KI,&#xD;
wodurch Bürgern Darlehen verwehrt werden könnten.","FALSE",,"1672320712165","2",
"16727257018364","Strafverfolgung, die in die Grundrechte der Menschen eingreifen könnte (z. B. Überprüfung der Echtheit von Beweismitteln).","FALSE",,"1672320712165","3",
"16727257018365","ja, wenn diese den neuen Vorschriften der Europäischen Kommission entspricht","TRUE",,"1672320712166","0",
"16727257018366","ist nie erlaubt","FALSE",,"1672320712166","1",
"16727257018367","high risk","TRUE",,"1672320712167","0",
"16727257018368","unacceptable risk","FALSE",,"1672320712167","1",
"16727257018369","limited risk","FALSE",,"1672320712167","2",
"16727257018370","minimal risk","FALSE",,"1672320712167","3",
"16727257018371","Spamfilter","FALSE",,"1672320712168","0",
"16727257018372","Verkehr","TRUE",,"1672320712168","1",
"16727257018373","Chatbots","FALSE",,"1672320712168","2",
"16727257018402","Übersetzung von Texten","TRUE",,"1672320712183","0",
"16727257018403","Autonomes Fahren","TRUE",,"1672320712183","1",
"16727257018404","Navigationsgeräte","TRUE",,"1672320712183","2",
"16727257018405","Analyse und Interpretation von Gesundheitsdaten","TRUE",,"1672320712183","3",
"16727257018406","Prognosen im Finanzwesen","TRUE",,"1672320712183","4",
"16727257018407","ANI (Artificial Narrow Intelligence)","TRUE",,"1672320712187","0",
"16727257018408","AGI (Artificial General Intelligence)","FALSE",,"1672320712187","1",
"16727257018409","ASI (Artificial Super Intelligence)","FALSE",,"1672320712187","2",
"16727257018410","high risk","FALSE",,"1672320712188","0",
"16727257018411","unacceptable risk","TRUE",,"1672320712188","1",
"16727257018412","limited risk","FALSE",,"1672320712188","2",
"16727257018413","minimal risk","FALSE",,"1672320712188","3",
"16727257018414","high risk","TRUE",,"1672320712189","0",
"16727257018415","unacceptable risk","FALSE",,"1672320712189","1",
"16727257018416","limited risk","FALSE",,"1672320712189","2",
"16727257018417","minimal risk","FALSE",,"1672320712189","3",
"16727257018418","Übersetzung von Texten","TRUE",,"1672320712190","0",
"16727257018419","Autonomes Fahren","TRUE",,"1672320712190","1",
"16727257018420","Navigationsgeräte","TRUE",,"1672320712190","2",
"16727257018421","Analyse und Interpretation von Gesundheitsdaten","TRUE",,"1672320712190","3",
"16727257018422","Prognosen im Finanzwesen","TRUE",,"1672320712190","4",
"16727257018423","ANI (Artificial Narrow Intelligence)","TRUE",,"1672320712191","0",
"16727257018424","AGI (Artificial General Intelligence)","FALSE",,"1672320712191","1",
"16727257018425","ASI (Artificial Super Intelligence)","FALSE",,"1672320712191","2",
"16727257018426","high risk","FALSE",,"1672320712192","0",
"16727257018427","unacceptable risk","TRUE",,"1672320712192","1",
"16727257018428","limited risk","FALSE",,"1672320712192","2",
"16727257018429","minimal risk","FALSE",,"1672320712192","3",
"16727257018430","high risk","TRUE",,"1672320712193","0",
"16727257018431","unacceptable risk","FALSE",,"1672320712193","1",
"16727257018432","limited risk","FALSE",,"1672320712193","2",
"16727257018433","minimal risk","FALSE",,"1672320712193","3",
"16727257018434","Übersetzung von Texten","TRUE",,"1672320712194","0",
"16727257018435","Autonomes Fahren","TRUE",,"1672320712194","1",
"16727257018436","Navigationsgeräte","TRUE",,"1672320712194","2",
"16727257018437","Analyse und Interpretation von Gesundheitsdaten","TRUE",,"1672320712194","3",
"16727257018438","Prognosen im Finanzwesen","TRUE",,"1672320712194","4",
"16727257018439","ANI (Artificial Narrow Intelligence)","TRUE",,"1672320712195","0",
"16727257018440","AGI (Artificial General Intelligence)","FALSE",,"1672320712195","1",
"16727257018441","ASI (Artificial Super Intelligence)","FALSE",,"1672320712195","2",
"16727257018442","Der Turing‑Test basiert auf einer Idee von Alan Turing aus dem Jahr 1950","TRUE",,"1672320712196","0",
"16727257018443","Der Turing‑Test überprüft, ob eine Maschine unendlich lange Gespräche führen kann. ","FALSE",,"1672320712196","1",
"16727257018444","Beim Turing‑Test kommuniziert eine Person sowohl mit einem Menschen als auch einer Maschine, ohne zu wissen, wer wer ist.","TRUE",,"1672320712196","2",
"16727257018445","Der Test bewertet ausschließlich die technische Hardware einer Maschine.","FALSE",,"1672320712196","3",
"16727257018446","high risk","FALSE",,"1672320712197","0",
"16727257018447","unacceptable risk","TRUE",,"1672320712197","1",
"16727257018448","limited risk","FALSE",,"1672320712197","2",
"16727257018449","minimal risk","FALSE",,"1672320712197","3",
"16727257018450","high risk","TRUE",,"1672320712198","0",
"16727257018451","unacceptable risk","FALSE",,"1672320712198","1",
"16727257018452","limited risk","FALSE",,"1672320712198","2",
"16727257018453","minimal risk","FALSE",,"1672320712198","3",
"16727257018454","Übersetzung von Texten","TRUE",,"1672320712199","0",
"16727257018455","Autonomes Fahren","TRUE",,"1672320712199","1",
"16727257018456","Navigationsgeräte","TRUE",,"1672320712199","2",
"16727257018457","Analyse und Interpretation von Gesundheitsdaten","TRUE",,"1672320712199","3",
"16727257018458","Prognosen im Finanzwesen","TRUE",,"1672320712199","4",
"16727257018459","ANI (Artificial Narrow Intelligence)","TRUE",,"1672320712200","0",
"16727257018460","AGI (Artificial General Intelligence)","FALSE",,"1672320712200","1",
"16727257018461","ASI (Artificial Super Intelligence)","FALSE",,"1672320712200","2",
"16727257018462","Der Turing‑Test basiert auf einer Idee von Alan Turing aus dem Jahr 1950","TRUE",,"1672320712201","0",
"16727257018463","Der Turing‑Test überprüft, ob eine Maschine unendlich lange Gespräche führen kann. ","FALSE",,"1672320712201","1",
"16727257018464","Beim Turing‑Test kommuniziert eine Person sowohl mit einem Menschen als auch einer Maschine, ohne zu wissen, wer wer ist.","TRUE",,"1672320712201","2",
"16727257018465","Der Test bewertet ausschließlich die technische Hardware einer Maschine.","FALSE",,"1672320712201","3",
"16727257018466","high risk","FALSE",,"1672320712202","0",
"16727257018467","unacceptable risk","TRUE",,"1672320712202","1",
"16727257018468","limited risk","FALSE",,"1672320712202","2",
"16727257018469","minimal risk","FALSE",,"1672320712202","3",
"16727257018470","high risk","TRUE",,"1672320712203","0",
"16727257018471","unacceptable risk","FALSE",,"1672320712203","1",
"16727257018472","limited risk","FALSE",,"1672320712203","2",
"16727257018473","minimal risk","FALSE",,"1672320712203","3",
"16727257018474","Übersetzung von Texten","TRUE",,"1672320712204","0",
"16727257018475","Autonomes Fahren","TRUE",,"1672320712204","1",
"16727257018476","Navigationsgeräte","TRUE",,"1672320712204","2",
"16727257018477","Analyse und Interpretation von Gesundheitsdaten","TRUE",,"1672320712204","3",
"16727257018478","Prognosen im Finanzwesen","TRUE",,"1672320712204","4",
"16727257018479","ANI (Artificial Narrow Intelligence)","TRUE",,"1672320712205","0",
"16727257018480","AGI (Artificial General Intelligence)","FALSE",,"1672320712205","1",
"16727257018481","ASI (Artificial Super Intelligence)","FALSE",,"1672320712205","2",
"16727257018482","Der Turing‑Test basiert auf einer Idee von Alan Turing aus dem Jahr 1950","TRUE",,"1672320712206","0",
"16727257018483","Der Turing‑Test überprüft, ob eine Maschine unendlich lange Gespräche führen kann. ","FALSE",,"1672320712206","1",
"16727257018484","Beim Turing‑Test kommuniziert eine Person sowohl mit einem Menschen als auch einer Maschine, ohne zu wissen, wer wer ist.","TRUE",,"1672320712206","2",
"16727257018485","Der Test bewertet ausschließlich die technische Hardware einer Maschine.","FALSE",,"1672320712206","3",
"16727257018486","Wahr","FALSE",,"1672320712207","0",
"16727257018487","Falsch","TRUE",,"1672320712207","1",
"16727257018488","Alan Turing","FALSE",,"1672320712208","0",
"16727257018489","John McCarthy","TRUE",,"1672320712208","1",
"16727257018490","Marvin Minsky","FALSE",,"1672320712208","2",
"16727257018491","Claude Shannon","FALSE",,"1672320712208","3",
"16727257018492","Deep Blue","FALSE",,"1672320712209","0",
"16727257018493","AlphaGo","FALSE",,"1672320712209","1",
"16727257018494","SHRDLU","FALSE",,"1672320712209","2",
"16727257018495","ELIZA","TRUE",,"1672320712209","3",
"16727257018496","Wahr","FALSE",,"1672320712210","0",
"16727257018497","Falsch","TRUE",,"1672320712210","1",
"16727257018498","Expertensysteme","FALSE",,"1672320712211","0",
"16727257018499","Große Sprachmodelle (LLMs)","TRUE",,"1672320712211","1",
"16727257018500","Fuzzylogik","FALSE",,"1672320712211","2",
"16727257018501","Mechanische Rechenmaschinen","FALSE",,"1672320712211","3",
"16727257018502","Symbolische KI ist moderner als subsymbolische KI","FALSE",,"1672320712212","0",
"16727257018503","Subsymbolische KI arbeitet mit festen Regeln","FALSE",,"1672320712212","1",
"16727257018504","Symbolische KI nutzt Logik, subsymbolische KI lernt aus Erfahrungen","TRUE",,"1672320712212","2",
"16727257018505","Beide funktionieren grundsätzlich gleich","FALSE",,"1672320712212","3",
"16727257018506","Routenplanung, z. B. in Navigationssystemen","TRUE",,"1672320712213","0",
"16727257018507","Sprachübersetzung mit neuronalen Netzen","FALSE",,"1672320712213","1",
"16727257018508","Einfache logische Spiele wie Tic‑Tac‑Toe","TRUE",,"1672320712213","2",
"16727257018509","Training neuronaler Netze für Bilderkennung","FALSE",,"1672320712213","3",
"16727257018510","Die Breitensuche untersucht zuerst alle Möglichkeiten auf derselben Ebene","TRUE",,"1672320712214","0",
"16727257018511","Die Tiefensuche folgt einem Weg möglichst weit in die Tiefe","TRUE",,"1672320712214","1",
"16727257018512","Beide Algorithmen garantieren immer den kürzesten Weg","FALSE",,"1672320712214","2",
"16727257018513","Beide werden zur Durchsuchung von Bäumen oder Graphen verwendet","TRUE",,"1672320712214","3",
"16727257018514","Test Answer","TRUE",,"1672320712216","0",
"16727257018515","Das","TRUE",,"1672320712217","0",
"16727257018516","Etwas anderes","FALSE",,"1672320712217","1",
