"ID","EXPLANATION","POOLID","QUESTION","EXPLANATION_GRAPHIC","HINT","HINT_GRAPHIC","QUESTION_GRAPHIC","STATUS","TYPE","TITLE","GRAPHIC","NEXT_QUESTION","LESSONID","IS_ENGLISH","QUESTION_GRAPHICID","HINT_GRAPHICID","EXPLANATION_GRAPHICID"
"1416314806000","<p><strong style=""color: rgb(0, 128, 0);"">Häufige Vektorgrafikformate:</strong></p><p><strong style=""color: rgb(0, 128, 0);"">SVG</strong></p><p><strong>S</strong>calable <strong>V</strong>ector <strong>G</strong>raphics (engl. für skalierbare Vektorgrafik). SVG-Dateien bestehen aus Text und können mit einem Texteditor bearbeitet werden.</p><p>Aktuelle Webbrowser können SVG-Grafiken darstellen.</p><p><strong style=""color: rgb(0, 128, 0);"">EPS</strong></p><p><strong>E</strong>nculapsed <strong>P</strong>ost<strong>S</strong>cript (<strong style=""color: rgb(0, 128, 0);"">EPS</strong>) wird von zahlreichen Programmen unterstützt und im professionellen Bereich häufig verwendet.</p>","3","Welche Dateitypen sind Vektorgrafiken?","ie_vektorgrafik.jpg","<p>Eine <strong>Vektorgrafik</strong> ist aus <strong>Objekten</strong> wie Linien, Kreisen, Polygonen oder&nbsp;Kurven zusammengesetzt.</p><p><strong>Häufige Vektorgrafikformate:</strong></p><p><strong>SVG</strong></p><p><strong>S</strong>calable <strong>V</strong>ector <strong>G</strong>raphics (engl. für skalierbare Vektorgrafik). SVG-Dateien bestehen aus Text und können mit einem Texteditor bearbeitet werden.</p><p>Aktuelle Webbrowser können SVG-Grafiken darstellen.</p><p><strong>EPS</strong></p><p><strong>E</strong>nculapsed <strong>P</strong>ost<strong>S</strong>cript (<strong>EPS</strong>) wird von zahlreichen Programmen unterstützt und im professionellen Bereich häufig verwendet.&nbsp;</p>","ie_vektorgrafik.jpg",,"0","0","03 Vektorgrafiken",,,"1574190091000","FALSE",,"413","413"
"1416314813000",,"3","Rechtslage in Deutschland: Eine Person findet sich auf einem veröffentlichtem Bild. Er ist gut erkennbar ein Hauptmotiv des Fotos. Wie ist die Rechtslage?",,"<p><strong>Rechtslage in Deutschland:</strong> Ein Bild einer Person darf nur mit Einwilligung des Abgebildeten verbreitet oder öffentlich zur Schau gestellt werden darf. Hierunter fällt beispielsweise die Veröffentlichung eines Fotos in einem sozialen Netzwerk.</p><p><strong>Ausnahmen:</strong> Der Abgebildete ist nur Beiwerk (Fotomotiv ist ein Bauwerk, die Person ist zufällig mit abgebildet) oder die abgebildete Person ist Teil einer Menschenansammlung.</p>",,,"0","1","18 Recht auf das Bild",,,"1574190091000","FALSE",,,
"1416314816000",,"3","Welche Farben werden im RGB-Modell verwendet?",,"",,,"0","0","22 RGB",,,"1574190091000","FALSE",,,
"1416314817000",,"3","Gehen bei der verlustbehafteten Komprimierung Bilddaten verloren?",,"<p>Die <strong>Komprimierung von Bildern</strong> reduziert die Größe der Datei. </p><p>Vorteil: Durch die Reduzierung der Dateigröße benötigen die <strong>Bilder</strong> weniger Speicherplatz.</p><p>Nachteil: Die Bildqualität leidet dadurch in einem gewissen Ausmaß.</p>",,,"0","1","23 Komprimierung",,,"1574190091000","FALSE",,,
"1416314818000",,"3","Was bedeutet lizenzfrei?",,"<p>Der Begriff „lizenzfrei“ ist hier irreführend. Diese Bilder sind nicht kostenlos!</p><p><br></p><p>Der/die Anwender*in erwirbt gegen eine einmalige Zahlung ein sehr weitreichendes Nutzungsrecht an einem Bild. So kann er das Bild <strong>auf der ganzen Welt und für beliebige Zeit verwenden</strong>.</p><p><br></p><p>Einschränkungen gibt es typischerweise im Druckbereich, wo z. B. ab einer Auflagenhöhe von 250.000 Exemplaren zusätzlich bezahlt werden muss.</p>",,,"0","0","24 Lizenzfrei",,,"1574190091000","FALSE",,,
"1416314819000","<p><span style=""color: rgb(128, 128, 128);"">Bild: Die Bildgröße und Auflösung eines Bildes kann eingestellt werden.</span></p><p>Je mehr sich das Auge der/des Betrachtenden dem Foto nähert, desto höher sollte die Auflösung sein.</p><p>Ein Poster sieht man aus einer größeren Entfernung, daher reicht eine geringere Auflösung wie z. B. 150 ppi.</p><p><strong>Auflösung selber berechnen:</strong></p><p><a href=""http://www.bildergalerie-hamburg.de/mobil/dpi-rechner.php"" rel=""noopener noreferrer"" target=""_blank"">http://www.bildergalerie-hamburg.de/mobil/dpi-rechner.php</a></p>","3","Welche Auflösung könnte für den Ausdruck eines Posters (75 cm x 50 cm) reichen?","ie_ppi.jpg","<p><span style=""color: rgb(128, 128, 128);"">Bild: Die Bildgröße und Auflösung eines Bildes kann eingestellt werden.</span></p><p>Je mehr sich das Auge der/des Betrachtenden dem Foto nähert, desto höher sollte die Auflösung sein.</p><p>Ein Poster sieht man aus einer größeren Entfernung an, daher reicht eine geringere Auflösung wie z. B. 150 ppi.</p><p><strong>Auflösung selber berechnen:</strong></p><p><a href=""http://www.bildergalerie-hamburg.de/mobil/dpi-rechner.php"" rel=""noopener noreferrer"" target=""_blank"">http://www.bildergalerie-hamburg.de/mobil/dpi-rechner.php</a></p>","ie_ppi.jpg",,"0","1","26 PPI",,,"1574190091000","FALSE",,"417","417"
"1416315217000",,"3","Mit welchem Bilddateityp ist keine verlustfreie Kompression möglich?",,"",,,"0","1","09 JPG",,,"1542953946000","FALSE",,,
"1416315220000",,"3","Welcher Begriff passt zu Farbton?",,"",,"ie_farbton.jpg","0","1","14 Farbton",,,"1542953946000","FALSE","433",,
"1416319614000","<p>Auf der <strong style=""color: rgb(0, 128, 0);"">Statusleiste</strong><span style=""color: rgb(0, 128, 0);""> </span>werden aktuelle Informationen zum Programm oder zum dargestellten Inhalt dargestellt:</p><p>Hier beispielsweise die Bildgröße, Zoom, ...</p>","1","Wie nennt man dieses Element? (Gelb markiert)",,"<p>Auf der <span style=""color: #008000;""><strong>Statusleiste</strong> </span>werden aktuelle Informationen zum Programm oder zum dargestellten Inhalt dargestellt.</p>",,"cg_statusleiste.jpg","1","1","20 Statusleiste",,,"1605025931000","FALSE","505",,
"1416319648000",,"4","Welcher Datentyp eignet sich am besten, um in einer Tabelle (für Schüler*innen oder pro Datensatz) eine eindeutige Nummer zu vergeben? ",,"<p>Ein <strong>""AutoWert""</strong>-Feld <strong>sorgt</strong> dafür, dass mit jedem der Tabelle hinzugefügten Datensatz automatisch eine fortlaufende Nummer eingegeben wird.</p><p><strong>Beispiel:</strong></p><p>Für eine SchuelerNr eignet sich der Datentyp <strong>Autowert</strong> – jedem/jeder Schüler*in wird damit automatisch eine neue Nummer zugewiesen.</p><p>Für Familienname, Vorname, PLZ, Ort, Straße etc. passt der Datentyp Text.</p>",,,"0","1","05 Autowert",,,"1431798256000","FALSE",,,
"1416319649000","<p>Abbildung: Ein Index wird in der Entwurfsansicht in den Feldeigenschaften eingestellt.</p><p>Ein Index auf ein bestimmtes Feld beschleunigt die Suche stark.</p><p>&#160;</p>","4","In einer großen Bücherdatenbank funktioniert die Suche nach Autor sehr langsam. Wie kann die Suche beschleunigt werden?","m5-index.jpg","<p>Abbildung: Ein Index wird in der Entwurfsansicht in den Feldeigenschaften eingestellt.</p><p>Ein Index auf ein bestimmtes Feld beschleunigt die Suche stark.</p>","m5-index.jpg",,"0","1","11 Index",,,"1431798256000","FALSE",,"560","560"
"1416319650000",,"4","Es gibt umfangreiche Wetterdaten (Temperaturmessungen, Windgeschwindigkeit...) in einem Gebiet. Welche Aussagen sind richtig? (3 richtig)",,"<p>Beachte den Unterschied zwischen Daten und Information!</p>",,,"0","0","16 Redundanz",,,"1431798256000","FALSE",,,
"1416319664000",,"4","Kann man das Löschen eines Datensatzes rückgängig machen?",,"",,,"0","1","08 Datensatz löschen",,,"1574189761000","FALSE",,,
"1416319665000","","4","Welches Kriterium verwendet man, um alle Einzahlungen ab einschließlich 100 EUR zu finden?",,"<p>Das Kriterium<span style=""color: #008000;""><strong> Wie ""R*""</strong></span> bewirkt, dass alle Datens&#228;tze mit einem Vornamen, der mit R <strong>beginnt</strong>, gefunden werden.</p>",,,"0","1","12 Abfrage Kriterium",,,"1574189761000","FALSE",,,
"1416319666000",,"4","Wodurch kann die Suche in einer sehr großen Tabelle am wirkungsvollsten beschleunigt werden?","m5-gueltigkeitsregel.jpg","","m5-gueltigkeitsregel.jpg",,"0","1","16 Bericht",,,"1574189761000","FALSE",,"563","563"
"1416319687000",,"4","Welches Ergebnis passt zum Kriterium ""*r*"" für das Feld Vorname?",,"",,,"0","0","02 Datensätze ausblenden - Filtern",,,"1419359927000","FALSE",,,
"1416319688000",,"4","Welche Aussagen bezüglich dieser Beziehungen ist richtig?",,"","m5_beziehungen.jpg","m5_beziehungen.jpg","0","0","07 Tabelle",,,"1419359927000","FALSE","571","571",
"1416319691000",,"4","Ein neues Vereinsmitglied wird aufgenommen. Warum werden zuerst die Daten in der Mitgliederliste eingetragen und dann erst in der Beitragsliste?",,"",,,"0","1","16 Integer",,,"1419359927000","FALSE",,,
"1416319692000",,"4","Was entspricht einer Zeile in einer Tabelle?",,"",,,"0","1","21 Kriterium",,,"1419359927000","FALSE",,,
"1416319693000",,"4","Wofür ist ein Index notwendig?",,"",,,"0","1","25 Daten",,,"1419359927000","FALSE",,,
"1416319694000",,"4","Wo legt man das Format eines Feldes fest?",,"",,,"0","1","27 Datensätze",,,"1419359927000","FALSE",,,
"1418140775000","","4","Welcher Eintrag im Feld Nachname entspricht den Regeln?",,"<p>Im Feld Nachname darf <strong>nur</strong> der Nachname stehen.</p><p>Dies erleichtert die Suche nach bestimmten Datens&#228;tzen und die Sortierung. Z. B. m&#246;chte man nach dem Nachnamen aufsteigend sortieren.</p>",,,"0","1","06 Begriffe",,,"1431798256000","FALSE",,,
"1419354885000",,"4","Was bewirkt ein Index ohne Duplikate?","m5-index.jpg","<p>Felder mit Index werden vorsortiert. Ein Index beschleunigt die Suche und das Sortieren nach bestimmten Feldern.</p><p>Ein Index ohne Duplikate verhindert doppelte Werte in einem Feld.</p><p>Abbildung: In der Entwurfsansicht einer Tabelle, in den Feldeigenschaften, wird der Index eingestellt.</p>","m5-index.jpg",,"0","0","04 Index ohne Duplikate",,,"1431798256000","FALSE",,"560","560"
"1419357261000","","4","Wie wirkt sich eine 1:n Beziehung zwischen den Tabellen A und B aus?",,"<p>Bei einer <strong style=""color: rgb(0, 128, 0);"">1:n</strong><span style=""color: rgb(0, 128, 0);""> </span>Beziehung sind einem Datensatz in der Tabelle <strong>A</strong> mehrere passende Datensätze der Tabelle <strong>B</strong> eindeutig (Primärschlüssel) zugeordnet, aber einem Datensatz der Tabelle <strong>B</strong> nie mehr als ein Datensatz der Tabelle <strong>A</strong>. </p><p>Da in der Tabelle A der Primärschlüssel der Tabelle B mehrfach auftauchen kann, heißt diese Beziehung 1:n-Beziehung.</p><p><span style=""color: rgb(0, 0, 128);"">Beispiel: Jeder/jede Schüler*in gehört zu </span><strong style=""color: rgb(0, 0, 128);"">einer</strong><span style=""color: rgb(0, 0, 128);""> bestimmten Klasse. Jede Klasse hat (theoretisch) </span><strong style=""color: rgb(0, 0, 128);"">beliebig viele</strong><span style=""color: rgb(0, 0, 128);""> Schüler*innen.</span></p>",,,"0","1","11 1:n Beziehung",,,"1574189761000","FALSE",,,
"1419359302000",,"4","Welches Ergebnis ist in folgender Abfrage möglich?",,"",,"m5_abfrage1.jpg","0","0","06 Abfrage",,,"1419359927000","FALSE","572",,
"1419359357000",,"4","Bei welchem Feld ist es sinnvoll, die Felddatentyp ""Autowert"" zuzuweisen?",,"",,,"0","1","10 Autowert",,,"1419359927000","FALSE",,,
"1419359414000",,"4","Welches Zeichen kann in Abfragen als Platzhalter verwendet werden?",,"<p>Beispiel f&#252;r einen Filter im Kriterium einer Abfrage :<br />WIE ""5*""<br />Das Ergebnis kann sein: 5466 oder 56 usw.</p>",,,"0","1","13 Wildcard",,,"1419359927000","FALSE",,,
"1419359837000",,"4","Welche Funktionen haben Beziehungen?",,"",,,"0","1","17 Beziehungen",,,"1419359927000","FALSE",,,
"1419359853000",,"4","Wo werden die Daten zu einer Person gespeichert?",,"",,,"0","1","15 Informationen",,,"1419359927000","FALSE",,,
"1419359927000",,"4","Wie lautet das Kriterium für den Ort bei folgender Abfrage: alle Kunden, die NICHT in Salzburg wohnen?",,"",,,"0","1","24 Abfrage",,,"1419359927000","FALSE",,,
"1431197421000","<p>Instant Messaging heißt so viel wie ""sofortige Nachrichtenübermittlung"" und ist eine Kommunikationsmethode, bei der sich zwei oder mehr Teilnehmer*innen per Textnachrichten in Echtzeit unterhalten (<strong>Chatten</strong>).</p><p>Mittels Instant Messaging können Dateien übermittelt werden.</p><p><strong>Achtung:</strong> Keine Dateien von unbekannten Personen annehmen, da diese Viren, Trojaner etc. enthalten können!</p><p>Wissenswertes zur Instant Messaging Anwendung WhatsApp: <a href=""http://rataufdraht.orf.at/?story=21812"" rel=""noopener noreferrer"" target=""_blank"">http://rataufdraht.orf.at/?story=21812</a></p><p>&nbsp;</p>","65","Was bedeutet Instant Messaging?",,"<p>Instant Messaging heißt so viel wie ""sofortige Nachrichtenübermittlung"" und ist eine Kommunikationsmethode, bei der sich zwei oder mehr</p><p>Teilnehmer*innen per Textnachrichten in Echtzeit unterhalten (<strong>chatten</strong>).</p><p>Mittels Instant Messaging können Dateien übermittelt werden.</p><p><strong>Achtung:</strong> Keine Dateien von unbekannten Personen annehmen, da diese Viren, Trojaner etc. enthalten können!</p><p>Beispiel für eine Instant Messaging-Anwendung: WhatsApp</p>",,,"0","0","32 Instant Messaging",,,"1605782153000","FALSE",,,
"1431333846000","","4","In welches Datenbankobjekt kann man keine Daten eingeben?",,"<p>Berichte dienen <strong>nur zur Ausgabe</strong> von Daten.</p>",,,"0","1","01 Datenbankobjekte",,,"1574189761000","FALSE",,,
"1431333850000",,"4","Welche Auswirkungen hat es, wenn auf das Datenfeld Kundennummer der Primärschlüssel gesetzt wird?","m5-primaer.jpg","<p>Der Prim&#228;rschl&#252;ssel wird eingesetzt, um jeden Datensatz der Tabelle <strong>eindeutig</strong> zu identifizieren.<br />Dazu hat das Feld mit dem Prim&#228;rschl&#252;ssel automatisch einen <strong>Index ohne Duplikate.</strong></p><p class=""western"" style=""margin-bottom: 0cm;""><span style=""font-size: small;"">Abbildung: Rechte Maustaste auf den Feldnamen. Im Kontextmen&#252; Prim&#228;rschl&#252;ssel ausw&#228;hlen.<br /></span></p>","m5-primaer.jpg",,"0","0","02 Primärschlüssel",,,"1574189761000","FALSE",,"567","567"
"1431333855000","<p>Beachte: Telefonnummern enthalten manchmal auch Leerzeichen, Bindestriche oder Abk&#252;rzungen. Daher wird nicht der Datentyp Zahl, sondern <strong><span style=""color: #008000;"">Kurzer</span></strong> <span style=""color: #008000;""><strong>Text</strong> </span>verwendet.</p>","4","Welcher Datentyp eignet sich am besten für Telefonnummern?",,"<p>Beachte: Telefonnummern enthalten manchmal auch Leerzeichen, Bindestriche oder Abk&#252;rzungen. Daher wird nicht der Datentyp Zahl, sondern <span style=""color: #008000;""><strong>Kurzer Text</strong> </span>verwendet.</p>",,,"0","1","03 Datentyp Telefon",,,"1574189761000","FALSE",,,
"1431333859000",,"4","In welchem Feld in einer Schülerliste ist die Vorgabe eines Standardwertes (Defaultwert) sinnvoll?","m5-standardwert.jpg","<p>Ein Standardwert wird f&#252;r Felder vorgegeben, die h&#228;ufig einen bestimmten gleichen Wert oder Text enthalten sollten.</p><p>Abbildung: F&#252;r das Feld ""Land"" wird als Standardwert ""&#214;sterreich"" eingegeben.</p><p>&#160;</p>","m5-standardwert.jpg",,"0","1","04 Defaultwert",,,"1574189761000","FALSE",,"568","568"
"1431333863000","<p>Access erlaubt auch das Kriterium <span style=""color: #008000;""><strong>Wie ""5*""</strong> </span>auch f&#252;r Felder vom Datentyp Zahl. </p>","4","Alle Postleitzahlen (Datentyp Text), die mit 5 beginnen, sollen angezeigt werden. Wie muss das Kriterium in der Abfrage aussehen?",,"<p>Mit dem Eintrag&#160; 5* im Kriterium des Feldes PLZ werden alle Postleitzahlen herausgefiltert, die mit 5 beginnen. Der Stern ist ein Platzhalter f&#252;r beliebig viele Zeichen nach dem 5er.</p><p>Wenn man <strong>5*</strong> eingibt, dann vervollst&#228;ndigt Access die Eingabe automatisch zu <strong>Wie ""5*""</strong></p>","m5-plz.jpg",,"0","1","05 Kriterium Abfrage",,,"1574189761000","FALSE",,"569",
"1431334023000","<p>Eine Adresse wird als eine Zeile (entspricht einem Datensatz) in einer Tabelle gespeichert.</p>","4","Welcher Begriff passt am besten zur Speicherung einer Adresse?",,"<p><strong>Datenfeld:</strong> entspricht einer Tabellen<strong>spalte</strong> z. B. PLZ</p><p><strong>Datensatz:</strong> entspricht einer Tabellen<strong>zeile</strong> z. B. eine ganze Adresse</p>",,,"0","1","06 Datensatz",,,"1574189761000","FALSE",,,
"1431334027000",,"4","Was bedeutet eine 1:1 Beziehung zwischen den Tabellen A und B?",,"<p>Bei einer 1:1-Beziehung ist <strong>einem Datensatz aus der Tabelle A</strong> genau <strong>ein Datensatz der Tabelle B</strong> zugeordnet und umgekehrt.</p><p><strong>Beispiel 1</strong>: Jedem Auto (Tabelle A) ist genau ein Kennzeichen (Tabelle B) zugeordnet. Es kann aber auch Autos ohne Kennzeichen geben.</p><p><strong>Beispiel 2</strong>: Angestellte-Tabelle mit Namen, Adressen (Tabelle A) UND Angestellte_Geheim-Tabelle mit Gehaltsangabe (Tabelle B)</p><p>1:1 Beziehungen werden selten verwendet, da man die Information gleich in eine Tabelle einfügen könnte.</p><p>Sinnvoll ist eine 1:1 Beziehung, wenn eine Tabelle aus Gründen der Zugriffsrechte in mehrere Tabellen aufgeteilt werden muss. Oder wenn es Daten gibt, die weniger wichtig sind und aus Gründen der Übersichtlichkeit besser ausgelagert werden sollten.</p><p><span style=""color: rgb(0, 0, 128);"">Beispiel: Jeder/jede Beschäftigte hat genau eine Personalakte. Umgekehrt gehört jede Personalakte zu genau einem/einer Beschäftigten.</span></p>",,,"0","1","07 1:1 Beziehung",,,"1574189761000","FALSE",,,
"1431334031000",,"4","Zwischen welchen Objekten kann es Beziehungen geben?",,"",,,"0","1","13 Beziehungen",,,"1574189761000","FALSE",,,
"1431334036000","<p>Eine Abfrage ist eine schriftlich formulierte Frage an eine Datenbank. L&#246;scht man diese Frage, werden keine Daten aus Tabellen gel&#246;scht.</p>","4","Was passiert mit den Daten, wenn man eine Abfrage löscht?",,"",,,"0","1","17 Abfrage löschen",,,"1574189761000","FALSE",,,
"1431334049000","","4","Welcher Begriff passt am besten zur Erfassung einer Postleitzahl?",,"<p>In der Datenverarbeitung werden Daten zu <strong>Datens&#228;tzen</strong> zusammengefasst. Beispiel eines Datensatzes: Herr Josef Linsinger, Moserstra&#223;e, 5020 Salzburg</p><p>Ein Datensatz besteht aus <strong>Datenfeldern</strong>. <br />Beispiel eines Datenfeldes: Josef</p><p>Datens&#228;tze werden gesammelt in <strong>Datentabellen</strong> gespeichert.<br />Beispiel einer Tabelle: Alle vorhandenen Adressen</p><p>Berichte zeigen ausgew&#228;hlte Datens&#228;tze aus einer Tabelle.<br />Beispiel: Alle Adressen aus Salzburg.</p>",,,"0","1","01 Datentyp - PLZ speichern",,,"1431798256000","FALSE",,,
"1431334053000",,"4","Welche Daten enthält eine Bibliotheksdatenbank eher nicht?",,"",,,"0","1","02 Begriffe",,,"1431798256000","FALSE",,,
"1431334056000","<p>Abbildung: In der Entwurfsansicht einer Tabelle, in den Feldeigenschaften, wird der Index eingestellt.</p><p>Felder mit Index werden vorsortiert. Ein Index beschleunigt die Suche und das Sortieren nach bestimmten Feldern.</p><p><strong>Wann sollte ein Index verwendet werden?</strong> <br />Ein Index sollte f&#252;r die Felder erstellt werden, in denen oft Werte gesucht oder sortiert werden. Eine wichtige Rolle spielen Indizes bei der Verkn&#252;pfung von Tabellen in Abfragen. <strong><span style=""color: #008000;"">Die richtige Vergabe von Indizes ist entscheidend f&#252;r die Suchgeschwindigkeit einer Abfrage.</span></strong></p>","4","Wozu dient ein Index?","m5-index.jpg","<p>Abbildung: In der Entwurfsansicht einer Tabelle, in den Feldeigenschaften, wird der Index eingestellt.</p><p>Felder mit Index werden vorsortiert. Ein Index beschleunigt die Suche und das Sortieren nach bestimmten Feldern.</p><p><strong>Wann sollte ein Index verwendet werden?</strong> <br />Ein Index sollte f&#252;r die Felder erstellt werden, in denen oft Werte gesucht oder sortiert werden. Eine wichtige Rolle spielen Indizes bei der Verkn&#252;pfung von Tabellen in Abfragen. <span style=""color: #008000;""><strong>Die richtige Vergabe von Indizes ist entscheidend f&#252;r die Suchgeschwindigkeit einer Abfrage.</strong></span></p>","m5-index.jpg",,"0","1","03 Index",,,"1431798256000","FALSE",,"560","560"
"1431334071000",,"4","Welcher Datentyp eignet sich am besten für eine Inhaltsbeschreibungen zu Büchern?","m5-memo.jpg","<p>Der Datentyp <strong>Memo</strong> bzw. <strong>Langer Text</strong> dient zur Speicherung von langen Textbl&#246;cken und Text mit Textformatierung. Ein Memo-Feld wird normalerweise f&#252;r eine detaillierte Produktbeschreibung verwendet.</p><p>Abbildung: In Access 2013 wird <strong>Memo</strong> durch <strong>Langer Text</strong> ersetzt.</p>","m5-memo.jpg",,"0","1","13 Datentyp Memo",,,"1431798256000","FALSE",,"564","564"
"1431334074000",,"4","Der/die Datenbankanwender*in soll im Feld Prozent höchstens den Wert 100 eingeben können. Wie wird dies sichergestellt?","m5-gueltigkeitsregel.jpg","<p>G&#252;ltigkeitsregeln werden in der Entwurfsansicht in den Feldeigenschaften definiert. <strong>Durch eine G&#252;ltigkeitsregel werden die Eingabem&#246;glichkeiten eingeschr&#228;nkt.</strong></p><p>Wird gegen diese Regel bei der Dateneingabe versto&#223;en, kommt eine Fehlermeldung.</p><p>Abbildung: Der Eintrag &#60;100 bewirkt, dass nur Werte kleiner 100 eingegeben werden k&#246;nnen.</p><p>Ein anderes Beispiel w&#228;re, dass im Feld Geschlecht nur die Buchstaben &#8222;m&#8220; oder &#8222;w&#8220; zugelassen werden, alle anderen Eintr&#228;ge werden nicht akzeptiert.<br />Eintrag in G&#252;ltigkeitsregel: &#8222;m&#8220; oder &#8222;w&#8220;</p>","m5-gueltigkeitsregel.jpg",,"0","1","10 Gültigkeitsregeln",,,"1431798256000","FALSE",,"563","563"
"1431334080000","","4","Welcher Eintrag im Datenfeld PLZ ist korrekt?",,"<p>Datenfelder sollten nur mit den passenden Daten befüllt werden. </p><p>So darf z. B. im Feld <strong>Ort</strong> nur der Ortsname eingetragen werden.</p>",,,"0","1","20 Dateneingabe",,,"1431798256000","FALSE",,,
"1431334084000",,"4","Wofür ist ein/eine Datenbankadministrator*in üblicherweise verantwortlich?",,"<p>Ein/eine <strong style=""color: rgb(0, 128, 0);"">Datenbankadministrator*in</strong><span style=""color: rgb(0, 128, 0);""> </span>ist für die Verwaltung eines Datenbanksystems verantwortlich.</p><p>Er/sie ist unter anderem für <strong>Entwurf</strong>, <strong>Rechtevergabe</strong>, <strong>Datensicherung</strong>, <strong>Leistungsüberwachung</strong> und <strong>Installation</strong> von Datenbanken zuständig.</p>",,,"0","0","09 Datenbankadministrator",,,"1431798256000","FALSE",,,
"1431334087000",,"4","Welcher Begriff passt am besten zur Sammlung aller Kundenadressen?",,"<p><strong>Datentabelle:</strong> Dies kann z. B. eine Sammlung von Kundenadressen sein.</p><p><strong>Datensatz:</strong> Dies kann eine Adresse eines Kunden/einer Kund*in sein.</p><p><strong>Datenfeld:</strong> Dies kann der Vorname eines Kunden/einer Kund*in sein.</p><p><strong>Datenbank:</strong> Diese beinhaltet z. B. alle Tabellen, Formulare, Berichte und Abfragen einer Kundenverwaltung.</p>",,,"0","1","08 Datentabelle",,,"1431798256000","FALSE",,,
"1431334089000",,"4","Wie kann in Access eine Tabelle als Excel-Datei exportiert werden?","m5-excel-import.jpg","<p><strong>Import und Export von Excel-Tabellen</strong></p><p>Im Register EXTERNE DATEN kann eine Excel-Kalkulationstabelle importiert werden.</p><p>Der Export geht noch einfacher: rechte Maustaste auf die Tabelle, Exportieren, Excel</p><p>&nbsp;Abbildung: Import von Excel-Tabellen</p>","m5-excel-import.jpg",,"0","1","07 Tabelle exportieren",,,"1431798256000","FALSE",,"562","562"
"1439756395000",,"65","Welche typische Eigenschaft hat ein Backdoor-Trojaner?",,"",,,"0","1","59 Backdoor-Trojaner",,,"1606222519000","FALSE",,,
"1439757333000",,"65","WPA bzw. WPA2...",,"<p>WPA bzw. WPA2 bietet ein sichere Verschl&#252;sselung f&#252;r Drahtlosnetzwerke und bietet relativ hohe Sicherheit.</p><p>Die Sicherheit ist zus&#228;tzlich&#160;abh&#228;ngig von der Passwortl&#228;nge und Komplexit&#228;t.</p>",,,"0","0","49 WPA bzw. WPA2-Verschlüsselung",,,"1605782153000","FALSE",,,
"1439796684000",,"65","Betrüger nehmen weggeworfene Kontoauszüge, Rechnungen und Briefe aus dem Altpapiercontainer mit.Wie nennt man diese illegale Informationsbeschaffung?",,"<p>Unter <strong>Information Diving</strong> versteht man den Diebstahl von Daten, die unachtsam weggeworfen wurden. In Altpapiercontainern oder auf Festplatten von ausgemusterten Rechnern liegen eventuell Daten, die missbraucht werden k&#246;nnen.</p>",,,"0","1","12 Information Diving",,,"1606165522000","FALSE",,,
"1439796748000","<p>Eine Firewall ist eine Software, die auf dem zu sch&#252;tzenden Rechner installiert ist. Sie bietet einen Schutz vor Angriffen aus dem Internet.</p><p>Alle aktuellen Betriebssysteme haben eine Firewall, die standardm&#228;&#223;ig aktiviert ist.</p>","65","Wie wird der Datenverkehr eines Computers mit dem Internet kontrolliert?","m8_firewall.jpg","<p><span style=""color: #808080;"">Bild: Windows Firewall</span></p><p>Eine aktive <span style=""color: #008000;""><strong>Firewall</strong></span> kontrolliert den ausgehenden und eingehenden Netzwerkverkehr</p>","m8_firewall (copy 1).jpg",,"0","1","13 Firewall",,,"1606165522000","FALSE",,"606","598"
"1439803048000","<p>Ein <span style=""color: #008000;""><strong>Rootkit</strong> </span>ist ein Programm, das Malware so im Betriebssystem versteckt, dass Antivirenprogramme sie nicht entdecken.</p><p>Artikel von Heise: <a href=""http://www.zeit.de/digital/datenschutz/2014-02/trojaner-ios"">http://www.zeit.de/digital/datenschutz/2014-02/trojaner-ios</a></p>","65","Eine Software hat das Betriebssystem so manipuliert, dass der Benutzer/ die Benutzer*in und auch Antiviren-Programme Malware nicht mehr entdecken können. Wie nennt man ein derartiges Programm?",,"<p>Ein <strong style=""color: rgb(0, 128, 0);"">Rootkit</strong><span style=""color: rgb(0, 128, 0);""> </span>ist ein Programm, das Malware so im Betriebssystem versteckt, dass Antiviren-Programme sie nicht entdecken.</p>",,,"0","1","14 Rootkit",,,"1606165522000","FALSE",,,
"1439808942000",,"65","Wer von den Personen verhält sich richtig, um seine persönlichen Daten zu schützen?",,"",,,"0","0","40 Schutz von persönlichen Daten",,,"1606222519000","FALSE",,,
"1439819721000",,"97","Was erfordert Online-Zusammenarbeit von den Teilnehmenden?",,"",,,"0","1","18 Medienkompetenz",,,"1606934959000","FALSE",,,
"1439819836000","<p>Beispiel für ein Plug-in</p><p>Firmen verwenden das Programm Hangout von Google+, mit dem Webkonferenzen organisiert werden können.</p><p>Um an einem Hangout teilnehmen zu können, ist eine Anmeldung bei Google und die Installation einer Erweiterung (Plug-in) notwendig.</p>","97","Was ist ein Plug-in?",,"",,,"0","1","19 Plugin",,,"1606934959000","FALSE",,,
"1439819845000",,"97","Warum werden Festplatten geschreddert?",,"",,,"0","1","20 Festplatten geschreddert",,,"1606934959000","FALSE",,,
"1439820122000",,"97","Welche Probleme können Firewall-Einstellungen bei der Nutzung von Tools zur Online-Zusammenarbeit verursachen?",,"",,,"0","1","24 Firewallprobleme",,,"1606934959000","FALSE",,,
"1440316715000","<p>Auf vielen Webseiten kann man Bilder herunterladen, die frei verwendet werden d&#252;rfen. Dabei handelt es sich oft um historische Bilder, deren Schutz abgelaufen ist. Es gibt aber auch Material, das von Privatpersonen und Organisationen frei zur Verf&#252;gung gestellt wird.<br /><br />Trotzdem gilt, dass man sich immer genau informieren muss, ob ein Bild wirklich problemlos verwendet werden kann.<br /><br />Hier ein Verzeichnis von Public-Domain-Bildquellen:<br /><a href=""https://de.wikipedia.org/wiki/Wikipedia:Public-Domain-Bilderquellen"">https://de.wikipedia.org/wiki/Wikipedia:Public-Domain-Bilderquellen</a></p>","3","Was sind freie Bilder (Public Domain)?",,"<p>Auf vielen Webseiten werden Bilder zur Verf&#252;gung gestellt, die frei verwendet werden d&#252;rfen. Dabei handelt es sich oft um historische Bilder, deren Schutz abgelaufen ist. Es gibt aber auch Material, das von Privatpersonen und Organisationen frei zur Verf&#252;gung gestellt wird.<br /><br />Trotzdem gilt, dass man sich immer genau informieren muss, ob ein Bild wirklich problemlos verwendet werden kann.<br /><br />Hier ein Verzeichnis von Public-Domain-Bildquellen:<br /><a href=""https://de.wikipedia.org/wiki/Wikipedia:Public-Domain-Bilderquellen"">https://de.wikipedia.org/wiki/Wikipedia:Public-Domain-Bilderquellen</a></p>",,,"0","0","14 Freie Bilder (Public Domain)",,,"1574190091000","FALSE",,,
"1440316778000",,"3","Was stimmt? Rechtslage in Deutschland: Es ist verboten, ein Bild einer Person ohne deren Zustimmung zu erstellen, zu verbreiten oder zu veröffentlichen.",,"",,,"0","0","16 Recht auf das Bild",,,"1574190091000","FALSE",,,
"1440316790000",,"3","Rechtslage in Deutschland: Ein Bild einer Person darf nur mit Einwilligung des Abgebildeten verbreitet oder öffentlich zur Schau gestellt werden. Gilt dies auch für ein soziales Netzwerk wie Facebook?",,"<p><strong>Rechtslage in Deutschland:</strong> Ein Bild einer Person darf nur mit Einwilligung des Abgebildeten verbreitet oder öffentlich zur Schau gestellt werden darf. Hierunter fällt beispielsweise die Veröffentlichung eines Fotos in einem sozialen Netzwerk.</p><p>&nbsp;</p><p>Ausnahmen: Der/die Abgebildete ist nur Beiwerk (Fotomotiv ist ein Bauwerk, die Person ist zufällig mit abgebildet) oder die abgebildete Person ist Teil einer Menschenansammlung.</p>",,,"0","1","17 Recht auf das Bild",,,"1574190091000","FALSE",,,
"1440316812000","<p><strong>Die &#246;sterreichische Rechtslage unterscheidet sich von deutschen Rechtslage!</strong></p><p>Es ist <span style=""color: #008000;""><strong>nicht verboten</strong></span>, ein Bild einer Person ohne deren Zustimmung zu erstellen, zu verbreiten oder zu ver&#246;ffentlichen.</p><p>Fotos, die schutzw&#252;rdige Interessen von abgebildeten Person verletzen, sind nicht erlaubt:</p><ul><li>kein Eindringen in die Privatsph&#228;re</li><li>keine herabw&#252;rdigende Darstellung der Person (z.B. Nacktfotos)</li><li>keine beleidigenden Texte als Bildbeschriftung</li></ul><p><strong>Tipp: Besser die Person fragen, wenn man nicht sicher ist!</strong></p><p>&#160;</p>","3","Stimmt diese Aussage für Österreich? Es ist verboten, ein Bild einer Person ohne deren Zustimmung zu erstellen, zu verbreiten oder zu veröffentlichen.",,"<p><strong>Die österreichische Rechtslage unterscheidet sich von der deutschen Rechtslage!</strong></p><p>Es ist <strong style=""color: rgb(0, 128, 0);"">nicht verboten</strong>, ein Bild einer Person ohne deren Zustimmung zu erstellen, zu verbreiten oder zu veröffentlichen.</p><p>Fotos, die schutzwürdige Interessen von abgebildeten Person verletzen, sind nicht erlaubt:</p><ul><li>kein Eindringen in die Privatsphäre</li><li>keine herabwürdigende Darstellung der Person (z.B. Nacktfotos)</li><li>keine beleidigenden Texte als Bildbeschriftung</li></ul><p>Es wird empfohlen, abgebildete Personen zu fragen, ob sie eine Veröffentlichung ihres Bildes erlauben. Als Entscheidungshilfe sollte man sich selbst fragen, ob man sein eigenes Bild so veröffentlicht haben möchte.</p>",,,"0","1","15 Recht auf das Bild",,,"1574190091000","FALSE",,,
"1440319060000","","3","Ein digitales Bild hat die Angabe 1920x1280. 
Welche Maßeinheit wird hier verwendet?",,"<p><strong style=""color: rgb(0, 128, 0);"">Bildgröße</strong></p><p>Die Bildgröße eines digitalen Bildes wird in Pixel (PX) angegeben.</p><p>Beispiel: Die Auflösung einer Digitalkamera mit einem 16 Megapixelsensor beträgt 16 Millionen Bildpunkte. </p><p>Die Größe dieser Bilder beträgt in der Breite 4912, in der Höhe 3264 Pixel.</p><p><strong>DPI:</strong> Zahl der gedruckten Punkte pro Zoll eines Ausdrucks</p><p><strong>PPI:</strong> Zahl der Pixel pro Zoll eines angezeigten Bildes</p>",,,"0","1","22 px",,,"1574190091000","FALSE",,,
"1440320779000",,"3","Welches Farbmodell verwendet Farbwert, Farbsättigung und Helligkeitswert?",,"",,"ie_hsv.jpg","0","1","18 HSV",,,"1542953946000","FALSE","436",,
"1440320968000",,"3","Um was für ein Bild handelt es sich?",,"",,"ie_farbsaettigung_4.jpg","0","1","21 Graustufenbild",,,"1542953946000","FALSE","431",,
"1440321002000",,"3","Was bedeutet Transparenz?",,"<p>Ist ein Bild 100 % transparent, ist es nicht mehr sichtbar. Ist die Transparenz auf 0 % eingestellt, verdeckt es das darunterliegende Bild (oder den Hintergrund) vollst&#228;ndig.</p>",,"ie_transparenz1 (copy 1).jpg","0","1","22 Transparenz",,,"1542953946000","FALSE","439",,
"1456345654000",,"3","Was bedeutet eine Rights Managed (RM) Lizenz bei einem Bild?",,"<p><p style=""margin-top: 0.1cm; margin-bottom: 0.05cm;"">Viele Bildagenturen bieten ihre Bilder unter <strong>RM-Lizenz</strong> an: Je nach Verwendung des Bildes wird ein bestimmter Preis festgelegt. So macht es einen Unterschied, ob das Bild f&#252;r eine Webseite oder f&#252;r die Titelseite einer Zeitschrift verwendet wird.</p></p>",,,"0","0","12 Rights Managed (RM)",,,"1574190091000","FALSE",,,
"1456345657000",,"3","Was bestimmt der/die Lizenzinhaber*in mit Creative-Commons-Lizenzen (""CC-Lizenzen"") normalerweise nicht?",,"<p>Der/die Lizenzinhaber*in kann bestimmen, ob er/sie bei Verwendung des Materials genannt werden möchte, ob eine kommerzielle Verwendung zulässig ist und ob das Werk bearbeitet werden darf.</p><p>&nbsp;</p><p>Viele Bilder in Wikipedia fallen unter eine CC-Lizenz. </p><p>Informationen zu CC-Lizenzen findet man hier: <a href=""http://de.creativecommons.org/was-ist-cc/"" rel=""noopener noreferrer"" target=""_blank"">http://de.creativecommons.org/was-ist-cc/</a></p>",,,"0","1","20 Creative-Commons-Lizenzen",,,"1574190091000","FALSE",,,
"1456345660000","<p><span style=""color: rgb(51, 51, 51);"">Bild: Das linke Bild wurde verlustfrei komprimiert, das rechte Bild nicht. Deutliche Bildfehler sind in der Vergrößerung zu sehen.</span></p><p><strong style=""color: rgb(0, 128, 0);"">PNG</strong><strong>:</strong> Grafikformat mit verlustfreier (lossless) Kompression. Die Qualität der komprimierten Bilder bleibt erhalten.</p><p>PNG unterstützt auch Transparenz. </p><p>PNG ist das meistverwendete verlustfreie Grafikformat im Internet.</p>","3","Achte auf die Bildfehler! Welches der Bilder ist im PNG-Format?",,"<p><span style=""color: rgb(51, 51, 51);"">Bild: Das linke Bild wurde verlustfrei komprimiert, das rechte Bild nicht. Deutliche Bildfehler sind in der Vergrößerung zu sehen.</span></p><p><strong style=""color: rgb(0, 128, 0);"">PNG</strong><strong>:</strong> Grafikformat mit verlustfreier (lossless) Kompression. Die Qualität der komprimierten Bilder bleibt erhalten.</p><p>PNG unterstützt auch Transparenz. </p><p>PNG ist das meistverwendete verlustfreie Grafikformat im Internet.</p>",,"ie_png_jpg.jpg","0","1","09 PNG-Format",,,"1574190091000","FALSE","415",,
"1456345667000",,"3","Welche Aussagen über Transparenz sind richtig?",,"",,"ie_transparenz.jpg","0","0","31 Transparenz",,,"1574190091000","FALSE","410",,
"1456345693000","<p>Bei der verlustbehafteten Kompression eines Bildes wird versucht, den Informationsverlust des Bildes für den/die Betrachtenden kaum erkennbar oder zumindest erträglich zu gestalten. Das Auge des Menschen hat nur eine beschränkte Auflösungsmöglichkeit von Farben und Formendetails.</p><p>Daraus ergibt sich, dass eine verlustbehaftete Kompression eine wesentlich höhere Kompressionsrate hat als eine verlustfreie Kompression.</p><p>Wird die Kompression zu hoch eingestellt, werden Bildfehler (z. B. in Form von Flecken) sichtbar.</p>","3","Was geht bei der verlustbehafteten Kompression eines Bildes verloren?",,"",,,"0","1","25 Verlustbehafteten Komprimierung",,,"1542953946000","FALSE",,,
"1456345697000",,"3","Welcher Prozentsatz entspricht der geringsten Helligkeit?",,"",,"ie_helligkeit1.jpg","0","1","12 Helligkeit",,,"1542953946000","FALSE","432",,
"1456345700000",,"3","Welche Auswirkung hat eine verlustfreie (lossless) Komprimierung eines Bildes?",,"",,,"0","1","23 Lossless",,,"1542953946000","FALSE",,,
"1462548011000",,"33","Eine E-Mail soll an eine weitere Adresse (für andere E-Mail-Empfänger nicht sichtbar) verschickt werden. Welches der Symbole wird verwendet?",,"",,"og_bcc.jpg","0","1","41b",,,"1606934551000","FALSE","637",,
"1462548057000",,"33","Welches der Symbole wählt man aus, wenn in einer E-Mail ein Dateianhang (Attachment) mitgesendet werden soll?",,"",,"og_bcc.jpg","0","1","41c",,,"1606934551000","FALSE","637",,
"1467722458000","<p>Stark vergrößerte Raster- bzw. Pixelgrafik</p>","3","Stimmt diese Aussage? Eine Pixelgrafik (bzw. Rastergrafik) kann ohne Qualitätsverlust und verlustfrei vergrößert werden.","ie_pixelgrafik_2.jpg","",,"ie_24bit_bild.jpg","0","1","08 Rastergrafik (Pixelgrafik)",,,"1542953946000","FALSE","427",,"429"
"1514454260000",,"1","Wie kann ein nicht reagierendes Programm beendet werden?",,"<p>Es gibt mehrere Möglichkeiten den Task-Manager in Windows 11 zu starten: </p><ul><li><strong>Strg + Alt + Entf drücken, </strong></li><li><strong>mit der rechten Maustaste auf die Schaltfläche Start klicken, </strong></li><li><strong>Strg + Umschalt + Esc, </strong></li><li><strong>Windows-Taste + X drücken</strong></li></ul>",,"Task-Manager starten","0","1","Taskmanager 2",,,"1605045361000","FALSE","18153",,
"1514456408000","","1","Welche Datei ist am größten?",,"<p>Die Liste ist in der Detailansicht aufsteigend sortiert. Die gr&#246;&#223;te Datei befindet sich auf der Liste unten.</p>",,"dateiliste.jpg","0","1","Dateigröße",,,"1605045361000","FALSE","536",,
"1516309855000",,"2","Wie wird die gesamte Leiste mit allen Registern genannt?",,"",,"Menueband-1.jpg","0","1","2",,,"1556954017000","FALSE","697",,
"1516309867000",,"2","Die Symbole in Schriftart ergeben zusammen",,"",,"Gruppen1.jpg","0","1","3",,,"1556954017000","FALSE","698",,
"1516309881000",,"2","Wohin zeigt der Mauspfeil?",,"",,"Symbol.jpg","0","1","4",,,"1556954017000","FALSE","699",,
"1516309887000",,"2","Wohin zeigt der Mauspfeil?",,"",,"Verweis.jpg","0","1","5",,,"1556954017000","FALSE","701",,
"1516309902000","<p>Mit Hilfe dieses Symbols kann das Men&#252;band ein- und ausgeblendet werden.</p>","2","Wohin zeigt der Pfeil?",,"",,"Menue_Anzeige_Optionen-1.jpg","0","1","6",,,"1556954017000","FALSE","702",,
"1516383501000","<p>Mit Hilfe dieses Symbols kann das Men&#252;band ein- und ausgeblendet werden.</p>","2","Wie wird die gesamte Leiste mit allen Registern genannt?",,"",,"Menue_Anzeige_Optionen-1.jpg","0","1","Anzeige anpassen",,,"1603044401000","FALSE","702",,
"1519071507000",,"33","Was bedeutet E-Government?",,"",,,"0","1","03 E-Government",,,"1605980967000","FALSE",,,
"1519071547000",,"33","Welche Aussage stimmt für den Begriff E-Mail?",,"",,,"0","1","05 E-Mail",,,"1605980967000","FALSE",,,
"1519071616000",,"33","Wozu werden Phishing-E-Mails verwendet?",,"",,,"0","1","11 Phishing-E-Mails",,,"1605980967000","FALSE",,,
"1519071630000",,"33","Welche Aussage passt zu dem Begriff Podcast?",,"",,,"0","1","12 Podcast",,,"1605980967000","FALSE",,,
"1519071713000",,"33","Was versteht man unter einer textbasierten E-Mail-Signatur?",,"",,,"0","1","15 E-Mail-Signatur",,,"1605980967000","FALSE",,,
"1519071718000",,"33","Welcher Begriff passt zu der Plattform Twitter?",,"",,,"0","1","16 Twitter",,,"1605980967000","FALSE",,,
"1519071754000",,"33","Was versteht man unter Spam?",,"",,,"0","1","18 Spam",,,"1605980967000","FALSE",,,
"1519071759000",,"33","Wofür steht CC (Carbon Copy) in einer E-Mail?",,"",,,"0","1","19 CC",,,"1605980967000","FALSE",,,
"1519071767000",,"33","Wofür steht BCC (Blind Carbon Copy) in einer E-Mail? ",,"",,,"0","0","20 BCC",,,"1605980967000","FALSE",,,
"1519071790000",,"33","Eine E-Mail soll wieder als ungelesen erscheinen. Welche Einstellung wird der Empfänger vornehmen?",,"",,,"0","1","22 ungelesen",,,"1605980967000","FALSE",,,
"1519071806000",,"33","Was erscheint meistens in Pop-up Fenstern?",,"",,,"0","1","24 Pop-up",,,"1605980967000","FALSE",,,
"1519071812000",,"33","Was versteht man unter URL?",,"",,,"0","1","25 URL",,,"1605980967000","FALSE",,,
"1519071825000",,"33","Welche Maßnahme führt nicht zu einem besseren Schutz der Privatsphäre?",,"",,,"0","1","27 Privatsphäre",,,"1605980967000","FALSE",,,
"1519071830000",,"33","Wozu dient eine aktivierte Abwesenheitsnotiz?",,"",,,"0","1","28 Abwesenheitsnotiz?",,,"1605980967000","FALSE",,,
"1519071834000",,"33","Welche der Möglichkeiten sind für die Beurteilung einer seriösen Webseite nicht sinnvoll?",,"",,,"0","1","29 seriöse Webseite",,,"1605980967000","FALSE",,,
"1519072281000",,"33","Welche Aussage stimmt für den Begriff Inhaltsfilter?",,"",,,"0","1","07 Inhaltefilter",,,"1605980967000","FALSE",,,
"1519072572000",,"33","Eine E-Mail ist für den Absender besonders wichtig. Welche Einstellung wird der Absender vornehmen?",,"",,,"0","1","21 Einstellung E-Mail",,,"1605980967000","FALSE",,,
"1519072847000","","33","Wozu kann eine bestimmte Startseite in den Einstellungen des Browsers festgelegt werden?",,"<p>Sehr oft möchten Nutzer*innen eine Suchmaschine wie Google als Startseite eingestellt haben.</p>",,,"0","1","23 Startseite",,,"1605980967000","FALSE",,,
"1519074113000","","33","Was versteht man unter Netiquette?",,"<p>Unter der Netiquette, zusammengesetzt aus dem englischen <strong>net</strong> f&#252;r das &#8222;Netz&#8220; und <strong>Etikette</strong> f&#252;r &#8222;Verhaltensregeln&#8220;, versteht man das gute und angemessene Benehmen in der elektronischen Kommunikation.</p><p><strong>Einige Beispiele f&#252;r Netiquette:</strong></p><ul><li>keine Unh&#246;flichkeiten und Beleidigungen</li><li>aussagekr&#228;ftigen Betreff bei E-Mails verwenden</li></ul>",,,"0","1","13 Netiquette",,,"1605980967000","FALSE",,,
"1519110173000","","33","Welcher Teil der E-Mail-Adresse office@example.info ist die Top-Level-Domain?",,"<p>Jede E-Mail-Adresse enthält das At-Zeichen <strong>@</strong>, das <strong style=""color: rgb(0, 128, 0);"">Benutzername</strong> und <strong style=""color: rgb(128, 0, 128);"">Domain</strong> trennt.</p><p><strong style=""color: rgb(0, 128, 0);"">office</strong><strong>@</strong><strong style=""color: rgb(128, 0, 128);"">example</strong><strong>.info</strong></p><p>Für E-Mailadressen gelten die gleichen Regeln wie für Webadressen: Sie dürfen beispielsweise keine Leerzeichen und Umlaute enthalten.</p><p>Bei den Top-Level-Domains wird unterschieden: <strong>geografische Top-Level-Domains</strong> (<strong>TLDs</strong>) wie z. B. at (Österreich), de (Deutschland) und <strong>allgemeine TLDs</strong> wie com (international), eu (Europäische Union), org (Organisation) und edu (Education).</p>",,,"0","1","30 Top-Level-Domain",,,"1605980967000","FALSE",,,
"1519118729000","","33","Welche Aussage stimmt für den Begriff Links?",,"<p><strong style=""color: rgb(0, 128, 0);"">Hyperlinks</strong> (oft nur <strong>Links</strong> genannt) sind ein charakteristisches Merkmal des Internets.</p><p>Fährt man mit der Maus in einer Webseite über einen Link wird aus dem Mauszeiger eine Hand.</p><p><strong>Beispiel:</strong> Der Link <strong style=""color: rgb(0, 128, 0);"">Wetter</strong> auf der Seite <strong>www.orf.at</strong>.</p><p>Mit ihrer Hilfe lassen sich Webseiten und andere HTML-Seiten verbinden, die entweder auf demselben Rechner liegen oder überall auf der Welt bereitstehen, um aufgerufen zu werden.</p>",,,"0","1","08 Links",,,"1605980967000","FALSE",,,
"1519118796000",,"33","Wozu werden Favoriten bzw. Lesezeichen im Browser angelegt?",,"",,,"0","1","09 Lesezeichen",,,"1605980967000","FALSE",,,
"1519118802000",,"33","Wozu dienen plötzlich eingeblendete Pop-ups im Browser?",,"",,,"0","1","10 Pop-ups",,,"1605980967000","FALSE",,,
"1519118827000",,"33","Was ist eine Verteilerliste?",,"",,,"0","1","17 Verteilerliste",,,"1605980967000","FALSE",,,
"1519118885000","<p>Das englische Wort ""browse"" heißt soviel wie blättern, durchschmökern. In der Informatik bedeutet es durchsuchen, auf Webseiten surfen.</p><p>Zur Nutzung des WWW benötigt man ein Programm, einen Webbrowser, der die Daten vom Webserver holt und anzeigt.</p><p>Auf Computern mit dem Betriebssystem Windows ist der Browser <strong>Microsoft Edge</strong> vorinstalliert.</p><p>Bekannte Browserprogramme sind <strong>Firefox</strong>, <strong>Microsoft Edge</strong>, <strong>Google Chrome</strong> oder <strong>Opera</strong>.</p>","33","Was ist ein Browser?",,"<p>Mit Firefox, Microsoft Edge, Google Chrome oder Opera kannst du Webseiten ansehen.</p>","Logos von verschieden Webbrowsern","Logos von verschieden Webbrowsern","0","1","31 Brower",,,"1605980967000","FALSE","17833","17833",
"1519119006000",,"33","Eine E-Mail soll an eine weitere Adresse (für andere E-Mail-Empfänger nicht sichtbar) verschickt werden. Welches der Symbole wird verwendet?",,"",,"og_bcc.jpg","0","1","41a",,,"1606934551000","FALSE","637",,
"1519119305000","","33","Welcher Begriff passt zu E-Commerce?",,"<p>Unter E-Commerce (Abkürzung für Electronic Commerce, Elektronischer Handel) versteht man das Einkaufen über das Internet wie z. B. bei einem Internetauktionshaus wie Ebay oder einem Online-Shop wie Amazon.</p><p>Bezahlungsmöglichkeiten sind: Kreditkarte, Vorausüberweisung, Sofortabbuchung, Nachnahme und Bezahlung nach Erhalt der Ware.</p><p>Online-Shops haben rund um die Uhr geöffnet.</p>",,,"0","1","32 E-Commerce",,,"1605980967000","FALSE",,,
"1519119419000","","33","Was versteht man unter SMS (Short Message Service)?",,"<p>SMS (Short Message Service) ist ein Telekommunikationsdienst zur &#220;bertragung von kurzen Textnachrichten &#252;ber das Mobilfunknetz.</p><p>MMS ist eine Weiterentwicklung von SMS und erlaubt auch den Versand von Grafiken, Audio- und Videodateien.</p><p>Durch neue Messagingdienste wie WhatsApp nimmt die Bedeutung der SMS beziehungsweise MMS zusehend ab.</p>",,,"0","1","14 SMS",,,"1605980967000","FALSE",,,
"1519120219000","<p>http<strong><span style=""color: #008000;"">s</span></strong> steht f&#252;r Hyper Text Transfer Protocol <strong><span style=""color: #008000;"">secure</span></strong>.</p><p>Damit werden Daten einer Webseite sicher &#252;bertragen, indem die Daten verschl&#252;sselt werden. F&#252;r diesen Vorgang ist ein digitales Zertifikat notwendig, das mit der Seite &#252;bertragen wird.</p><p>Mit einem Klick auf das Schlosssymbol auf der Webseite werden weitere Infos angezeigt.</p>","33","Warum werden Daten von Webseiten mit https verschlüsselt?",,"",,,"0","0","33 HTTPS",,,"1605980967000","FALSE",,,
"1522478205000",,"65","Wie erfolgt die Datenübertragung auf sicheren Webseiten (https)?",,"",,,"0","1","25 Datenübertragung auf sicheren Webseiten",,,"1606164951000","FALSE",,,
"1522478612000",,"65","Was ist WPA bzw. WPA2?",,"",,,"0","0","30 WPA bzw. WPA2",,,"1606164951000","FALSE",,,
"1522479091000",,"65","Wozu dient und welche Eigenschaften hat ein Virtual Private Network (VPN)?",,"",,,"0","0","37 Virtual Private Network (VPN)",,,"1606164951000","FALSE",,,
"1522479231000",,"65","Welche Eigenschaften bzw. welchen Zweck hat ein Einmalkennwort?",,"",,,"0","0","39 Einmalkennwort",,,"1606164951000","FALSE",,,
"1522479331000",,"65","Cookies...",,"",,,"0","0","41 Cookies",,,"1606164951000","FALSE",,,
"1522495798000",,"65","Was bedeutet Verfügbarkeit von Daten?",,"",,,"0","1","26 Verfügbarkeit von Daten",,,"1606164951000","FALSE",,,
"1522495897000",,"65","Daten gehen durch Feuer verloren. Das ist...",,"",,,"0","1","27 Daten gehen verloren",,,"1606164951000","FALSE",,,
"1522498664000",,"65","Ein Drahtlosnetzwerk (WLAN) sollte...",,"",,,"0","0","38 WLAN",,,"1606164951000","FALSE",,,
"1526369633000",,"65","Frau S. bekommt eine E-Mail - angeblich von einer Firma. Sie lädt eine ""Rechnung"" herunter und öffnet sie. Sie wird von ihrem E-Mail-Provider verständigt, dass von ihrem PC aus SPAM-Mails in großer Zahl versandt werden. Was könnte geschehen sein?",,"",,,"0","0","10 Phishing",,,"1605804504000","FALSE",,,
"1530274042000",,"1","Wird der Arbeitsspeicher (RAM) eines Computers von 4 auf 16 GB vergrößert,",,"<p>RAM ist die bekannte Abkürzung für Random Access Memory, den temporären Speicher im Computer. In Anwendungen werden Daten kurzfristig gespeichert und abgerufen.</p><p>RAM ist wesentlich schneller als die Festplatte oder SSD. Dies ermöglicht dem Prozessor, Daten schnell abzurufen und zu verarbeiten. Dies trägt zur allgemeinen Leistungsfähigkeit des Computers bei.</p>",,,"0","1","29 Arbeitsspeicher",,,"1611594279000","FALSE",,,
"1530293770000",,"33","Welche Aussage stimmt für den Begriff ISP (Internet Service Provider)?",,"",,,"0","1","06 ISP",,,"1605980967000","FALSE",,,
"1530293849000",,"33","Wie heißt ein Anbieter, der Usern die Anbindung an das Internet ermöglicht?",,"",,,"0","1","34 ISP",,,"1605980967000","FALSE",,,
"1530294018000",,"33","Was passiert bei der Deinstallation eines Programms?",,"",,,"0","1","35 Deinstallation",,,"1605980967000","FALSE",,,
"1530294241000",,"33","Welche Vorteile hat ein Netzwerk?",,"",,"cg_netzwerk_ressourcen.jpg","0","0","36 Netzwerk",,,"1605980967000","FALSE","473",,
"1531318524000",,"97","Welche Aussagen passen zum Begriff ""Webbasierte Office-Anwendung""?",,"",,,"0","0","02 Webbasierte Officeanwendung",,,"1606934766000","FALSE",,,
"1531318797000","<p><span style=""color: #008000;""><strong>Podcasts</strong></span> sind Audio- und Videobeitr&#228;ge, die &#252;ber das Internet zu beziehen sind. Podcasts haben am Rande&#160; mit Cloud Computing zu tun.</p><p><span style=""color: #008000;""><strong>Digital Storytelling</strong></span> verbindet m&#252;ndliches Geschichtenerz&#228;hlen mit multimedialer Computertechnik. Die Erz&#228;hlung wird verst&#228;rkt durch Bilder und Musik.</p>","97","Welcher Begriff passt eher weniger zu Cloud Computing?",,"<p><strong style=""color: rgb(0, 128, 0);"">Cloud Computing - Software und Daten im Netz</strong></p><p>Unter&nbsp;<strong style=""color: rgb(0, 128, 0);"">Cloud Computing</strong> versteht man eine IT-Infrastruktur, die in einem Netzwerk zur Verfügung gestellt wird.</p><p>Diese IT-Infrastruktur kann</p><ul><li>Prozessorleistung,</li><li>Online-Datenspeicher oder</li><li>Software wie z. B. komplette Office-Pakete</li></ul><p>zur Verfügung stellen.</p><p>Vorteile von Cloud Computing:</p><p><strong style=""color: rgb(0, 128, 0);"">Datenspeicher und Rechenleistung werden ausgelagert</strong>: Die Anwendungen und Daten befinden sich im Rechenzentrum eines Anbieters, der oft auch geografisch vom Anwender entfernt ist.</p><p><strong style=""color: rgb(0, 128, 0);"">Kostenersparnis</strong>: eine Firma verringert so durch die Auslagerung von Teilen der EDV die Aufwendungen&nbsp;für die eigene Infrastruktur.</p><p>Der Zugriff auf die entfernten Systeme des Cloud-Anbieters erfolgt über das Internet.</p>",,,"0","1","05 Cloud Computing",,,"1606934766000","FALSE",,,
"1531318955000",,"97","Du hast Fotos im Internet hochgeladen. Was kannst du mit diesen Fotos machen?",,"<p>Sind die Bilder z. B. bei einem virtuellen Speicherdienst wie Google Drive hochgeladen, können sie in Ordner gespeichert und für andere Personen freigegeben werden.</p><p>Mit einem Online-Bildbearbeitungsprogramm können die Bilder noch verändert werden.</p><p>Bilder auf Viren online oder überhaupt zu überprüfen würde wenig Sinn machen.</p>",,,"0","0","06 Fotos im Internet",,,"1606934766000","FALSE",,,
"1531318967000",,"97","Welche Technologie ermöglicht die Online-Zusammenarbeit und baut auf diese auf?",,"<p>Die <span style=""color: #008000;""><strong>I</strong>nformations- und <strong>K</strong>ommunikations<strong>t</strong>echnologie (<strong>IKT</strong></span>) umfasst Technologien im Bereich der Information und Kommunikation.</p><p>Die&#160; <span style=""color: #008000;""><strong>IKT</strong> </span>ist daher die Grundlage f&#252;r eine Online-Zusammenarbeit.</p>",,,"0","1","07 Online-Zusammenarbeit, Technologie",,,"1606934766000","FALSE",,,
"1531319021000","<p>Vorteile von Cloud-Computing:</p><p><span style=""color: #008000;""><strong>Datenspeicher und Rechenleistung werden ausgelagert</strong></span>: die Anwendungen und Daten befinden sich im Rechenzentrum eines Anbieters, der oft auch geografisch vom Anwender entfernt ist.</p><p><span style=""color: #008000;""><strong>Kostenersparnis</strong></span>: eine Firma verringert so durch die Auslagerung von Teilen der EDV die Aufwendungen&#160; f&#252;r die eigene Infrastruktur.</p>","97","Was versteht man unter dem Begriff Cloud-Computing?",,"<p><strong style=""color: rgb(0, 128, 0);"">Cloud Computing - Software und Daten im Netz</strong></p><p>Unter&nbsp;<strong style=""color: rgb(0, 128, 0);"">Cloud-Computing</strong> versteht man eine IT-Infrastruktur, die in einem Netzwerk zur Verfügung gestellt wird.</p><p>Diese IT-Infrastruktur kann</p><ul><li>Prozessorleistung</li><li>Online-Datenspeicher</li><li>Software wie z. B. komplette Office-Pakete</li></ul><p>zur Verfügung stellen.</p>",,,"0","1","08 Cloud-Computing",,,"1606934766000","FALSE",,,
"1531319146000","<p><span style=""color: #008000;""><strong>Skype</strong> <span style=""color: #000000;"">ist eine kostenlose IP-Telefonie-Software</span> (<strong>VOIP</strong></span>) von Microsoft mit Instant-Messaging-Funktion, Datei&#252;bertragung und Videotelefonie.</p><p><span style=""color: #008000;""><strong>Adobe</strong> </span>ist ein Softwareunternehmen. Bekannte Produkte von Adobe sind z.B. Photoshop, Adobe Flash, Adobe Reader...</p>","97","Welche Firma ist der Anbieter der Cloud-Lösung OneDrive?",,"<p><strong style=""color: rgb(0, 128, 0);"">OneDrive</strong><span style=""color: rgb(0, 128, 0);""> </span>ist ein Online-Datenspeicherungs-Dienst von Microsoft. Der Dienst ermöglicht es, Dateien hochzuladen und dort – auch von anderen Zugängen aus – zu bearbeiten bzw. darauf zuzugreifen.</p><p>Der Zugriff auf OneDrive erfolgt über einen Webbrowser (z. B. Firefox, Internet Explorer), über proprietäre Client-Anwendungen oder über Apps.&nbsp;</p><p>Anwender*innen können Ordner erstellen und Dokumente freigeben. Der Zugriff auf Ordner und Dokumente kann von jedem Gerät wie Tablet, Smartphone oder PC erfolgen.</p><p><a href=""https://onedrive.com/"" rel=""noopener noreferrer"" target=""_blank"">https://onedrive.com/</a></p>",,,"0","1","09 OneDrive",,,"1606934766000","FALSE",,,
"1531320004000","<p>O<span style=""color: #008000;""><strong>nline- bzw. Web-Konferenzen</strong></span> erm&#246;glichen Kommunikation, egal wo sich in der Welt Personen wie Mitarbeiter von Firmen oder Gesch&#228;ftspartner befindet. Audio- und Videoverbindungen werden verschl&#252;sselt.</p><p>Pr&#228;sentationen k&#246;nnen per Knopfdruck vorgef&#252;hrt und besprochen werden.</p><p>Teure Reisekosten f&#252;r Meetings entfallen, machen aber pers&#246;nliche Treffen nicht&#160; &#252;berfl&#252;ssig.</p><p>Einige Anbieter von Web-Konferenzen bzw. Online-Meetings:</p><ul><li><span style=""color: #008000;""><strong>Skype</strong> </span>(Microsoft)</li><li><span style=""color: #008000;""><strong>Hangout</strong> </span>(Google+)</li><li><span style=""color: #008000;""><strong>Teamviewer</strong></span></li><li><span style=""color: #008000;""><strong>Mikogo</strong></span></li><li><span style=""color: #008000;"">...</span></li></ul>","97","Welche Vorteile haben Web-Konferenzen?",,"<p><strong style=""color: rgb(0, 128, 0);"">Online- bzw. Web-Konferenzen</strong> ermöglichen Kommunikation, egal wo sich in der Welt Personen befinden. Audio- und Videoverbindungen werden verschlüsselt.</p><p>Präsentationen können per Knopfdruck vorgeführt und besprochen werden.</p><p>Teure Reisekosten für Meetings entfallen, machen aber persönliche Treffen nicht&nbsp;überflüssig.</p><p>Einige Anbieter von Web-Konferenzen bzw. Online-Meetings:</p><ul><li><strong style=""color: rgb(0, 128, 0);"">Skype</strong><span style=""color: rgb(0, 128, 0);""> </span>(Microsoft)</li><li><strong style=""color: rgb(0, 128, 0);"">Hangout</strong><span style=""color: rgb(0, 128, 0);""> </span>(Google+)</li><li><strong style=""color: rgb(0, 128, 0);"">Teamviewer</strong></li><li><strong style=""color: rgb(0, 128, 0);"">Mikogo</strong></li></ul>",,,"0","0","11 Web-Konferenzen",,,"1606934766000","FALSE",,,
"1531320542000","<p><span style=""font-size: small;"">Die Beteiligten einer Online-Zusammenarbeit m&#252;ssen sich in die Werkzeuge (Tools) einarbeiten. In Firmen sind Schulungen und laufende Betreuung notwendig.</span></p><p class=""western"" lang=""de-DE"" style=""font-style: normal;"">&#160;</p>","97","Was erfordert Online-Zusammenarbeit von den Teilnehmenden?",,"<p><span style=""font-size: small;"">Die Beteiligten einer Online-Zusammenarbeit m&#252;ssen sich in die Werkzeuge (Tools) einarbeiten. In Firmen sind Schulungen und laufende Betreuung notwendig.</span></p>",,,"0","1","13 Online-Zusammenarbeit",,,"1606934766000","FALSE",,,
"1531320685000","<p><strong style=""color: rgb(0, 128, 0);"">ICQ</strong><span style=""color: rgb(0, 128, 0);""> </span>ist ein Instant Messaging Programm: Benutzer*innen können in Echtzeit oder zeitverzögert Textnachrichten senden.</p><p><strong style=""color: rgb(0, 128, 0);"">Facebook</strong><span style=""color: rgb(0, 128, 0);""> </span>ermöglicht seinen Benutzer*innen zu chatten.</p><p>Welblogs haben standardmäßig keine Chat-Funktion eingebaut.</p>","97","Welche Social Media-Anwendungen erlauben Benutzer*innen miteinander zu chatten?",,"<p><strong style=""color: rgb(0, 128, 0);"">ICQ</strong><span style=""color: rgb(0, 128, 0);""> </span>ist ein Instant Messaging Programm: Benutzer*innen können in Echtzeit oder zeitverzögert Textnachrichten senden.</p><p><strong style=""color: rgb(0, 128, 0);"">Facebook</strong><span style=""color: rgb(0, 128, 0);""> </span>ermöglicht seinen Benutzer*innen zu chatten.</p>",,,"0","0","14 ICQ Social Media Anwendungen",,,"1606934766000","FALSE",,,
"1531320713000",,"97","Was ist die einfachste Möglichkeit, um online zusammenzuarbeiten?",,"",,,"0","1","15 Online Datenspeicher",,,"1606934766000","FALSE",,,
"1531320742000",,"97","Was muss man tun, damit ein Dokument gemeinsam bearbeitet werden kann?",,"",,,"0","1","16 Dokument gemeinsam bearbeiten",,,"1606934766000","FALSE",,,
"1531320755000",,"97","Welche der Anwendung ist eine webbasierte Office-Anwendung?",,"",,,"0","1","17 Webbasierte Officeanwendung",,,"1606934766000","FALSE",,,
"1531320805000",,"97","In welcher Anwendung können mehrere Nutzer*innen gleichzeitig an einem Dokument arbeiten?",,"",,,"0","1","18 Webbasierte Officeanwendung2",,,"1606934766000","FALSE",,,
"1531320814000",,"97","Welche Aussagen sind richtig, wenn man ein Dokument mit anderen Personen teilt?",,"",,,"0","0","19 Dokument teilen",,,"1606934766000","FALSE",,,
"1531321005000",,"97","Welche Begriffe passen zu Learning Management System (LMS)?",,"",,,"0","0","20 LMS",,,"1606934766000","FALSE",,,
"1531321261000",,"97","Was ist die Voraussetzung für Mobilität von Nutzer*innen in Bezug auf Cloud-Computing?",,"",,,"0","0","21 Mobilität",,,"1606934766000","FALSE",,,
"1531321580000",,"97","Was ist ein Vorteil beim gemeinsamen Bearbeiten eines Dokuments in der Cloud?",,"",,,"0","1","22 Cloud-Computing",,,"1606934766000","FALSE",,,
"1531321710000",,"97","Welche Begriffe passen zu einer virtuellen Lernumgebung (VLE)?",,"",,,"0","0","23 Virtuelle Lernumgebung (VLE)",,,"1606934766000","FALSE",,,
"1531381644000",,"97","Was passiert, wenn ein Kalendereintrag auf verschiedenen Geräten synchronisiert wird?",,"",,,"0","1","26 Kalendereintrag",,,"1606934766000","FALSE",,,
"1531381958000",,"97","Welche Art von App eignet sich am besten, um Fotos hochzuladen und mit anderen zu teilen?",,"",,,"0","1","24 Social Media App",,,"1606934766000","FALSE",,,
"1531393077000",,"97","Was bedeutet erhöhte Mobilität in Bezug auf Online-Zusammenarbeit?",,"",,,"0","0","25 erhöhte Mobilität",,,"1606934959000","FALSE",,,
"1531572400000",,"97","Lukas möchte eine App auf seinem Smartphone laden. Dieses holt er sich ...",,"",,,"0","1","13 App-Store",,,"1605954168000","FALSE",,,
"1542916029000","","3","Was trifft auf Rastergrafiken (Pixelgrafiken) zu?",,"<p><span style=""color: #008000;""><strong>Rastergrafiken</strong> </span>bestehen aus Bildpunkten (Pixel).</p><p>Bei der Vergr&#246;&#223;erung einer Rastergrafik werden die Bildpunkte sichtbar. Es tritt ein Qualit&#228;tsverlust ein.</p><p>Bei der Bearbeitung einer Rastergrafik werden die einzelnen Bildpunkte bearbeitet.</p>",,"ie_pixelgrafik.jpg","0","0","28 Pixelgrafiken",,,"1574190091000","FALSE","414",,
"1542916033000","<p>Auf <a href=""https://openclipart.org/"" rel=""noopener noreferrer"" target=""_blank"">https://openclipart.org/</a> findet man Vektorgrafiken wie z. B diese schöne Uhr: <a href=""https://openclipart.org/people/conte%20magnus/Orologio_da_Tasca.svg"" rel=""noopener noreferrer"" target=""_blank"">https://openclipart.org/people/conte%20magnus/Orologio_da_Tasca.svg</a></p>","3","Was trifft auf Vektorgrafiken zu? Grafik: Vektorgrafik",,"<p><strong style=""color: rgb(0, 128, 0);"">Vektorgrafiken</strong></p><ul><li>sind aus geometrischen Formen wie Linien, Kreisen, Polygonen oder allgemeinen Kurven zusammengesetzt.</li><li>können beliebig ohne Qualitätsverlust vergrößert werden.</li><li>Objekte wie z. B. Kurven können mit Hilfe von Anfasserpunkten verändert werden.</li><li><strong style=""color: rgb(0, 128, 0);"">SVG</strong><span style=""color: rgb(0, 128, 0);""> und </span><strong style=""color: rgb(0, 128, 0);"">EPS</strong><span style=""color: rgb(0, 128, 0);""> </span>sind Dateiformate zur Speicherung von Vektorgrafiken.</li><li>Browser können Grafiken im SVG-Format anzeigen.</li></ul>",,"ie_vektorgrafik2.jpg","0","0","29 Vektorgrafiken",,,"1574190091000","FALSE","419",,
"1542916036000","<p><span style=""color: #808080;"">Abbildung: JPG-Bild mit sehr hoher Komprimierung</span></p><p><span style=""color: #000000;"">Wird ein Bild im JPG-Format komprimiert, ben&#246;tigt es weniger Speicherplatz, die Qualit&#228;t wird jedoch schlechter - wie im Bild deutlich sichtbar.</span></p><p><span style=""color: #008000;""><strong>JPG</strong></span> (auch jpeg oder jpe)</p><p>Grafikformat zur Speicherung von Bildern mit verlustbehafteter Kompression.<br />Die meisten Fotos im Internet werden im Format JPG gespeichert.</p><p><strong><span style=""color: #008000;"">PNG</span></strong></p><p>Grafikformat mit verlustfreier (lossless) Kompression. Die Qualit&#228;t der komprimierten Bilder bleibt erhalten.<br />PNG unterst&#252;tzt auch Transparenz. <br />PNG ist das meistverwendete verlustfreie Grafikformat im Internet.</p>","3","Achte auf die Bildfehler! Welches der Bilder ist im JPG-Format?","komprimiert_hoch.jpg","<p><span style=""color: #808080;"">Abbildung: JPG-Bild mit sehr hoher Komprimierung</span></p><p><span style=""color: #000000;"">Wird ein Bild im JPG-Format komprimiert, ben&#246;tigt es weniger Speicherplatz, die Qualit&#228;t wird jedoch schlechter - wie im Bild deutlich sichtbar.</span></p><p><span style=""color: #008000;""><strong>JPG</strong></span> (auch jpeg oder jpe)</p><p>Grafikformat zur Speicherung von Bildern mit verlustbehafteter Kompression.<br />Die meisten Fotos im Internet werden im Format JPG gespeichert.</p><p>&#160;</p><p><strong><span style=""color: #008000;"">PNG</span></strong></p><p>Grafikformat mit verlustfreier (lossless) Kompression. Die Qualit&#228;t der komprimierten Bilder bleibt erhalten.<br />PNG unterst&#252;tzt auch Transparenz. <br />PNG ist das meistverwendete verlustfreie Grafikformat im Internet.</p>","komprimiert_hoch.jpg","ie_png_jpg.jpg","0","1","10 PNG-Format",,,"1574190091000","FALSE","415","411","411"
"1542916039000","<p>Eine <span style=""color: #008000;""><strong>Vektorgrafik</strong> </span>ist aus <span style=""color: #008000;""><strong>Objekten</strong> </span>wie Linien, Kreisen, Polygonen oder&#160; Kurven zusammengesetzt.</p><p>Neben der Form und Position der Objekte werden auch die Farbe, Strichst&#228;rke, diverse F&#252;llmuster und weitere, das Aussehen bestimmende Daten angegeben.</p><p>Um beispielsweise das Bild eines Kreises zu speichern, ben&#246;tigt eine Vektorgrafik mindestens zwei Werte: die Lage des Kreismittelpunkts und den Kreisdurchmesser.</p>","3","Können Vektorgrafiken ohne Qualitätsverlust vergrößert werden? Abbildung: Vektorgrafik",,"<p>Eine <span style=""color: #008000;""><strong>Vektorgrafik</strong> </span>ist aus <span style=""color: #008000;""><strong>Objekten</strong> </span>wie Linien, Kreisen, Polygonen oder&#160; Kurven zusammengesetzt.</p><p>Neben der Form und Position der Objekte werden auch die Farbe, Strichst&#228;rke, diverse F&#252;llmuster und weitere das Aussehen bestimmende Daten angegeben.</p><p>Um beispielsweise das Bild eines Kreises zu speichern, ben&#246;tigt eine Vektorgrafik mindestens zwei Werte: die Lage des Kreismittelpunkts und den Kreisdurchmesser.</p>",,"ie_vektorgrafik.jpg","0","1","01 Vektorgrafiken",,,"1574190091000","FALSE","413",,
"1542916048000","<p><span style=""color: #008000;""><strong>Rastergrafiken</strong> </span>bestehen aus Bildpunkten (Pixel).</p><p>Bei der Vergr&#246;&#223;erung einer Rastergrafik werden die Bildpunkte sichtbar. Es tritt ein Qualit&#228;tsverlust ein.</p><p><span style=""color: #008000;""><strong>Vektorgrafiken</strong> </span>k&#246;nnen ohne Qualit&#228;tsverluste vergr&#246;&#223;ert werden.</p>","3","Wird eine Rastergrafik beim Vergrößern unscharf?
Abbildung: Rastergrafik",,"<p><span style=""color: #008000;""><strong>Rastergrafiken</strong> </span>bestehen aus Bildpunkten (Pixel).</p><p>Bei der Vergr&#246;&#223;erung einer Rastergrafik werden die Bildpunkte sichtbar. Es tritt ein Qualit&#228;tsverlust ein.</p>",,"ie_pixelgrafik.jpg","0","1","02 Raster- oder Pixelgrafiken",,,"1574190091000","FALSE","414",,
"1542916053000","<p>Bei der verlustfreien Kompression geht keine Information verloren. Die Qualität eines Bildes wird nicht schlechter.</p><p>Die Daten werden anders als vorher dargestellt, indem bestimmte Wiederholungen erkannt und entfernt werden.</p><p><strong style=""color: rgb(0, 128, 0);"">PNG</strong>-Grafiken werden verlustfrei (lossless) komprimiert.</p>","3","Was bedeutet verlustfreie Kompression von Bildern?",,"<p>&nbsp;</p><p>Bei der verlustfreien Kompression geht keine Information verloren. Die Qualität eines Bildes wird nicht schlechter.&nbsp;</p><p>Die Daten werden anders als vorher dargestellt, indem bestimmte Wiederholungen erkannt und entfernt werden.&nbsp;</p><p><strong style=""color: rgb(0, 128, 0);"">PNG</strong>-Grafiken werden verlustfrei (lossless) komprimiert.</p>",,,"0","1","05 Verlustfreie Kompression",,,"1574190091000","FALSE",,,
"1542916057000",,"3","Welche der Bildformate verfügen über eine verlustfreie Kompression?",,"<p><strong style=""color: rgb(0, 128, 0);"">PNG</strong><strong>:</strong> Grafikformat mit verlustfreier (lossless) Kompression. PNG unterstützt neben unterschiedlichen Farbtiefen auch Transparenz. </p><p>PNG ist das meistverwendete verlustfreie Grafikformat im Internet.</p><p><strong style=""color: rgb(0, 128, 0);"">GIF</strong><strong>:</strong> Grafikformat mit verlustfreier Kompression für Bilder mit bis zu 256 Farben. </p><p>GIF-Bilder können auch Transparenz darstellen.</p><p>GIF-Bilder können aus mehreren Einzelbildern bestehen, die als Animation abgespielt werden.</p><p><strong style=""color: rgb(0, 128, 0);"">TIF</strong><strong>:</strong> Professionelles Grafikformat für den Austausch von hochwertigen Bilddateien.</p><p>TIFF speichert mit verlustfreier Kompression und erlaubt hohe Farbtiefen.</p><p><strong style=""color: rgb(0, 128, 0);"">JPEG 2000</strong> ermöglicht sowohl verlustfreie als auch verlustbehaftete Kompression.</p>",,,"0","0","06 Bildformate verlustfrei",,,"1574190091000","FALSE",,,
"1542916058000",,"3","Um welche Art von Grafik handelt es sich?",,"<p><span style=""color: #008000;""><strong><span style=""color: #008000;""><strong>Vektorgrafiken</strong> <br /></span></strong><span style=""color: #008000;""><span style=""color: #000000;"">bestehen aus Objekten wie Kreis, Linien, Kurven.</span></span><span style=""color: #008000;""><br /></span><span style=""color: #000000;"">Vektorgrafiken k&#246;nnen beliebig ohne Qualit&#228;tsverlust vergr&#246;&#223;ert werden.</span></span></p><p><span style=""color: #008000;""><strong>Rastergrafiken / Pixelgrafiken</strong></span> <br />bestehen aus Bildpunkten (Pixel), denen Farbinformationen zugeordnet sind. Die Gr&#246;&#223;e der Grafik h&#228;ngt von der Anzahl und Gr&#246;&#223;e dieser Bildpunkte ab.</p><p>Rastergrafiken k&#246;nnen nicht beliebig vergr&#246;&#223;ert werden: Je st&#228;rker die Vergr&#246;&#223;erung ist, desto mehr erkennt man Pixelstrukturen.</p>",,"ie_vektorgrafik.jpg","0","1","07 Art von Grafik?",,,"1574190091000","FALSE","413",,
"1542916070000",,"3","Fotos, die schutzwürdige Interessen von abgebildeten Person verletzen, dürfen nicht veröffentlicht werden. Was sind Verletzungen schutzwürdiger Interessen?",,"",,,"0","0","19 Schutzwürdige Interessen",,,"1574190091000","FALSE",,,
"1542916072000",,"3","Weist dieses Bild hohe oder geringe Farbsättigung auf?",,"",,"ie_farbsaettigung1.jpg","0","1","10 Sättigung - Saturation",,,"1542953946000","FALSE","430",,
"1542916075000","<p>Bild: Der Kontrast wurde erh&#246;ht, dadurch wirkt das Bild klarer.</p>","3","Ein Landschaftsbild wirkt etwas flau und dunstig. Daher könnte ich ...","ie_kontrast.jpg","",,"ie_flau.jpg","0","1","01 Bild ist flau",,,"1542953946000","FALSE","420",,"421"
"1542916079000","<p class=""western"">Hier kann man sich die ppi selber ausrechnen:</p><p>&#160;</p><p class=""western""><a href=""http://www.bildergalerie-hamburg.de/mobil/dpi-rechner.php"">http://www.bildergalerie-hamburg.de/mobil/dpi-rechner.php</a></p>","3","In welcher Einheit wird die Auflösung eines Bildausdrucks angegeben?",,"<p>Je höher die <strong style=""color: rgb(0, 128, 0);"">Auflösung</strong> eines Fotos ist, desto besser ist die Qualität der Darstellung.</p><p>&nbsp;</p><p>Die Auflösung wird in <strong style=""color: rgb(0, 128, 0);"">ppi</strong><span style=""color: rgb(0, 0, 0);""> (pixel per inch) oder </span><strong style=""color: rgb(0, 128, 0);"">dpi</strong> (dots per inch) angegeben.</p><p>Eine Auflösung von 300 ppi bedeutet, dass auf ein Inch (2,54 cm) 300 Bildpunkte kommen.</p><p>&nbsp;</p><p><strong>Einige Auflösungen</strong></p><p>&nbsp;</p><p><strong style=""color: rgb(0, 128, 0);"">Plakat (ca. 5m lang): </strong><span style=""color: rgb(0, 51, 102);"">20 ppi</span></p><p><strong style=""color: rgb(0, 128, 0);"">Poster (A1)</strong><strong style=""color: rgb(0, 51, 102);"">:</strong> 75 ppi</p><p><strong style=""color: rgb(0, 128, 0);"">Foto:</strong> 300 ppi</p><p><strong style=""color: rgb(0, 128, 0);"">Drucker:</strong> bis 1200 ppi</p><p>&nbsp;</p><p>Je geringer der Betrachtungsabstand ist, desto höher sollte die Auflösung sein.</p>","m8_ppi.jpg",,"0","0","21 ppi",,,"1574190091000","FALSE",,"416",
"1542916082000","<p>Im Bild wurden die Flecken wegretuschiert.</p>","3","Aus einem alten Bild sollen Flecken entfernt werden. Der Vorgang heißt ...",,"",,"ie_retuschieren.jpg","0","1","02 Retuschieren",,,"1542953946000","FALSE","423",,
"1542916087000",,"3","Welche Aussagen treffen zu?",,"<p><span style=""color: #008000;""><strong>JPG-Bilder sind komprimiert!</strong></span></p><p>Hohe Kompression: kleine Dateigr&#246;&#223;e daf&#252;r Qualit&#228;tsverlust</p><p>Niedrige Kompression: gr&#246;&#223;ere Dateigr&#246;&#223;e daf&#252;r geringerer Qualit&#228;tsverlust</p>",,"ie_kompression2.jpg","0","0","27 Kompression",,,"1574190091000","FALSE","418",,
"1542916097000",,"3","Eine Rastergrafik besteht aus ...",,"",,"ie_rastergrafik.jpg","0","1","06 Rastergrafik",,,"1542953946000","FALSE","426",,
"1542916111000","<p>Bilder bestehen aus Bildpunkten, denen Farben zugeordnet sind. Die Farbtiefe gibt an, wie viele Farbabstufungen m&#246;glich sind und wird in Bit angegeben.</p>","3","Was bedeutet Farbtiefe?",,"",,,"0","1","32 Farbtiefe",,,"1574190091000","FALSE",,,
"1542916131000",,"3","Das RGB-Modell kann mit drei Scheinwerfern verglichen werden. Welche Farbe entsteht, wenn sich die drei Farben überlagern?",,"",,"ie_rgb.jpg","0","1","17 RGB",,,"1542953946000","FALSE","435",,
"1542916196000","","3","Welche Farbe entsteht durch eine Mischung der drei Farben Magenta, Yellow und Cyan?",,"<p>Es gibt zwei wichtige Farbmodi:</p><p><span style=""color: #339966;""><strong>RGB-Modus</strong></span> (Rot - Gr&#252;n - Blau), additiv<br /><span style=""color: #339966;""><strong>CMYK-Modus</strong></span> (Cyan &#8211; Magenta &#8211; Yellow &#8211; Key), subtraktiv</p><p><strong>Mit dem Farbraum CMYK wird gedruckt!</strong> Auf den Papierb&#246;gen werden die Farben nacheinander aufgebracht. Durch die &#220;berlagerung der Farben (subtraktive Farbmischung) entsteht das Bild.</p>",,"ie_cmyk.jpg","0","1","16 CMYK",,,"1542953946000","FALSE","387",,
"1542916246000",,"3","Welches Farbmodell wird für Farbfernseher verwendet? Bild: Vom Bildschirm eines Fernsehers abfotografiert und stark vergrößert",,"",,"ie_farbfernseher_rgb (copy 1).jpg","0","1","19 Farbmodell Fernseher",,,"1542953946000","FALSE","437",,
"1542916252000",,"3","Was bedeutet Farbtiefe? Bild: Grafik mit 1-Bit Farbtiefe (Zwei Zustände 0 oder 1, daher Schwarz oder Weiß)",,"",,"ie_1bit_farbtiefe.jpg","0","1","20 Farbtiefe",,,"1542953946000","FALSE","438",,
"1542916291000",,"3","Welches der Farbmodelle wird häufig bei einem Druck eingesetzt?",,"",,,"0","1","24 Farbmodell",,,"1542953946000","FALSE",,,
"1542916304000",,"3","Welche Aussage passt zu Sättigung?",,"",,"ie_saettigung_1.jpg","0","1","15 Sättigung",,,"1542953946000","FALSE","434",,
"1542916378000","<p>Das Urheberrecht schützt das geistige Eigentum. Es betrifft Texte, Bilder, Filme, Musik und zum Teil Datensammlungen.</p><p>Jedes Werk, das eine gewisse Eigenständigkeit hat, ist urheberrechtlich geschützt. Der/die Urheber*in kann bestimmen, unter welchen Bedingungen sein/ihr Werk verwendet wird.</p>","3","Für Bilder gilt das Urheberrecht. Wann erlischt das Urheberrecht?",,"<p>Das Urheberrecht schützt das geistige Eigentum. Es betrifft Texte, Bilder, Filme, Musik und zum Teil Datensammlungen.</p><p><br></p><p>Jedes Werk, das eine gewisse Eigenständigkeit hat, ist urheberrechtlich geschützt. Der/die Urheber*in kann bestimmen, unter welchen Bedingungen sein/ihr Werk verwendet wird.</p>",,,"0","1","11 Bild - Urheberrecht",,,"1574190091000","FALSE",,,
"1542916382000",,"3","Um welche Art von Grafik handelt es sich?",,"<p><strong style=""color: rgb(0, 128, 0);"">Rastergrafiken / Pixelgrafiken</strong> </p><p>bestehen aus Bildpunkten (Pixel), denen Farbinformationen zugeordnet sind. Die Größe der Grafik hängt von der Anzahl und Größe dieser Bildpunkte ab.</p><p>Rastergrafiken können nicht beliebig vergrößert werden: Je stärker die Vergrößerung ist, desto mehr erkennt man Pixelstrukturen.</p><p><strong style=""color: rgb(0, 128, 0);"">Vektorgrafiken</strong><span style=""color: rgb(0, 128, 0);""> </span></p><p><span style=""color: rgb(0, 0, 0);"">bestehen aus Objekten wie Kreis, Linien, Kurven.</span></p><p>Vektorgrafiken können beliebig ohne Qualitätsverlust vergrößert werden.</p>",,"ie_pixelgrafik.jpg","0","1","08 Art von Grafik?",,,"1574190091000","FALSE","414",,
"1542953207000",,"3","Benötigen komprimierte Bilder mehr oder weniger Speicherplatz als das Original?","komprimiert_hoch.jpg","<p><span style=""color: #808080;"">Abbildung: Bild im JPG-Format mit einer sehr hohen Komprimierung aber nur 2,14 KB Speicherbedarf</span></p><p><span style=""color: #008000;""><strong>JPG</strong> </span>(auch JPEG ) ist das g&#228;ngigste Dateiformat f&#252;r Fotos.<br />Bei der Komprimierung werden weniger wichtige Bildinhalte entfernt - <span style=""color: #008000;""><strong>Bildinformationen gehen verloren.</strong></span></p><p><strong><span style=""color: #000000;"">Komprimierte Bilder brauchen weniger Speicherplatz als unkomprimierte Bilder.</span><br /></strong></p>","komprimiert_hoch.jpg",,"0","1","04 Komprimierte Bilder",,,"1574190091000","FALSE",,"411","411"
"1542953259000","<p>Der Begriff „lizenzfrei“ ist hier irreführend. Diese Bilder sind nicht kostenlos! Der/die Anwender*in erwirbt gegen eine einmalige Zahlung ein sehr weitreichendes Nutzungsrecht an einem Bild. So kann er/sie das Bild <strong>auf der ganzen Welt und für beliebige Zeit verwenden</strong>.</p><p>&nbsp;</p><p>Einschränkungen gibt es typischerweise im Druckbereich, wo z.B. ab einer Auflagenhöhe von 250.000 Exemplaren zusätzlich bezahlt werden muss.</p>","3","Welche Aussage über Royalty Free (RF) Lizenzen bzw. ""lizenzfreie"" Bilder ist richtig?",,"<p>Der Begriff „lizenzfrei“ ist hier irreführend. Diese Bilder sind nicht kostenlos! Der/die Anwender*in erwirbt gegen eine einmalige Zahlung ein sehr weitreichendes Nutzungsrecht an einem Bild. So kann er/sie das Bild <strong>auf der ganzen Welt und für beliebige Zeit verwenden</strong>.</p><p><br></p><p>Einschränkungen gibt es typischerweise im Druckbereich, wo z.B. ab einer Auflagenhöhe von 250.000 Exemplaren zusätzlich bezahlt werden muss.</p>",,,"0","1","13 Royalty Free (RF) ",,,"1574190091000","FALSE",,,
"1542953923000",,"3","Warum gibt es auf diesem Bild Bildfehler? Gerade der Hintergrund wirkt fleckig.",,"",,"ie_kompr.jpg","0","1","03 Komprimierung",,,"1542953946000","FALSE","424",,
"1542953930000",,"3","Nach der Komprimierung eines Bildes gibt es keinen Unterschied zu dem Original. Wie nennt man diese Komprimierung? Abbildung: Original und komprimiertes Bild",,"",,"ie_lossless.jpg","0","1","04 Komprimierung",,,"1542953946000","FALSE","425",,
"1542953946000","<p>Kein Qualit&#228;tsverlust beim Vergr&#246;&#223;ern!</p>","3","Eine Vektorgrafik besteht aus ...","ie_vektorgrafik.jpg","",,"ie_vektorgrafik2.jpg","0","1","07 Vektorgrafik",,,"1542953946000","FALSE","419",,"413"
"1542962335000","<p>Im Windows Explorer wurde die Ansicht auf <em>Große Symbole</em> umgestellt. Damit sind Vorschaubilder zusehen.</p>","1","Welche Ordneransicht wurde hier gewählt?",,"","CG Große Symbole","dateiliste_grosse_Symbole.jpg","0","1","Ordneransicht",,,"1605045361000","FALSE","535","17864",
"1542995784000",,"65","Was ist bei einer regelmäßigen Datensicherung wichtig?",,"<p>Im Falle eines Datenverlustes sollen die Daten aus einem Backup wiederhergestellt werden. Dafür ist ein Konzept bzw. eine Ablaufplanung notwendig.</p><p>Backup ist eine Sicherungskopie von Daten</p>",,,"0","1","21 Datensicherung",,,"1611865134000","FALSE",,,
"1543432946000","","33","Welche Aussage passt zu WLAN?",,"<p><span style=""color: #003300;""><strong>WLAN</strong></span> ist die Abk&#252;rzung f&#252;r <span style=""color: #008000;""><strong>Wireless Local Area Network</strong></span></p>",,,"0","1","26 WLAN",,,"1605980967000","FALSE",,,
"1556954017000",,"2","Welche Anzeigoption muss man wählen, damit die Registerkarten mit den Symbolen immer angezeigt werden?",,"",,"Optionen.jpg","0","1","7",,,"1556954017000","FALSE","700",,
"1563186239000",,"2","Welches ist das Formatierungszeichen ""Zeilenumbruch""?","m3_formatierungssymbole_erkl (copy 2).jpg","",,"m3_formatierungssymbole_abcd.jpg","0","1","18 Formatierungssymbole",,,"1591533990000","FALSE","688",,"675"
"1573980361000",,"33","Welcher Teil der E-Mail-Adresse buero@easy4me.info ist der Benutzername?",,"<p>Jede E-Mail-Adresse enthält das At-Zeichen <strong>@</strong>, das <strong style=""color: rgb(0, 128, 0);"">Benutzername</strong> und <strong style=""color: rgb(128, 0, 128);"">Domain</strong> trennt.</p><p><strong style=""color: rgb(0, 128, 0);"">buero</strong><strong>@</strong><strong style=""color: rgb(128, 0, 128);"">easy4me</strong><strong>.info</strong></p><p>Für E-Mailadressen gelten die gleichen Regeln wie für Webadressen: Sie dürfen beispielsweise keine Leerzeichen und Umlaute enthalten.</p><p>Bei den Top-Level-Domains wird unterschieden: <strong>geografische Top-Level-Domains</strong> (<strong>TLDs</strong>) wie z. B. at (Österreich), de (Deutschland) und <strong>allgemeine TLDs</strong> wie com (international), eu (Europäische Union), org (Organisation) und edu (Education).</p>",,,"0","1","04 E-Mailadresse",,,"1606935481000","FALSE",,,
"1574189756000",,"4","Was ist eine Zeile in einer Datentabelle?",,"",,,"0","1","18 Datensatz",,,"1574189761000","FALSE",,,
"1574189761000",,"4","Welche Auswirkungen kann es haben, wenn nachträglich ein Feldname in einer Tabelle geändert wird?",,"",,,"0","1","09 Feldnamen ändern",,,"1574189761000","FALSE",,,
"1591532576000","","2","Wie wird einem Text die Formatvorlage ""Intensive Hervorhebung"" zugewiesen?",,"<p>Meist wird einem Text die Formatvorlagen &#220;berschrift 1, &#220;berschrift 2 usw. zugewiesen, aber es gibt auch weitere empfehlenswerte Formatvorlagen!</p>",,"m3_intens_hervorheb.jpg","0","1","09 Formatvorlage Intensive Hervorhebung",,,"1591533990000","FALSE","677",,
"1591533985000",,"2","Wie kann in einer Tabelle eine Zeile ausgewählt werden?",,"",,"03_Tabelle_Zeile_markieren.jpg","0","1","21 Zeile markieren",,,"1591533990000","FALSE","690",,
"1591533990000","<p>Merkhilfen:</p><p>C f&#252;r copy</p><p>V f&#252;r Auslasszeichen</p><p>G f&#252;r Gehe zu</p><p>X als Scherensymbol</p><p>F f&#252;r Finden</p><p>&#160;</p>","2","Welche Tastenkombination wird zum Kopieren von Text oder Grafiken verwendet?",,"",,,"0","1","27 Tastaturkürzel",,,"1591533990000","FALSE",,,
"1601448040000",,"1","Wozu dient der Schnellzugriff im Windows-Explorer?",,"",,"schnellzugriff.jpg","0","0","29 Schnellzugriff",,,"1611594279000","FALSE","474",,
"1601448148000",,"1","Welche Informationen treffen zu?",,"",,"cg-Systeminformationen","0","0","22 Windows 10 Systeminformationen",,,"1611594279000","FALSE",,,
"1601448156000",,"1","Kann diese Festplatte als eine externe oder interne Festplatte bezeichnet werden?",,"",,"usb-festplatte_weiss.jpg","0","1","24 Festplatte",,,"1611594279000","FALSE","557",,
"1601448343000",,"1","Kann diese Festplatte als eine externe oder interne Festplatte bezeichnet werden?",,"","cg_festplatte_2_tb.png","cg_festplatte_2_tb.png","0","1","25 Festplatte",,,"1611594279000","FALSE","17960","17960",
"1601448363000",,"1","Die Information über einen Ordner kann mit einem Rechtsklick auf den Ordner angezeigt werden. Welche Aussagen sind richtig? (2 Antworten möglich)",,"",,"Ordnerinfromation.jpg","0","0","26 Information über einen Ordner",,,"1611594279000","FALSE","558",,
"1602326251000",,"1","Was wird in diesem Fenster angezeigt?",,"",,"Laufwerk_C.jpg","0","1","35 Speicherplatz",,,"1611864882000","FALSE","458",,
"1603044401000",,"2","Welche dieser Optionen muss man aktivieren, damit alle Registerkarten mit den Schaltflächen immer angezeigt werden?",,"",,"Optionen.jpg","0","1","Anzeige anpassen 2",,,"1603044401000","FALSE","700",,
"1603475772000",,"65","Welche Gefahren gehen von Apps aus nicht offiziellen App Stores aus?",,"",,,"0","0","03 Appstores",,,"1606164951000","FALSE",,,
"1603544279000",,"65","Das Anhängen eines Computers mit einem Sicherungskabel (=Stahlseil)...",,"",,,"0","1","31 Sicherungskabel",,,"1606164951000","FALSE",,,
"1603918341000",,"65","Welche Aussagen passen zu SSID?",,"",,"ssid.jpg","0","0","43 SSID",,,"1606164951000","FALSE","618",,
"1603962942000","","65","Welcher Begriff passt zu einer EDV-Firma, die Kundendaten für den Versandhandel speichert?",,"<p>Die Datenschutz-Grundverordnung ist eine Verordnung der Europ&#228;ischen Union, mit der die Regeln zur Verarbeitung personenbezogener Daten durch die meisten Datenverarbeiter, sowohl private wie &#246;ffentliche, EU-weit vereinheitlicht werden.</p><p>(Quelle Wikipedia)</p>",,,"0","1","05 DSGVO",,,"1606164951000","FALSE",,,
"1603974761000",,"65","Welche Aussage ist für personenbezogene Daten richtig?",,"",,,"0","0","28 personenbezogene Daten",,,"1606164951000","FALSE",,,
"1604405164000",,"97","Was bedeutet es, wenn die Versionsverwaltung für Dokumente in OneDrive aktiviert ist?",,"<p><strong style=""color: rgb(0, 128, 0);"">Versionsverwaltung für Dokumente </strong></p><p>Manchmal möchte man nachvollziehen können, welche Änderungen an einem Dokument in letzter Zeit durchgeführt wurden.</p><p>Mit Hilfe einer Versionsverwaltung werden alle Versionen eines Dokuments in einem Archiv zeitlich erfasst und mit der Benutzerkennung gespeichert. So können sie später wiederhergestellt werden. Auch kann man feststellen, wer wann was geändert hat.</p><p><span style=""color: rgb(128, 128, 128);"">Beispiel: Ein Vertrag wurde geändert. Mit einer Versionsverwaltung kann der Zustand des Dokument zu einem früheren Zeitpunkt wiederhergestellt und mit anderen Versionen verglichen werden.</span></p>",,,"0","0","04 Versionsverwaltung",,,"1606934959000","FALSE",,,
"1604406490000",,"97","Was versteht man unter Cloud-Service-Provider oder vereinfacht Cloud-Provider?",,"",,,"0","1","23 Cloud-Service-Provider",,,"1606934959000","FALSE",,,
"1604406530000",,"97","Wozu eignet sich ein Online-Kalender?",,"<p>Ein <strong style=""color: rgb(0, 128, 0);"">Online - Kalender</strong> ist ein online-basierter Dienst zur Verwaltung von Terminen</p><ul><li>Benutzer*innen können Termine eintragen, ändern oder löschen.</li><li>Per E-Mail, SMS oder Pop-Up kann man sich an Termine erinnern lassen.</li><li>Online-Kalender können mit Lese- oder Schreib- und Leseberechtigung mit anderen Benutzer*innen geteilt werden. Zur besseren Übersicht können Kalender aus- und eingeblendet werden.</li><li>Einladungen zu Veranstaltungen oder sonstigen Terminen werden vom Kalender per E-Mail verschickt. Der/die Eingeladene bekommt die Anfrage und kann die Einladung annehmen bzw. ablehnen und dem/der Einladenden eine Nachricht senden.</li><li>Der Kalender ist mit Suchbegriffen vollständig durchsuchbar.</li><li>Kalender können mit mobilen Geräten problemlos synchronisiert werden.</li></ul>",,,"0","0","10 Online-Kalender",,,"1606934766000","FALSE",,,
"1604406753000",,"97","Was bedeutet ein globaler Zugriff auf eigene, persönliche oder gemeinsame Daten?",,"<p><strong style=""color: rgb(0, 128, 0);"">Cloud Computing</strong><span style=""color: rgb(0, 128, 0);""> </span><span style=""color: rgb(0, 0, 0);"">ermöglicht über das Internet einen globalen Zugriff auf Daten. Anwender*innen können - einen Internetzugang vorausgesetzt -</span><span style=""color: rgb(0, 128, 0);""> </span><strong style=""color: rgb(0, 128, 0);"">von jedem Ort der Welt</strong><span style=""color: rgb(0, 128, 0);""> </span>auf ihre Daten und Programme zugreifen.</p><p>Unter&nbsp;<strong style=""color: rgb(0, 128, 0);"">Cloud Computing</strong> versteht man eine IT-Infrastruktur, die in einem Netzwerk zur Verfügung gestellt wird.</p><p>Diese IT-Infrastruktur kann</p><ul><li>Prozessorleistung,</li><li>Online-Datenspeicher oder</li><li>Software wie z. B. komplette Officepakete</li></ul><p>zur Verfügung stellen.</p>",,"daten_cloud.jpg","0","0","12 Globaler Zugriff",,,"1606934766000","FALSE","620",,
"1604410302000","<p><strong>Vorteile von Cloud Computing:</strong></p><p><strong style=""color: rgb(0, 128, 0);"">Datenspeicher und Rechenleistung werden ausgelagert</strong>: Die Anwendungen und Daten befinden sich im Rechenzentrum eines Anbieters.</p><p><strong style=""color: rgb(0, 128, 0);"">Kostenersparnis</strong>: Eine Firma verringert durch die Auslagerung von Teilen der EDV die Aufwendungen&nbsp;für die eigene Infrastruktur.</p><p>Programme werden <strong style=""color: rgb(0, 128, 0);"">zentral installiert</strong><span style=""color: rgb(0, 128, 0);""> </span><span style=""color: rgb(0, 0, 0);"">und</span><span style=""color: rgb(0, 128, 0);""> </span><strong style=""color: rgb(0, 128, 0);"">aktualisiert </strong>- das vereinfacht die Wartung der lokalen Rechner deutlich.</p><p>Es können verschiedenste Geräte (Computer, Smartphone, Tablet) genutzt werden, um auf Anwendungen in der Cloud zuzugreifen.</p><p>Die Zusammenarbeit von Nutzer*innen wird vereinfacht.</p>","97","Welche Vorteile hat eine Anwendung (z. B. Online-Bildbearbeitung) in der Cloud?",,"<p>Vorteile von Cloud Computing:</p><p><strong style=""color: rgb(0, 128, 0);"">Datenspeicher und Rechenleistung werden ausgelagert</strong>: Die Anwendungen und Daten befinden sich im Rechenzentrum eines Anbieters.</p><p><strong style=""color: rgb(0, 128, 0);"">Kostenersparnis</strong>: Eine Firma verringert durch die Auslagerung von Teilen der EDV die Aufwendungen&nbsp;für die eigene Infrastruktur.</p><p>Programme werden <strong style=""color: rgb(0, 128, 0);"">zentral installiert</strong><span style=""color: rgb(0, 128, 0);""> </span><span style=""color: rgb(0, 0, 0);"">und</span><span style=""color: rgb(0, 128, 0);""> </span><strong style=""color: rgb(0, 128, 0);"">aktualisiert </strong>- das vereinfacht die Wartung der lokalen Rechner deutlich.</p><p>Es können verschiedenste Geräte (Computer, Smartphone, Tablet) genutzt werden, um auf Anwendungen in der Cloud zuzugreifen.</p><p>Die Zusammenarbeit von Nutzer*innen wird vereinfacht.</p>",,,"0","0","05 Cloud",,,"1606934959000","FALSE",,,
"1604410309000","","97","Was ist besonders wichtig beim Cloud-Computing?",,"<p>Das Speichern von Daten auf einem Server im Internet erlebt einen enormen Aufschwung. Doch beim Cloud Computing m&#252;ssen die Gesetze der&#160; Datenschutz-Grundverordnung DSGVO eingehalten werden.</p><p>Es stellen sich Fragen wie: Wo und wie d&#252;rfen Sch&#252;lerdaten in der Cloud gespeichert werden?</p>",,,"0","1","01 Cloud-Computing",,,"1606934959000","FALSE",,,
"1604410321000",,"97","Cloud-Computing hat Vorteile. Welches dieser Argumente ist falsch?",,"",,,"0","1","22 Cloud-Computing 02",,,"1606934959000","FALSE",,,
"1604410398000",,"97","Wieviel Online-Speicher stellt Microsoft mit OneDrive bei einer Neuanmeldung kostenlos zur Verfügung?",,"<p>Microsofts Online-Dienst OneDrive bietet 15 Gigabyte kostenlosen Speicherplatz an.</p><p>Aktuell (Okt. 2021) betragen die Kosten für 100 Gigabyte 1,99 Euro/Monat, für 200 Gigabyte 3,99 Euro/Monat.</p>",,,"0","1","10 OneDrive",,,"1606934959000","FALSE",,,
"1604422347000",,"97","Paula möchte, dass auf ihrem Computer und Smartphone alle Termine angezeigt werden. Was ist unter anderem notwendig?",,"",,,"0","1","11 Synchronisation",,,"1605954168000","FALSE",,,
"1604423313000",,"97","Julia möchte einen Text mit einer Freundin gemeinsam online erstellen. Was ist hier sehr praktisch?",,"",,,"0","1","08 Zusammenarbeit in einem Dokument",,,"1605954168000","FALSE",,,
"1604423412000",,"97","In einem Online-Meeting möchte der Vortragende den Inhalt seines Bildschirms auf die Bildschirme der Teilnehmenden übertragen. Wie nennt man diesen Vorgang?",,"",,,"0","1","12 Desktop-Sharing",,,"1605954168000","FALSE",,,
"1604424129000",,"97","Florian möchte mit einem Kollegen zeitgleich an einem Dokument arbeiten. Wie geht das sinnvoll?",,"",,,"0","1","03 Word Online",,,"1605954168000","FALSE",,,
"1604424172000",,"97","Ein Schüler bekommt Lerninhalte online vom Lehrer bereitgestellt. Um welches System handelt es sich?",,"",,,"0","1","01 LMS",,,"1605954168000","FALSE",,,
"1604424391000",,"97","Ein Video funktioniert im Browser nicht und es kommt eine Fehlermeldung. Was ist notwendig?",,"",,,"0","1","02 Plug-In",,,"1605954168000","FALSE",,,
"1604424394000",,"97","Ein Online-Dokument wurde irrtümlich verändert. Was ist notwendig, um das Originaldokument wieder herzustellen?",,"",,,"0","1","06 Version",,,"1605954168000","FALSE",,,
"1604424397000",,"97","Beim Hochladen von Videos auf den Online-Datenspeicher kommt die Meldung Datenspeicher kaufen. Warum kommt diese Meldung? ",,"",,,"0","1","09 Online-Speicherkapazität",,,"1605954168000","FALSE",,,
"1604424651000","<p><strong style=""color: rgb(0, 128, 0);"">Online-Meetings bzw. Web-Konferenzen</strong> ermöglichen Kommunikation, egal wo sich in der Welt Mitarbeitende von Firmen oder Geschäftspartner*innen befinden.</p><p>Präsentationen können per Knopfdruck vorgeführt und besprochen werden. Teure Reisekosten für Meetings entfallen, machen aber persönliche Treffen nicht ganz überflüssig.</p>","97","Welches Zubehör ist für eine Online-Konferenz nicht unbedingt notwendig?",,"<p>Online-Konferenzen benötigen:</p><ul><li><strong style=""color: rgb(0, 128, 0);"">Computer mit Internetverbindung</strong></li><li><strong style=""color: rgb(0, 128, 0);"">Mikrofon bzw. Headset</strong></li><li><strong style=""color: rgb(0, 128, 0);"">Lautsprecher</strong></li><li>Bei Videokonferenzen: <strong style=""color: rgb(0, 128, 0);"">Webcam</strong></li></ul>",,,"0","1","07 Online-Konferenz",,,"1606934959000","FALSE",,,
"1604424720000","<p>Microsoft Teams ist eine von Microsoft entwickelte Plattform, die Chat, Besprechungen, Notizen und Anhänge kombiniert. Teams wird in Schulen als Lernplattform verwendet.</p><p>Für den Online-Unterricht können in Teams Webinare (Meetings) durchgeführt werden.</p>","97","Welche Möglichkeiten bietet Microsoft Teams?",,"<p>Microsoft Teams ist eine von Microsoft entwickelte Plattform, die Chat, Besprechungen, Notizen und Anhänge kombiniert. Teams wird in Schulen als Lernplattform verwendet.</p><p>Für den Online-Unterricht können in Teams Webinare (Meetings) durchgeführt werden.</p>",,,"0","0","08 Teams",,,"1606934959000","FALSE",,,
"1604424832000",,"97","Welche Risiken gibt es bei Cloud-Computing?",,"<p>Bei Cloud Computing wird Speicher- und Rechenleistung auf einen Anbieter einer Cloud ausgelagert.</p><p>Die Anwendungen und Daten befinden sich dann nicht mehr auf dem eigenen Rechner oder im Firmenrechenzentrum, sondern bei einem Anbieter, der oft auch geografisch weit vom Anwender/ von der Anwender*in entfernt ist.</p><ul><li>Datendiebstahl bzw. Identitätsdiebstahl</li><li>Verletzung von Datenschutzgesetzen</li><li>Serviceunterbrechungen durch gestörte Internetverbindung ode Probleme des Cloud-Anbieters</li></ul>",,,"0","0","09 Cloud-Computing, Gefahren",,,"1606934959000","FALSE",,,
"1604424905000","<p>Bluetooth ermöglicht eine drahtlose Kommunikation zwischen z. B. Handys, Computer, MP3-Player und anderen Peripheriegeräten.</p><p><span style=""color: rgb(128, 128, 128);"">Der Name „Bluetooth“ kommt von Harald Blauzahn, der im 10. Jahrhundert zwar nicht Handys, aber Dänemark und Norwegen vereinigte.</span></p><p>Bluetooth benötigt keine Sichtverbindung und hat eine Reichweite bis 10 m. Ein großer Vorteil ist der geringe Energieverbrauch.</p><p>Für den Einsatzbereich von Bluetooth ist die Übertragungsgeschwindigkeit von 3 Mbit/s (Megabit pro Sekunde ) ausreichend.</p><p>Die Übertragungsrate wird meist in Bit pro Sekunde (Bit/s) angegeben. Will man berechnen, wie viele Bytes pro Sekunde übertragen werden, muss man die Angabe in Bit/s durch 8 dividieren.</p><p><span style=""color: rgb(128, 128, 128);"">Beispiel: Wie lange benötigt ein Musikstück mit 6 MB Dateigröße für die Übertragung per Bluetooth?</span></p><p><span style=""color: rgb(128, 128, 128);"">6 Megabyte entsprechen (6x8 =) 48 Megabit. 3 Mbit werden pro Sekunde übertragen daher 48 Mbit geteilt durch 3 Mbit/s ergibt </span><strong style=""color: rgb(128, 128, 128);"">12 Sekunden Übertragungszeit</strong><span style=""color: rgb(128, 128, 128);"">.</span></p>","97","Mit welcher Datenübertragungsrate können Daten mit Bluetooth übertragen werden?",,"<p>Bluetooth ermöglicht eine drahtlose Kommunikation zwischen z. B. Handys, Computer, MP3-Player und anderen Peripheriegeräten.</p><p><span style=""color: rgb(128, 128, 128);"">Der Name „Bluetooth“ kommt von Harald Blauzahn, der im 10. Jahrhundert zwar nicht Handys, aber Dänemark und Norwegen vereinigte.</span></p><p>Bluetooth benötigt keine Sichtverbindung und hat eine Reichweite bis 10 m. Ein großer Vorteil ist der geringe Energieverbrauch.</p><p>Für den Einsatzbereich von Bluetooth ist die Übertragungsgeschwindigkeit von 3 Mbit/s (Megabit pro Sekunde ) ausreichend.</p>",,,"0","1","15 Übertragungsrate",,,"1606934959000","FALSE",,,
"1604424914000","<p><strong>Gäste zu einem Termin einladen am Beispiel des Google-Kalenders</strong></p><ul><li>Klicken Sie auf den Termin oder richten Sie einen neuen Termin ein und wählen Sie <strong>Termin bearbeiten</strong> aus. Alternativ können Sie auf den Namen des Termins klicken, um die Termindetailseite anzuzeigen</li><li>Geben Sie rechts im Abschnitt <strong>Gäste</strong> die E-Mail-Adressen von allen Gästen ein und klicken Sie auf <strong>Hinzufügen</strong>. Jeder Gast wird unten im Abschnitt <strong>Hinzugefügt</strong> angezeigt.</li><li>Wählen Sie im Abschnitt <strong>Gäste</strong> können die entsprechenden Optionen für Ihre Gäste aus.</li><li>Klicken Sie auf <strong>Speichern</strong>.</li><li>Klicken Sie im Pop-up-Fenster <strong>Einladungen senden?</strong> auf <strong>Senden</strong>, wenn Sie Ihren Gästen eine Terminbenachrichtigung senden möchten. Wenn Sie Ihre Gäste nicht benachrichtigen möchten, klicken Sie auf <strong>Nicht senden</strong>. (Quelle: Support Google)</li></ul><p>&nbsp;</p><p>&nbsp;</p><p><strong>Mögliche Funktionen eines Kalenders:</strong></p><ul><li>Kalender können mit Lese- oder Schreib- und Leseberechtigung mit anderen Benutzer*innen geteilt werden. Zur besseren Übersicht können Kalender aus- und eingeblendet werden.</li><li>Einladungen zu Veranstaltungen oder sonstigen Terminen werden vom Kalender per E-Mail verschickt. Der/die Eingeladene bekommt die Anfrage und kann die Einladung annehmen bzw. ablehnen und dem/der Einladenden eine Nachricht senden.</li><li>Der Kalender ist mit Suchbegriffen vollständig durchsuchbar.</li><li>Kalender können mit mobilen Geräten problemlos synchronisiert werden.</li><li>Per E-Mail, SMS oder Pop-Up kann man sich an Termine erinnern lassen.</li></ul><p><br></p>","97","Wie lädt man Personen idealerweise zu einem Termin ein?","kalender_einladung_termin.jpg","<p><strong>Gäste zu einem Termin einladen am Beispiel des Google-Kalenders</strong></p><ul><li>Klicken Sie auf den Termin oder richten Sie einen neuen Termin ein und wählen Sie <strong>Termin bearbeiten</strong> aus. Alternativ können Sie auf den Namen des Termins klicken, um die Termindetailseite anzuzeigen</li><li>Geben Sie rechts im Abschnitt <strong>Gäste</strong> die E-Mail-Adressen von allen Gästen ein und klicken Sie auf <strong>Hinzufügen</strong>. Jeder Gast wird unten im Abschnitt <strong>Hinzugefügt</strong> angezeigt.</li><li>Wählen Sie im Abschnitt <strong>Gäste</strong> können die entsprechenden Optionen für Ihre Gäste aus.</li><li>Klicken Sie auf <strong>Speichern</strong>.</li><li>Klicken Sie im Pop-up-Fenster <strong>Einladungen senden?</strong> auf <strong>Senden</strong>, wenn Sie Ihren Gästen eine Terminbenachrichtigung senden möchten. Wenn Sie Ihre Gäste nicht benachrichtigen möchten, klicken Sie auf <strong>Nicht senden</strong>. (Quelle: Support Google)</li></ul><p>&nbsp;</p><p>&nbsp;</p><p><strong>Mögliche Funktionen eines Kalenders:</strong></p><ul><li>Kalender können mit Lese- oder Schreib- und Leseberechtigung mit anderen Benutzer*innen geteilt werden. Zur besseren Übersicht können Kalender aus- und eingeblendet werden.</li><li>Einladungen zu Veranstaltungen oder sonstigen Terminen werden vom Kalender per E-Mail verschickt. Der/die Eingeladene bekommt die Anfrage und kann die Einladung annehmen bzw. ablehnen und dem/der Einladenden eine Nachricht senden.</li><li>Der Kalender ist mit Suchbegriffen vollständig durchsuchbar.</li><li>Kalender können mit mobilen Geräten problemlos synchronisiert werden.</li><li>Per E-Mail, SMS oder Pop-Up kann man sich an Termine erinnern lassen.</li></ul>","kalender_einladung_termin.jpg",,"0","0","17 Online-Kalender",,,"1606934959000","FALSE",,"621","621"
"1604425112000",,"97","Wozu dient eine Lernplattform?",,"<p>Eine Lernplattform bzw. ein Learning Management System (LMS) ist ein komplexes Softwaresystem, das der Bereitstellung von Lerninhalten und der Organisation von Lernvorg&#228;ngen dient.</p><p>Beispiele f&#252;r LMS-Systeme sind Microsoft Teams und Google Classroom.</p>",,,"0","0","13 Lernplattform",,,"1606934959000","FALSE",,,
"1604425378000",,"97","Wie nennt man ein über das Internet organisierte und durchgeführte ""virtuelle"" Treffen von Teilnehmer*innen?",,"",,,"0","1","21 Online Meeting",,,"1606934959000","FALSE",,,
"1604425435000","","97","Welche Aussagen stimmen bezüglich von Programmen, die vorher lokal abliefen, nun in der Cloud ausgeführt werden?",,"<p>Programme in der Cloud laufen in einem Rechenzentrum. Sie brauchen nur einmal installiert bzw. aktualisiert werden. Daher entfällt dieser Aufwand bei den Rechnern der Anwender*innen. Dies spart Zeit und Kosten.</p>",,,"0","0","03 Programme in der Cloud",,,"1606934959000","FALSE",,,
"1604425471000",,"97","Was bedeutet erhöhte Mobilität?",,"<p>Anwender*innen müssen nicht mehr unbedingt im Büro vor dem PC sitzen, sie können von jedem Ort der Welt (Internetverbindung vorausgesetzt) mit Tablets, Notebooks oder Smartphones auf ihre Daten zugreifen.</p>",,,"0","0","06 Mobilität",,,"1606934959000","FALSE",,,
"1604425544000","<p>Ein weiteres Beispiel f&#252;r ein Plug-in:</p><p>Firmen verwenden das Programm <strong>Hangout</strong> von Google+ f&#252;r die Organisation von Webkonferenzen.</p><p>Um an der Konferenz teilnehmen zu k&#246;nnen, ist eine Anmeldung bei Google und die Installation einer Erweiterung (<strong>Plug-In</strong>) notwendig.</p><p>Eine weitere kostenlose Alternative zu Hangout ist das Programm Teamviewer.</p>","97","Was ist notwendig, um Flash in einem Browser nutzen zu können?",,"<p><span class=""st"">Flash war viele Jahre lang f&#252;r die Darstellung multimedialer Inhalte im Netz zust&#228;ndig.<br /></span></p>",,,"0","0","14 Flash",,,"1606934959000","FALSE",,,
"1604425947000","<p>Mobiles Internet: Aktuell bietet z.B. A1 für Datenübertragung mit 4G die Technik der 4. Mobilfunkgeneration an.</p>","97","Welche Generation Mobilfunk ist ab 2020 im Kommen?",,"<p><span style=""color: #008000;""><strong>LTE</strong> </span>bietet schnelle Daten&#252;bertragungen mit bis zu 100 MBit/s und mehr &#252;ber das Mobilfunknetz.</p><p>Ab 2014:&#160; 4G-Mobilfunk&#252;bertragung</p><p>Ab 2020: 5G-Mobilfunk&#252;bertragung</p>",,,"0","1","16 Mobilfunk",,,"1606934959000","FALSE",,,
"1604426093000",,"97","Warum muss manchmal zusätzlich zum Programm ein Plug-in installiert werden?",,"<p>Ein Plug-in ist ein zus&#228;tzliches Programm, das die Funktionen eines Basisprogramms<br />erweitert. Ein Plug-in wird &#252;ber eine vordefinierte Schnittstelle in das Basisprogramm eingebunden.<br />Ein Plug-in in einem Browser sorgt daf&#252;r, dass ein Video angezeigt wird.</p>",,,"0","1","12 Plug-In",,,"1606934959000","FALSE",,,
"1604489045000",,"33","Was sind Cookies?",,"",,,"0","1","02 Cookies",,,"1605980967000","FALSE",,,
"1604489490000",,"33","Was bedeutet E-Banking?",,"",,,"0","1","04 E-Banking",,,"1605980967000","FALSE",,,
"1604561926000",,"65","Welches Ziel hat Hacking?",,"",,,"0","0","11 Hacking (copy 1)",,,"1606164951000","FALSE",,,
"1604562126000","","65","Welcher Begriff (im Sinne des DSGVO) passt zu Kund*innen, die Internetbestellungen aufgeben?",,"<p>Die Datenschutz-Grundverordnung ist eine Verordnung der Europ&#228;ischen Union, mit der die Regeln zur Verarbeitung personenbezogener Daten durch die meisten Datenverarbeiter, sowohl private wie &#246;ffentliche, EU-weit vereinheitlicht werden.</p><p>(Quelle Wikipedia)</p>",,,"0","1","05b DSGVO",,,"1606164951000","FALSE",,,
"1604562533000",,"65","Welche Maßnahmen sind geeignet, um die Vertrauenswürdigkeit einer Webseite zu überprüfen?",,"",,,"0","0","42 Vertrauenswürdigkeit",,,"1606164951000","FALSE",,,
"1604681628000",,"97","Georg präsentiert ein selbsterstelltes Video im Internet. Welcher Begriff passt dazu?",,"",,,"0","1","10 Podcast",,,"1605954168000","FALSE",,,
"1604681909000",,"97","Georg findet ein Foto im Internet und möchte es in einem sozialen Netzwerk verbreiten. Was ist zu beachten?",,"",,,"0","1","05 Urheberrecht",,,"1605954168000","FALSE",,,
"1604779393000","","1","Wie heißt ein tragbarer Computer, der mit einem Stift oder Finger bedient werden kann?",,"<p>Tablet-PCs lassen sich mit Stift und Finger bedienen. Eine Maus wird nicht benötigt. Optional kann eine Tastatur, die über Bluetooth verbunden ist, verwendet werden.</p>","cg_touchscreen.jpg",,"0","1","16 Tablett PC",,,"1611864882000","FALSE",,"446",
"1604779994000","<p>USB-Speichersticks werden an der USB-Schnittstelle an den PC angschlossen. Sie haben eine Speicherkapazität von mehreren GB aufwärts.Unterschiede zwischen USB-Sticks: Die Speichersticks unterscheiden sich, abgesehen von ihrer Form, vor allem in der Schreib- und Lesegeschwindigkeit. Neue USB-Speichersticks haben eine schnelle USB 3.0 Schnittstelle und können bis zu 5 Gbit/s übertragen. Das ist mehr als zehnmal so schnell wie die höchste USB 2.0-Übertragungsgeschwindigkeit von 480 Mbit/s.</p>","1","Was ist ein USB-Speicherstick? (2 Antworten möglich)","cg_usb_stick.jpg","<p>USB-Speichersticks werden an der USB-Schnittstelle an den PC angschlossen. Sie haben eine Speicherkapazität von mehreren GB aufwärts: häufig 8 GB bis 120 GB.</p><p><strong style=""color: rgb(102, 185, 102);"">Unterschiede zwischen USB-Sticks:</strong></p><p>Die Speichersticks unterscheiden sich, abgesehen von ihrer Form, vor allem in der Schreib- und Lesegeschwindigkeit. Neue USB-Speichersticks haben eine schnelle USB 3.0 Schnittstelle und können bis zu 5 Gbit/s übertragen. Das ist mehr als zehnmal so schnell wie die höchste USB 2.0-Übertragungsgeschwindigkeit von 480 Mbit/s.</p>","cg_usb_stick.jpg",,"0","0","17 USB Stick",,,"1611864882000","FALSE",,"449","449"
"1604779996000","<p>1 TB = 1024 GB<br />1 GB = 1024 MB<br />1 MB = 1024 KB<br />1 KB = 1024 Byte<br />1 Byte = 8 Bit</p><p><strong><span style=""color: #008000;"">Warum die Umrechnungszahl</span><span style=""color: #008000;""> 102</span><span style=""color: #008000;"">4?</span></strong></p><p><span style=""color: #000000;"">Computer verwenden statt des im Alltag &#252;blichen Dezimalsystems ein bin&#228;res System, das nur die Ziffern 0 und 1 kennt. <br /></span></p><p><span style=""color: #000000;"">Ein Kilobyte (KB) entspricht demnach <strong><span style=""color: #008000;"">1024 (2<span class=""Expo""> hoch 10</span>)</span> </strong>Byte, ein Megabyte (MB) 1&#160;048&#160;576 (2 hoch <span class=""Expo"">20</span>) Byte, ein Gigabyte 1&#160;073&#160;741&#160;824 (2 hoch <span class=""Expo"">30</span>) Byte und ein Terabyte 2 hoch 40 Byte.<br /></span></p><p>Bei Festplatten wird zur Angabe der Speicherkapazit&#228;t so gut wie immer die Umrechnungszahl 1000 verwendet. Daher gibt dann das Betriebssystem, das mit 1024 rechnet, einen scheinbar geringeren Speicherplatz an.&#160;</p><p>Ausf&#252;hrliche Informationen gibt es hier:</p><p><a href=""http://de.wikipedia.org/wiki/Byte#Vergleich"">http://de.wikipedia.org/wiki/Byte#Vergleich</a></p>","1","Wo sind die Größen aufsteigend geordnet?",,"<p><span style=""color: #008000;""><strong>Bit &#60; Byte &#60; KB &#60; MB &#60; GB &#60; TB</strong></span></p><p>1 TB = 1024 GB<br />1 GB = 1024 MB<br />1 MB = 1024 KB<br />1 KB = 1024 Byte<br />1 Byte = 8 Bit</p><p>&#160;</p><p><strong><span style=""color: #008000;"">Warum die Umrechnungszahl</span><span style=""color: #008000;""> 102</span><span style=""color: #008000;"">4?</span></strong></p><p>&#160;</p><p><span style=""color: #000000;"">Computer verwenden statt des im Alltag &#252;blichen Dezimalsystems ein bin&#228;res System, das nur die Ziffern 0 und 1 kennt. <br /></span></p><p><span style=""color: #000000;"">Ein Kilobyte (KB) entspricht demnach <strong><span style=""color: #008000;"">1024 (2<span class=""Expo""> hoch 10</span>)</span> </strong>Byte, ein Megabyte (MB) 1&#160;048&#160;576 (2 hoch <span class=""Expo"">20</span>) Byte, ein Gigabyte 1&#160;073&#160;741&#160;824 (2 hoch <span class=""Expo"">30</span>) Byte und ein Terabyte 2 hoch 40 Byte.<br /></span></p><p>Bei Festplatten wird zur Angabe der Speicherkapazit&#228;t so gut wie immer die Umrechnungszahl 1000 verwendet. Daher gibt dann das Betriebssystem, das mit 1024 rechnet, einen scheinbar geringeren Speicherplatz an.&#160;</p><p>Ausf&#252;hrliche Informationen gibt es hier:</p><p><span style=""color: #008000;""><strong><a href=""http://de.wikipedia.org/wiki/Byte#Vergleich"">http://de.wikipedia.org/wiki/Byte#Vergleich</a></strong></span></p>",,,"0","1","18 Maßeinheiten",,,"1611864882000","FALSE",,,
"1604780029000","<p><strong>Bild:</strong> Ge&#246;ffnete Festplatte (HDD) mit zwei Magnetscheiben, Schreib-/Lesekopf und Mechanik</p><p>Aktuelle Festplatten oder SSDs haben Gr&#246;&#223;en von &#252;ber <strong>100 GB </strong>aufw&#228;rts<strong> zu mehreren TB.</strong></p><p><strong>HDD: </strong>Herk&#246;mmliche Festplatte</p><p><strong>SSD: </strong>Solid State Drive, Flash-Speicher</p>","1","Was könnte die Größe einer aktuellen Festplatte (HDD) oder SSD sein? (2 Antworten möglich)","cg_festplatte (copy 1).jpg","<p><strong>Bild:</strong> Geöffnete Festplatte (HDD) mit zwei Magnetscheiben, Schreib-/Lesekopf und Mechanik. Die Magnetscheiben drehen sich mit 5400 oder 7200 Umdrehungen pro Minute. Der Schreib- und Lesekopf bewegt sich zu jeder Stelle der Magnetscheiben und kann die Daten ablesen bzw. schreiben.</p><p>Aktuelle Festplatten haben Größen von mehreren <strong>100 GB </strong>bis zu<strong> mehreren TB.</strong></p><p><strong>HDD: </strong>Herkömmliche Festplatte</p><p><strong>SSD: </strong>Solid State Drive, Flash-Speicher. SSDs zeichnen sich durch eine sehr schnelle Schreib- und Lesegeschwindigkeit aus.</p>","cg_festplatte (copy 1).jpg",,"0","0","19 Maßeinheiten",,,"1611864882000","FALSE",,"450","450"
"1604780146000","<p><strong><span style=""color: #008000;"">Warum die Umrechnungszahl</span><span style=""color: #008000;""> 102</span><span style=""color: #008000;"">4?</span></strong></p><p><span style=""color: #000000;"">Computer verwenden statt des im Alltag &#252;blichen Dezimalsystems ein bin&#228;res System, das nur die Ziffern 0 und 1 kennt. <br /></span></p><p><span style=""color: #000000;"">Ein Kilobyte (KB) entspricht demnach <strong><span style=""color: #008000;"">1024 (2<span class=""Expo""> hoch 10</span>)</span> </strong>Byte, ein Megabyte (MB) 1&#160;048&#160;576 (2 hoch <span class=""Expo"">20</span>) Byte, ein Gigabyte 1&#160;073&#160;741&#160;824 (2 hoch <span class=""Expo"">30</span>) Byte und ein Terabyte 2 hoch 40 Byte.<br /></span></p><p>Bei Festplatten wird zur Angabe der Speicherkapazit&#228;t so gut wie immer die Umrechnungszahl 1000 verwendet. Daher gibt dann das Betriebssystem, das mit 1024 rechnet, einen scheinbar geringeren Speicherplatz an.&#160;</p><p>Ausf&#252;hrliche Informationen gibt es hier:</p><p><a href=""http://de.wikipedia.org/wiki/Byte#Vergleich"">http://de.wikipedia.org/wiki/Byte#Vergleich</a></p>","1","Wie viele Bytes ergeben ein Kilobyte (KB)?",,"<p>1 TB = 1024 GB<br />1 GB = 1024 MB<br />1 MB = 1024 KB<br />1 KB = 1024 Byte</p>",,,"0","1","21 Maßeinheiten",,,"1611864882000","FALSE",,,
"1604780161000","<p>Bei <span style=""color: #008000;""><strong>1 Byte</strong></span> Speicherplatz pro Buchstaben sind <span style=""color: #008000;""><strong>255 verschiedene Zeichen</strong></span> m&#246;glich. <br />Das reicht bei weitem nicht f&#252;r alle Schrift- und Sonderzeichen dieser Welt! Es gibt daher Zeichens&#228;tze, die bis zu 4 Bytes (=32 Bit) pro Zeichen ben&#246;tigen.</p>","1","Welchen Speicherplatz benötigt man mindestens für einen Buchstaben?",,"<p>Um einen Buchstaben darzustellen, ben&#246;tigt man mindestens 8 Bit (=1 Byte). Damit sind 255 verschiedene Zeichen m&#246;glich.</p>",,,"0","1","22 Byte",,,"1611864882000","FALSE",,,
"1604780184000","","1","Zu welcher Gerätegruppe gehören Tastatur, Scanner und Mikrofon?",,"<p>Tastatur, Scanner, Monitor, Drucker etc. sind <span style=""color: #008000;""><strong>Peripherieger&#228;te</strong> </span>- sie werden an den PC angeschlossen.</p>","cg_peripherie (copy 1).jpg",,"0","1","23 Peripheriegeräte",,,"1611864882000","FALSE",,"445",
"1604780194000","<p><strong style=""color: rgb(0, 128, 0);"">GUI</strong><span style=""color: rgb(0, 128, 0);""> (englisch </span><strong style=""color: rgb(0, 128, 0);"">G</strong><span style=""color: rgb(0, 128, 0);"">raphical</span><strong style=""color: rgb(0, 128, 0);""> U</strong><span style=""color: rgb(0, 128, 0);"">ser</span><strong style=""color: rgb(0, 128, 0);""> I</strong><span style=""color: rgb(0, 128, 0);"">nterface)</span></p><p>Smartphones, Tablets und PCs werden über eine GUI bedient.</p><p>Die ersten PCs wurden über eine Kommandozeilensteuerung bedient - in Windows kann man auch die <strong>Eingabeaufforderung</strong> öffnen, die für bestimmte Zwecke immer noch nützlich ist.</p>","1","Am Computer werden Symbole mit der Maus angeklickt. Wie heißt dieses System der Eingabe?",,"<p><strong style=""color: rgb(0, 128, 0);"">GUI</strong><span style=""color: rgb(0, 128, 0);""> (englisch </span><strong style=""color: rgb(0, 128, 0);"">G</strong><span style=""color: rgb(0, 128, 0);"">raphical</span><strong style=""color: rgb(0, 128, 0);""> U</strong><span style=""color: rgb(0, 128, 0);"">ser</span><strong style=""color: rgb(0, 128, 0);""> I</strong><span style=""color: rgb(0, 128, 0);"">nterface)</span></p><p>Eine <strong>GUI</strong> (grafische Benutzeroberfläche) ermöglicht die Bedienung eines Computers mit einer Maus oder auch durch Fingerbewegungen direkt auf dem Schirm (Touchscreen).</p><p>Grafische Benutzeroberflächen umfassen je nach Anwendungsprogramm Funktionsbereiche wie die <strong>Menüleiste, Symbolleiste, Funktionsleiste, Statusleiste, Taskleiste</strong> und <strong>Bildlaufleisten</strong>.&nbsp;</p>","cg_gui.jpg",,"0","1","24 GUI",,,"1611864882000","FALSE",,"452",
"1604780217000",,"1","Ein 3,10 GHz PC wird zum Kauf angeboten. Was bedeutet der Wert 3,10 GHz?","cg_cpu_frequenz.jpg","<p>Die Taktfrequenz eines Prozessors wird in Megahertz (MHz) bzw. in Gigahertz (GHz) angegeben.</p><p>Die Taktfrequenz ist neben der Prozessorarchitektur und der Anzahl der Prozessorkerne f&#252;r die Rechengeschwindigkeit verantwortlich.</p><p><span style=""color: #008000;""><strong>So findet man die Taktfrequenz des PCs:</strong></span></p><ul><li>Rufe mit der Tastenkombination <span style=""color: #000080;"">Windows + Pause</span> das Fenster mit den Computerinformationen auf.</li></ul>","cg_cpu_frequenz.jpg",,"0","1","25 GHz",,,"1611864882000","FALSE",,"453","453"
"1604780229000","<p>Die Taktfrequenz wird in Megahertz MHz oder Gigahertz GHz angegeben. Aktuelle Prozessoren erreichen über 3 GHz (3 Mrd. Rechenschritte pro Sekunde).</p><p>Viele CPUs haben mehr als einen Prozessor eingebaut. Die Rechenarbeit wird dadurch auf mehrere Prozessoren verteilt und die Arbeitsgeschwindigkeit so erhöht.</p>","1","Wofür steht die Abkürzung CPU?","cg_cpu.jpg","<p><strong>Bild:</strong> aktueller Prozessor von Intel - Core i7</p><p>Die CPU (von engl.<strong> C</strong>entral <strong>P</strong>rocessing <strong>U</strong>nit) f&#252;hrt alle Rechenvorg&#228;nge aus.</p>","cg_cpu.jpg",,"0","1","26 CPU",,,"1611864882000","FALSE",,"451","451"
"1604780240000","<p>Moderne Prozessoren sind Wunderwerke der modernen Technik: Auf 1 bis 2 cm² Fläche befinden sich bis zu 2 Milliarden elektronische Bauteile.</p><p>Die <strong style=""color: rgb(0, 128, 0);"">Rechengeschwindigkeit</strong><span style=""color: rgb(0, 128, 0);""> </span>hängt unter anderem vom <strong>Prozessortakt</strong> (Anzahl der Rechenschritte pro Sekunde) ab, der mehrere GHz (Gigahertz = Mrd. Takte pro Sekunde) betragen kann.</p>","1","Welcher Bestandteil eines PCs führt Berechnungen aus?","cg_cpu.jpg","<p>Der <strong>Prozessor (CPU)</strong> ist f&#252;r die Durchf&#252;hrung von Berechnungen zust&#228;ndig.</p>","cg_cpu.jpg",,"0","1","20 CPU",,,"1611864882000","FALSE",,"451","451"
"1604780850000","<p>Ein größerer Arbeitsspeicher kann den Ablauf von speicherintensiven Anwendungen wie z. B. Videoschnittprogrammen deutlich beschleunigen.</p>","1","Wie viel Arbeitsspeicher hat ein aktueller PC?",,"<p>Derzeit hat ein aktueller PC einen Hauptspeicher von <strong>8 GB oder mehr.</strong></p>","cg_ram.jpg",,"0","1","31 aktueller RAM",,,"1611864882000","FALSE",,"448",
"1604780947000",,"1","Wie nennt man das Speichermedium, das am Computer angeschlossen wird und leicht entfernt werden kann?",,"",,"usb-festplatte.jpg","0","1","36 Externe Festplatte",,,"1611864882000","FALSE","460",,
"1604780982000",,"1","Welches Programm ist für die Funktion der Tastatur zuständig?",,"",,,"0","1","38 Tastatur",,,"1611864882000","FALSE",,,
"1604780992000",,"1","Wie wird der Arbeitsspeicher auch genannt?",,"",,"cg_ram.jpg","0","1","39 RAM",,,"1611864882000","FALSE","448",,
"1604780998000",,"1","Welche Aktion wird hier durchgeführt, um einen USB-Stick vom Computer zu entfernen?",,"",,"hardware_entfernen (copy 1).jpg","0","1","40 USB-Stick",,,"1611864882000","FALSE","461",,
"1604781460000",,"1","Welche Aussagen treffen auf Online-Datenspeicher zu? (3 richtig)",,"",,,"0","0","41 Online-Datenspeicher",,,"1611864882000","FALSE",,,
"1604819102000",,"1","Was gehört zu den Anwendungsprogrammen?",,"<p><strong style=""color: rgb(0, 128, 0);"">Anwendungsprogramme</strong></p><p>Beispiele für Anwendungsprogramme sind: <strong>Bildbearbeitung, Videobearbeitung, Textverarbeitung, Tabellenkalkulation, Computerspiele, Buchhaltungsprogramme</strong> etc.</p><p>Im Gegensatz dazu sind Windows oder Linux keine Anwendungsprogramme, sondern Betriebssysteme.</p>",,,"0","0","01 Anwendungsprogramme",,,"1605794091000","FALSE",,,
"1604819120000",,"1","Zu welcher großen Gruppe von Programmen zählen Textverarbeitung und Tabellenkalkulation?",,"<p><strong style=""color: rgb(0, 128, 0);"">Beispiele für Anwendungsprogramme</strong><span style=""color: rgb(0, 128, 0);""> </span></p><ul><li>Bildbearbeitung</li><li>Videobearbeitung</li><li>Textverarbeitung</li><li>Tabellenkalkulation</li><li>Computerspiele</li><li>Buchhaltungsprogramme</li><li>...</li></ul>",,,"0","1","02 Anwendungsprogramme",,,"1605794091000","FALSE",,,
"1604819945000","<p>Im Windows Explorer k&#246;nnen beispielsweise Dateien und Ordner gel&#246;scht werden.</p>","1","Was ist eine Aufgabe, die man mithilfe des Dateimanagers des Betriebssystems Windows 10 (Windows Explorer) durchführen kann?",,"<p><strong style=""color: rgb(0, 128, 0);"">Aufgaben eines Betriebssystems</strong></p><ul><li>Benutzerkommunikation</li><li>Laden, Ausführen, Unterbrechen und Beenden von Programmen</li><li>Verwaltung und Zuteilung der Prozessorzeit</li><li><strong style=""color: rgb(0, 128, 0);"">Verwaltung des Hauptspeichers und der Massenspeicher (= z. B. Festplatte)</strong></li><li>Verwaltung und Betrieb der angeschlossenen Geräte</li><li>Schutzfunktionen z. B. durch Zugriffsbeschränkungen</li></ul>",,,"0","1","04 Betriebssystem",,,"1605794091000","FALSE",,,
"1604820150000","<p><strong style=""color: rgb(0, 128, 0);"">Vorteile von Open Source</strong></p><ul><li>Jeder kann den Quelltext eines Programms überprüfen, das Programm ändern oder verbessern.</li><li>Jeder kann bei der Entwicklung von Programmen mitarbeiten.</li><li>Open-Source-Programme können kopiert und weitergegeben werden.</li></ul>","1","Welche Aussage stimmt NICHT?",,"<p>Eine Software<strong style=""color: rgb(0, 128, 0);""> </strong>ist<strong> </strong><strong style=""color: rgb(0, 128, 0);"">Open Source</strong>, wenn deren Quelltext offen liegt und von Benutzer*innen geändert werden darf.</p><p>Beispiele für Open Source sind das Betriebssystem <strong>Linux</strong> oder die Anwendungsprogramme <strong>LibreOffice</strong>, <strong>Gimp</strong> etc.</p><p><strong>Windows</strong> ist keine Open-Source-Software. Windows kann von Benutzer*innen nur verwendet aber nicht geändert werden.</p>",,,"0","1","06 Open Source",,,"1605794091000","FALSE",,,
"1604823038000","","1","In welcher Branche arbeitet ein Programmierer, der bei einem Software-Hersteller angestellt ist?",,"<p><strong>I</strong>nformations<strong>t</strong>echnik ist ein Oberbegriff f&#252;r die Informations- und Datenverarbeitung sowie f&#252;r die daf&#252;r ben&#246;tigte Hard- und Software.</p>",,,"0","1","08 IT",,,"1605794091000","FALSE",,,
"1604823778000","","1","Was ist Software?",,"<p>Bild: Einige Icons von Programmen</p><p><span style=""color: #008000;""><strong>Software</strong></span> ist ein Sammelbegriff f&#252;r ausf&#252;hrbare Programme und die zugeh&#246;rigen Daten.</p><p>&#160;</p>","cg_software_icons.jpg",,"0","1","10 Software",,,"1605794091000","FALSE",,"463",
"1604824772000","","1","Wozu zählt ein Textverarbeitungsprogramm?",,"<p><span style=""color: #008000;""><strong>Software</strong></span> ist ein Sammelbegriff f&#252;r ausf&#252;hrbare Programme und die zugeh&#246;rigen Daten.</p><p><span style=""color: #008000;""><strong>Beispiele f&#252;r Anwendungsprogramme</strong></span></p><ul><li>Bildbearbeitung</li><li>Videobearbeitung</li><li>Textverarbeitung</li><li>Tabellenkalkulation</li><li>Computerspiele</li><li>Buchhaltungsprogramme</li></ul>",,,"0","0","12 TV-Programm",,,"1605794091000","FALSE",,,
"1604826805000","<p><span style=""color: #333333;"">Bild: Speichernutzung im Taskmanager (Aufruf durch die <span class=""ILfuVd""><span class=""hgKElc"">Tastenkombination StRG + Shift + Esc</span></span><span class=""ILfuVd""><span class=""hgKElc"">.)</span></span><br /></span></p>","1","Wodurch kann die Geschwindigkeit eines langsamen PCs in manchen Fällen kurzfristig verbessert werden?","CG-Prozesse.JPG","<p>Laufende Programme belegen Arbeitsspeicher (RAM). Wird die Kapazität des Arbeitsspeichers überschritten, verwendet das Betriebssystem zusätzlich die im Vergleich zum RAM deutlich langsamere Festplatte als Zwischenspeicher. Dadurch wird der PC merkbar langsamer.</p><p><span style=""color: rgb(0, 128, 0);"">Wenn viele geöffnete Programme den Rechner bremsen, hilft es daher, nicht benötigte Programme zu schließen. Dadurch wird wieder Arbeitsspeicher frei.</span></p><p><span style=""color: rgb(0, 128, 0);"">Aktuelle Computer haben einen Arbeitsspeicher von mindestens </span><strong style=""color: rgb(0, 128, 0);"">8 GB</strong><span style=""color: rgb(0, 128, 0);""> und eine schnelle </span><strong style=""color: rgb(0, 128, 0);"">SSD</strong><span style=""color: rgb(0, 128, 0);""> statt einer Festplatte eingebaut. Dies erhöht die Geschwindigkeit des Computers enorm. Damit erübrigt sich das Problem mit der Geschwindigkeit in den meisten Fällen.</span></p>",,,"0","1","13 PC schneller machen",,,"1605794091000","FALSE",,,"464"
"1604826902000","<p>So gut wie alle betriebswirtschaftlichen Programme für Buchhaltung, Auftragsverwaltung, Artikelverwaltung und Kundenverwaltung verwenden <strong style=""color: rgb(0, 128, 0);"">Datenbanken</strong><span style=""color: rgb(0, 128, 0);""> </span>zur Speicherung ihrer Daten.</p><p>Bekannte Datenbankprogramme sind z. B. <strong style=""color: rgb(0, 128, 0);"">Oracle Database, MySQL, Microsoft Access</strong>.</p>","1","Mit welchem Programm kann man Kundendaten verwalten?",,"<p><span style=""color: #008000;""><strong>Wozu braucht man eine Datenbank?</strong></span></p><p>Daten, die sich in Tabellen darstellen lassen (Personendaten, Adressen, Artikel etc.) werden am besten in einer <strong>Datenbank</strong> gespeichert und verwaltet.</p>",,,"0","1","14 Datenbank",,,"1605794091000","FALSE",,,
"1604827442000","<p>Auch <span style=""color: #008000;""><strong>Apps</strong> </span>sind Anwendungsprogramme, deren Installation besonders einfach ist.</p>","1","Was bewirkt die Installation eines Programmes?","cg_apps.jpg","<p><strong style=""color: rgb(0, 128, 0);"">Installation von Programmen</strong></p><p>Programme können von einer DVD, aus dem Internet oder über ein Netzwerk installiert werden.</p><p>Bei der Installation wird das neue Programm</p><ul><li>auf den Computer kopiert und</li><li>zur Verwendung eingerichtet.</li></ul>",,,"0","0","17 Installation",,,"1605794091000","FALSE",,,"465"
"1604827629000","<p><span style=""color: #008000;""><strong>Sicherheitsupdates immer installieren!</strong></span></p><p>&#220;ber Sicherheitsl&#252;cken im Betriebssystem und Anwendungsprogrammen k&#246;nnen Angreifer von au&#223;en auf den Computer zugreifen und Malware installieren.</p><p><strong>Updates schlie&#223;en diese Sicherheitsl&#252;cken und sollten unbedingt installiert werden.</strong></p>","1","Wozu dienen Programm-Updates?",,"<p><strong style=""color: rgb(0, 128, 0);"">Warum Programm-Updates?</strong></p><ul><li>Software-Updates enthalten oft kleinere Verbesserungen und beseitigen Fehler.</li><li>Sicherheits-Updates schließen Sicherheitslücken.</li></ul>",,,"0","0","18 Update",,,"1605794091000","FALSE",,,
"1604827647000","<p><span style=""color: #008000;""><strong>Wo kann ich die BIOS-Einstellungen des Computers &#228;ndern?</strong></span></p><p>Wenn man nach dem Start eine bestimmte Taste (herstellerabh&#228;ngig: Entf oder F2 oder eine andere Taste) gedr&#252;ckt h&#228;lt, wechselt der Computer zu den BIOS-Einstellungen.</p><p><span style=""color: #800000;""><strong>Vorsicht!</strong> &#196;nderungen in den BIOS-Einstellungen k&#246;nnen dazu f&#252;hren, dass der Computer nicht mehr startet.</span></p>","1","Woher bezieht der Computer seine Anweisung, was er unmittelbar nach dem Einschalten tun soll?",,"<p>Im BIOS-<strong>ROM</strong> ist die Firmware des PCs gespeichert. Aufgabe des BIOS ist es unter anderem, den PC funktionsf&#228;hig zu machen und im Anschluss das Starten eines Betriebssystems einzuleiten.</p>",,,"0","1","19 ROM",,,"1605794091000","FALSE",,,
"1604827688000","<p><strong style=""color: rgb(0, 128, 0);"">Das Intranet im eigenen Haushalt</strong></p><p>Fast in jedem Haushalt, der mehr als einen Computer hat, bilden die Rechner, Smartphones und Tablets ein Intranet.</p><p>So können sie gemeinsame Ressourcen wie Internetzugang, Speicherplatz z. B. auf einer NAS (=Network Attached Storage) oder einen Netzwerkdrucker benützen.</p>","1","Welche Aussagen treffen auf ein Intranet zu?",,"<p><span style=""color: #008000;""><strong>Intranet</strong></span></p><ul><li>nicht &#246;ffentliches Rechnernetz</li><li>nur einer begrenzten Nutzerzahl zug&#228;nglich</li></ul>",,,"0","0","20 Intranet",,,"1605794091000","FALSE",,,
"1604828078000","<p><strong style=""color: rgb(0, 128, 0);"">ADSL</strong> (<strong style=""color: rgb(0, 128, 0);"">A</strong>symmetric<span style=""color: rgb(0, 128, 0);""> </span><strong style=""color: rgb(0, 128, 0);"">D</strong>igital Subscriber<strong style=""color: rgb(0, 128, 0);""> L</strong>ine): Breitbandanschluss über vorhandenen Festnetzanschluss</p>","1","Was ist ADSL?","og_breitband_modem (copy 1).jpg","<p><span style=""color: #008000;""><strong>ADSL</strong></span> (<span style=""color: #008000;""><strong>A</strong>symmetric <strong>D</strong></span>igital Subscriber<strong><span style=""color: #008000;""> L</span></strong>ine): Breitbandanschluss &#252;ber einen vorhandenen Festnetzanschluss</p>","og_breitband_modem (copy 1).jpg",,"0","1","21 ADSL",,,"1605794091000","FALSE",,"466","466"
"1604828421000","<p><span style=""color: #008000;""><strong>Wozu eine VPN-Verbindung?</strong></span></p><p>Ein Mitarbeiter auf Gesch&#228;ftsreise will auf das firmeneigene Netzwerk zugreifen.</p><p>Dazu stellt der Benutzer zuerst eine Internetverbindung her und baut mit dem Notebook eine <span style=""color: #008000;""><strong>VPN-Verbindung</strong></span> zum Firmennetz auf.</p><p>Jetzt hat der Mitarbeiter vollen Zugriff auf das Netzwerk. Er kann auf File-Server zugreifen, Mails bearbeiten oder Branchen-Software nutzen.</p><p>Da die Daten&#252;bertragung <span style=""color: #008000;""><strong>verschl&#252;sselt</strong> </span>ist, kann sie nicht abgeh&#246;rt werden.</p>","1","Welche Aussage zu VPN und Intranet ist richtig?",,"<p>Mit einem <strong>VPN</strong> (Virtuelles privates Netzwerk) kann man &#252;ber das Internet auf ein lokales Netzwerk zugreifen. VPN-Verbindungen sind <strong>verschl&#252;sselt</strong>.</p>",,,"0","0","21 VPN-Intranet",,,"1605794091000","FALSE",,,
"1604828509000","","1","Wie nennt man ein Informationsnetzwerk einer Firma, auf das berechtigte Personen auch von außerhalb zugreifen können?",,"<p><span style=""color: #008000;""><strong>Extranet</strong></span></p><p>Ein Extranet erlaubt, dass Benutzer von au&#223;en (meist per VPN &#252;ber das Internet) auf das firmeneigene Intranet zugreifen.</p><p><span style=""color: #008000;"">Beispiel</span><br />Ein Au&#223;endienstmitarbeiter verbindet sich im Hotel per VPN mit dem Firmennetzwerk und sieht nach, ob ein Artikel auf Lager ist.</p>",,,"0","1","22 Extranet",,,"1605794091000","FALSE",,,
"1604828526000","<p><span style=""color: #008000;""><strong>Das Intranet im eigenen Haushalt</strong></span></p><p>Fast in jedem Haushalt, der mehr als einen Computer hat, bilden die Rechner, Smartphones und Tablets ein Intranet.</p><p>So k&#246;nnen sie gemeinsame Ressourcen wie Internetzugang, Speicherplatz z.B. auf einer NAS oder einen Netzwerkdrucker ben&#252;tzen.</p>","1","Welche Aussage über ein Intranet ist richtig?",,"<p><strong style=""color: rgb(0, 128, 0);"">Intranet</strong></p><p>Ein Intranet ist ein Rechnernetz, das im Gegensatz zum Internet nicht öffentlich ist und nur einer begrenzten Nutzerzahl zugänglich ist.</p><p><span style=""color: rgb(0, 128, 0);"">Beispiel:</span> Schulnetzwerk bzw. Firmennetzwerk</p><p>Microsoft bewirbt Teams zur Verwendung als Intranet.</p>",,,"0","1","23 Intranet",,,"1605794091000","FALSE",,,
"1604828558000","<p><span style=""color: #008000;""><strong>Was ist der Unterschied zwischen LAN und Intranet?</strong></span></p><p>Der Begriff <span style=""color: #008000;""><strong>LAN</strong> </span>betont die <strong>r&#228;umlich eingeschr&#228;nkte Ausdehnung</strong> des Netzwerks.<br />Der Begriff <span style=""color: #008000;""><strong>Intranet</strong></span> weist auf die <strong>eingeschr&#228;nkte Nutzerzahl</strong> hin.</p>","1","Wofür steht die Abkürzung LAN?",,"<p>Ein <span style=""color: #008000;""><strong>LAN</strong></span> ist ein lokales Netzwerk, das sich &#252;ber ein oder mehrere Geb&#228;ude erstreckt.</p><p><span style=""color: #008000;""><strong>LAN</strong></span> ist eine Abk&#252;rzung f&#252;r <span style=""color: #008000;""><strong>L</strong></span>ocal <strong><span style=""color: #008000;"">A</span></strong>rea<strong> <span style=""color: #008000;"">N</span></strong>etwork</p>",,,"0","1","24 LAN",,,"1605794091000","FALSE",,,
"1604828605000",,"1","Wozu braucht man keinen Internetzugang?",,"",,,"0","1","25 kein Internet",,,"1605794091000","FALSE",,,
"1604828760000","<p><strong style=""color: rgb(0, 128, 0);"">Ein Blick zurück in das Jahr 2000</strong></p><p>Die meisten Internetnutzer*innen benutzten das Festnetz mit einem 56K-Modem, das eine Datenrate von&nbsp;maximal 56 KBit/s&nbsp;erreichte.</p><p><span style=""color: rgb(0, 128, 0);"">Zum Vergleich:</span> Ein gängiger ADSL-Anschluss heute erreicht ohne weiteres 100 MBit/s. Das ist fast die 2000-fache Geschwindigkeit!</p>","1","Worüber werden bei der ADSL-Technik Daten übertragen?",,"<p><span style=""color: #008000;""><strong>ADSL</strong></span> (Asymmetric Digital Subscriber Line)</p><p>Breitbandanschluss &#252;ber einen <strong>Telefon Festnetzanschluss</strong></p>",,,"0","1","26 ADSL",,,"1605794091000","FALSE",,,
"1604828777000","<p>Auch zu Hause kann ein ein zentraler Datenspeicher n&#252;tzlich sein.</p><p>Alle Computer im Haushalt k&#246;nnen auf die gespeicherten Dateien im <span style=""color: #008000;""><strong>NAS</strong> </span>zugreifen und dort ihre Daten speichern.</p><p>Musik, Fotos und Videos werden zentral gespeichert und k&#246;nnen von jedem Ger&#228;t abgespielt werden.</p>","1","Welche Funktion hat ein NAS (Network Attached Storage)?","cg_nas_netzwerk.jpg","<p><span style=""color: #008000;""><strong>Network Attached Storage (NAS) </strong></span></p><p>sind einfach zu verwaltende Dateiserver.</p><p>NAS werden eingesetzt, um Speicherkapazit&#228;t in einem Rechnernetz bereitzustellen.</p>",,"cg_nas_netzwerk.jpg","0","1","27 NAS",,,"1605794091000","FALSE","467",,"467"
"1604829005000","","1","Angenommen, ein Internetzugang hat eine Bandbreite von bis zu 8 Mbit/s. Welche Aussage ist richtig?",,"<p>Aktuell sind für den privaten Haushalt 40 MBit/s Standard.</p><p>Das bedeutet, die <strong>maximale Geschwindigkeit</strong> der Datenübertragung beträgt in diesem Fall 40 MBit/s.</p>",,,"0","0","29 Bandbreite",,,"1605794091000","FALSE",,,
"1604829215000","<p><span style=""color: #008000;""><strong>Wie viele Byte werden pro Sekunde &#252;bertragen?</strong></span></p><p>Speicherkapazit&#228;ten von Festplatten oder Dateigr&#246;&#223;en werden immer in <span style=""color: #008000;""><strong>Byte</strong> <span style=""color: #000000;"">angegeben. &#220;bertragungsraten werden in</span> <strong>Bit</strong></span>/s angegeben.</p><p>F&#252;r eine Umrechnung in Byte muss die Angabe in Bit <span style=""color: #008000;""><strong>durch 8 geteilt</strong></span> werden:</p><p>8 MBit/s <span style=""color: #808080;"">(z.B. bei ADSL-Anschluss)</span> entspricht daher einer &#220;bertragungsrate von 1 Mega<span style=""color: #008000;""><strong>byt</strong></span>e/s</p><p><strong>Beispiel:</strong></p><p>Eine 10 MB gro&#223;e Datei braucht zum Download bei 8 MBit/s<span style=""color: #808080;""> (entspricht 1 Megabyte/s)</span> daher 10 Sekunden.</p>","1","Was wird in der Maßeinheit KBit/s (Kilobit pro Sekunde) angegeben?",,"<p>Ma&#223;einheiten von &#220;bertragungsraten</p><ul><li><span style=""color: #008000;""><strong>Bit/s</strong></span></li><li><span style=""color: #008000;""><strong>KBit/s</strong></span></li><li><span style=""color: #008000;""><strong>MBit/s</strong></span></li><li><span style=""color: #008000;""><strong>GBit/s</strong></span></li></ul>",,,"0","1","30 Kilobit pro Sekunde",,,"1605794091000","FALSE",,,
"1604829240000","<p>Auch Smartphones haben ein Betriebssystem:&#160;</p><ul><li><strong><span style=""color: #008000;"">Android</span></strong></li><li><strong><span style=""color: #008000;"">iOS</span></strong>&#160;</li><li><span style=""color: #008000;""><strong>Microsoft Windows Phone</strong></span></li></ul>","1","Welche Software wird beim Starten zuerst geladen?",,"<p>Das Betriebssystem verwaltet den Computer.</p><p>Erst wenn das Betriebssystem geladen wurde, kann der Computer Anwendungsprogramme ausf&#252;hren.</p>",,,"0","1","16 Betriebssystem",,,"1605794091000","FALSE",,,
"1604829241000",,"1","Was ist richtig?",,"<p>Ein installiertes Betriebssystem ist eine Voraussetzung für die Installation von Anwendungssoftware bzw. Apps.</p><p>Programme sind im Normalfall nur unter dem dafür vorgesehenen Betriebssystem lauffähig - so kann man z. B. Microsoft Word nicht ohne weiteres unter Linux installieren.</p>",,,"0","0","15 BS und Anwendungsprogramme",,,"1605794091000","FALSE",,,
"1604829594000","<p><span style=""color: #008000;""><strong>Voice over Internet Protocol - VoIP</strong></span></p><p><span style=""color: #000000;"">VoIP hat Telefonieren in das Ausland wesentlich verbilligt. </span></p><p><span style=""color: #000000;"">Ein bekannter Anbieter von VoIP ist <span style=""color: #008000;""><strong>Skype</strong></span>. </span></p><p><span style=""color: #000000;"">Mit einer App bzw. einem Programm telefoniert man mit PC, Smartphone oder Tablet <strong>kostenlos &#252;ber das Interne</strong>t. Anrufe ins Festnetz oder Handynetz sind preisg&#252;nstig.</span></p>","1","Was ist VoIP?","cg_voip.jpg","<p><span style=""color: #008000;""><strong>Voice over Internet Protocol - VoIP</strong></span></p><p><span style=""color: #000000;"">VOIP ist Telefonie &#252;ber das Internet und ersetzt herk&#246;mmliche Telefontechnik.<br /></span></p><p><span style=""color: #000000;"">Mit WhatsApp und Skype telefoniert man &#252;ber VOIP.</span></p>",,,"0","0","31 VoIP",,,"1605794091000","FALSE",,,"470"
"1604829615000",,"1","Was ist für einen Breitbandzugang typisch?",,"<p><span style=""color: #008000;""><strong>Merkmal eines Breitbandzugangs</strong> </span></p><ul><li>pauschale Abrechnung - fixer Betrag pro Monat</li><li>hohe &#220;bertragungsgeschwindigkeit</li><li>man ist immer online</li><li>oft Flatrate - keine Begrenzung des Downloads</li></ul>",,,"0","0","32 Breitbandzugang",,,"1605794091000","FALSE",,,
"1604829763000","<p><strong style=""color: rgb(0, 128, 0);"">Upload von Daten</strong></p><p><strong>Beim Upload werden Daten auf einen Server im Internet gesendet z. B.</strong>:</p><ul><li>Fotos auf Facebook hochladen</li><li>ein E-Mail versenden</li><li>Fotos an einen Fotoservice für die Produktion eines Plakats übertragen</li></ul><p>Bei vielen Internetzugängen (z. B. mit ADSL) ist die <strong>Download-Geschwindigkeit deutlich höher</strong> als die Upload-Geschwindigkeit.</p><p>Hier kann man beispielsweise die maximale Up- bzw. Downloadrate messen lassen:</p><p><a href=""https://www.netztest.at/de/Test"" rel=""noopener noreferrer"" target=""_blank"">https://www.netztest.at/de/Test</a></p>","1","Bei welcher Gelegenheit werden hauptsächlich Daten ins Internet hochgeladen (Upload)?",,"<p><strong style=""color: rgb(0, 128, 0);"">Upload von Daten</strong></p><p><strong>Beim Upload werden Daten auf einen Server im Internet gesendet z. B.</strong>:</p><ul><li>Fotos auf Facebook hochladen</li><li>eine E-Mail versenden</li><li>Fotos an einen Fotoservice für die Produktion eines Plakats übertragen</li></ul><p>Bei vielen Internetzugängen (z. B. mit ADSL) ist die <strong>Download-Geschwindigkeit deutlich höher</strong> als die Upload-Geschwindigkeit.</p><p>Hier kann man beispielsweise die maximale Up- bzw. Downloadrate messen lassen:</p><p><a href=""https://www.netztest.at/de/Test"" rel=""noopener noreferrer"" target=""_blank"">https://www.netztest.at/de/Test</a></p>",,,"0","0","33 Upload",,,"1605794091000","FALSE",,,
"1604829982000","<p>Die meisten Internetverbindungen</p><ul><li><span style=""color: #000000;"">sind <strong>Breitbandverbindungen</strong> </span></li><li><span style=""color: #000000;"">haben <strong>Flatrate </strong></span></li><li><span style=""color: #000000;"">und werden <strong>pauschal</strong> abgerechnet (z.B. ein fixer monatlicher Betrag)</span></li></ul><p><span style=""color: #000000;"">Mobile Internetzug&#228;nge haben oft</span><strong><span style=""color: #000000;""> keine echte Flatrate</span></strong><span style=""color: #000000;"">: N</span><span style=""color: #000000;"">ach Erreichen einer vereinbarten Grenze wird die Downloadgeschwindigkeit deutlich verringert oder Zusatzkosten verrechnet.</span></p>","1","Was trifft auf die meisten Internetzugänge zu?",,"<p>Die meisten Internetverbindungen</p><ul><li><span style=""color: #000000;"">sind <strong>Breitbandverbindungen</strong> </span></li><li><span style=""color: #000000;"">haben <strong>Flatrate </strong></span></li><li><span style=""color: #000000;"">und werden <strong>pauschal</strong> abgerechnet (z.B. ein fixer monatlicher Betrag)</span></li></ul><p><span style=""color: #000000;"">Mobile Internetzug&#228;nge haben oft <strong>keine echte Flatrate</strong>: nach Erreichen einer vereinbarten Grenze wird die Downloadgeschwindigkeit deutlich verringert oder Zusatzkosten verrechnet.</span></p>",,,"0","1","34 Internetzugang",,,"1605794091000","FALSE",,,
"1604830065000","<p><span style=""color: #008000;""><strong>WLAN (Wireless Local Area Network)</strong></span></p><p>WLAN ist eine <span style=""color: #008000;""><strong>drahtlose Netzwerkverbindung</strong></span>: Notebooks, PCs, Smartphones und Tablets k&#246;nnen sich mit einem WLAN verbinden und so ein Netzwerk bilden und auf gemeinsame Ressource wie Internet oder Datenspeicher zugreifen.</p><p><span style=""color: #800000;""><strong>Ist WLAN gesundheitsgef&#228;hrdend?</strong></span></p><p>WLAN arbeitet mit einer maximalen Leistung von 100 mW (= 0,1 Watt) im Mikrowellenbereich. Die Energie dieser Strahlung ist um den Faktor 100.000 schw&#228;cher als das sichtbare Licht. <span style=""color: #008000;""><strong>Es gibt keine Hinweise auf sch&#228;dliche Auswirkungen von WLAN-Strahlung.</strong></span></p><p><span style=""color: #008000;""><strong>Reichweite von WLAN</strong></span></p><p>Die <span style=""color: #008000;""><strong>Reichweite</strong> </span>ist stark abh&#228;ngig von der Umgebung: Stahlbeton verringert sie stark, bei Sicht sind mehrere 100 Meter m&#246;glich. Typischerweise kann man mit einer Funkstation (WLAN Accesspoint) ein Einfamilienhaus versorgen.</p><p><span style=""color: #008000;""><strong>Sicherheit</strong> </span></p><p>WLAN-Verbindungen k&#246;nnen <span style=""color: #008000;""><strong>offen</strong> oder <strong>verschl&#252;sselt</strong> </span>sein. Eine Verschl&#252;sselung erlaubt nur Zugang, wenn man das Kennwort des WLAN-Netzes eingibt.</p>","1","Welche Merkmale sind typisch für WLAN?",,"<p><strong style=""color: rgb(0, 128, 0);"">WLAN (Wireless Local Area Network)</strong></p><p>WLAN ist eine drahtlose Netzwerkverbindung: Notebooks, PCs, Smartphones und Tablets können sich mit einem WLAN verbinden und so ein Netzwerk bilden und auf gemeinsame Ressourcen wie Internet oder Datenspeicher zugreifen.</p><p>Die <strong style=""color: rgb(0, 128, 0);"">Reichweite</strong><span style=""color: rgb(0, 128, 0);""> </span>ist stark abhängig von der Umgebung: Stahlbeton verringert sie stark, bei Sicht sind mehrere 100 Meter möglich. Typischerweise kann man mit einer Funkstation (WLAN Accesspoint) ein Einfamilienhaus versorgen.</p><p><strong style=""color: rgb(0, 128, 0);"">Sicherheit</strong><span style=""color: rgb(0, 128, 0);""> </span></p><p>WLAN-Verbindungen können <strong style=""color: rgb(0, 128, 0);"">offen</strong><span style=""color: rgb(0, 128, 0);""> oder </span><strong style=""color: rgb(0, 128, 0);"">verschlüsselt</strong><span style=""color: rgb(0, 128, 0);""> </span>sein. Eine Verschlüsselung erlaubt nur Zugang, wenn man das Kennwort des WLAN-Netzes eingibt.</p>",,,"0","0","35 WLAN",,,"1605794091000","FALSE",,,
"1604830125000",,"1","Was macht eine Firewall?",,"<p><strong style=""color: rgb(0, 128, 0);"">Firewall</strong></p><p>Eine Firewall kontrolliert den Datenverkehr zwischen Computern. Sie <strong>blockiert unerwünschte Zugriffe über das Netzwerk.</strong></p><p>Betriebssysteme wie Linux oder Microsoft Windows haben eine Firewall eingebaut.</p><p>Eine Firewall kann aber auch durch Hardware bereitgestellt werden. (Viele Router haben z. B. auch eine Firewallfunktion, die den Internetzugang filtert).</p>",,,"0","1","36 Firewall",,,"1605794091000","FALSE",,,
"1604830834000",,"1","Was ist ein Netzlaufwerk?","cg_netzlaufwerke.jpg","<p><span style=""color: rgb(128, 128, 128);"">Bild: 3 Netzlaufwerke werden angezeigt</span></p><ul><li>Ein <strong style=""color: rgb(0, 128, 0);"">Netzlaufwerk</strong><strong> </strong>zeigt Ordner und Dateien an, die sich auf einem anderen Rechner bzw. Server befinden.</li><li>Auf ein Netzlaufwerk können<strong style=""color: rgb(0, 128, 0);""> mehrere Benutzer*innen gleichzeitig</strong> zugreifen.</li><li>Benutzer*innen <strong style=""color: rgb(0, 128, 0);"">müssen sich anmelden</strong>, um auf ein Netzlaufwerk zugreifen zu können.</li><li>Auf dem Server muss ein <strong style=""color: rgb(0, 128, 0);"">Ordner</strong> <strong style=""color: rgb(0, 128, 0);"">freigegeben</strong> werden, damit andere Benutzer*innen zugreifen können.</li></ul>","cg_netzlaufwerke.jpg",,"0","0","39 Netzlaufwerk",,,"1605794091000","FALSE",,"472","472"
"1604831207000","<p>Breitbandzug&#228;nge haben Datenraten von <span style=""color: #008000;""><strong>mehreren MBit/s</strong> bis zu <strong>100 MBit/s und mehr</strong></span>.</p><p>Breitbandzug&#228;nge stehen &#252;ber das <strong>Telefon-Festnetz</strong>, &#252;ber <strong>Kabel-TV</strong> oder &#252;ber das <strong>Mobilfunknetz</strong> zur Verf&#252;gung.</p>","1","Was könnte eine typische Datenübertragungsrate für einen Breitbandanschluss sein?",,"<p>Breitbandzug&#228;nge haben Datenraten von <span style=""color: #008000;""><strong>mehreren MBit/s</strong> bis zu <strong>100 MBit/s und mehr</strong></span>.</p>",,,"0","1","40 Datenübertragungsrate",,,"1605794091000","FALSE",,,
"1604831237000","","1","Welche Software führt das Kopieren von Dateien auf einen anderen Datenträger durch?",,"<p><span style=""color: #008000;""><strong>Aufgaben des Betriebssystems</strong></span></p><p>Das Betriebssystem regelt den Zugriff auf die Hardware. Es ist unter anderem auch f&#252;r das Speichern von Dateien zust&#228;ndig.</p>",,,"0","1","03 Kopieren",,,"1605794091000","FALSE",,,
"1604831280000","<p><span style=""color: #008000;""><strong>Gemeinsame Nutzung von Ressourcen im Netzwerk</strong></span></p><p><strong>Drucker, Speicherplatz</strong> und <strong>Internetzugang</strong> k&#246;nnen von allen Computern im Netzwerk genutzt werden.</p><p>&#160;</p>","1","Welchen Vorteil hat ein Computer-Netzwerk?","cg_netzwerk_ressourcen.jpg","<p><span style=""color: #008000;""><strong>Gemeinsame Nutzung von Ressourcen im Netzwerk</strong></span></p><p><strong>Drucker, Speicherplatz</strong> und <strong>Internetzugang</strong> k&#246;nnen von allen Computern im Netzwerk genutzt werden.</p>","cg_netzwerk_ressourcen.jpg","cg_netzwerk_ressourcen.jpg","0","1","28 Netzwerk",,,"1605794091000","FALSE","473","473","473"
"1604831298000",,"1","Wo findet sich der Schnellzugriff in Windows 10?",,"",,"schnellzugriff.jpg","0","1","41 Schnellzugriff",,,"1605794091000","FALSE","474",,
"1604831313000",,"1","Was ist ein CPU?",,"",,"cg_cpu.jpg","0","1","42 Central Prozessing Unit",,,"1605794091000","FALSE","451",,
"1604831321000",,"1","Angenommen, ein Internetzugang hat eine Bandbreite von bis zu 40 Mbit/s. Welche Aussagen sind richtig? (3)",,"",,,"0","0","29 Bandbreite (copy 1)",,,"1605794091000","FALSE",,,
"1604831352000","","1","Angenommen, ein Internetzugang hat eine Bandbreite von bis zu 40 Mbit/s. Wie viel MB (Megabyte) werden maximal in einer Sekunde heruntergeladen?",,"<p>Umrechnung Bit in Byte: Division durch 8.</p><p>Beispiel: 1000 MBit Datentransfer (internes Netz z. B. einer Firma) ergeben 125 MByte Daten.</p><p>&nbsp;</p>",,,"0","1","29a Bandbreite",,,"1605794091000","FALSE",,,
"1604831388000",,"1","Was trifft auf Open-Source-Software zu? (2 Antworten möglich)",,"",,,"0","0","46 KBit",,,"1605794091000","FALSE",,,
"1604831396000",,"1","Wie kann eine Tastatursprache hinzugefügt werden?",,"",,"tastatursprache1.jpg","0","0","47 Tastatursprache",,,"1605794091000","FALSE","476",,
"1604831404000",,"1","Wo findet man schnell die zuletzt verwendeten Dateien?",,"",,"schnellzugriff.jpg","0","1","48 Schnellzugriff",,,"1605794091000","FALSE","474",,
"1604858628000",,"1","Was trifft auf elektronische Dokumente zu?",,"<p><strong style=""color: rgb(0, 128, 0);"">Elektronische Dokumente</strong></p><p>Große Firmen, wie zum Beispiel Versicherungen, scannen jeden Brief, den sie erhalten, sofort ein.</p><p>Die Sachbearbeiter*innen lesen und bearbeiten nur noch <strong style=""color: rgb(0, 128, 0);"">elektronische Dokumente</strong> auf dem PC.</p><p>Ein <strong style=""color: rgb(0, 128, 0);"">Ausdruck</strong><span style=""color: rgb(0, 128, 0);""> </span>ist nur erforderlich, wenn ein Dokument als Brief versandt werden soll.</p><p>Werden alle Dokumente elektronisch gespeichert, spricht man vom <strong style=""color: rgb(0, 128, 0);"">papierlosen Büro</strong>.</p>",,,"0","0","06 elektronische Dokumente",,,"1605082000000","FALSE",,,
"1604858920000",,"1","Was kann per E-Mail erledigt werden?",,"<p><strong style=""color: rgb(0, 128, 0);"">E-Mail</strong></p><p>E-Mails sind elektronische Briefe, die über das Internet versandt werden. Sie erreichen innerhalb von Sekunden den Empfänger.</p><ul><li>Beliebige Dateien können mit E-Mails als Anhang (Attachment) verschickt werden.</li><li>E-Mailanbieter können die <strong style=""color: rgb(0, 128, 0);"">maximale Größe</strong> von Anhängen festlegen und den Versand von bestimmten Dateiformaten verhindern. (Google Mail verhindert den Versand von ausführbaren Dateien und erlaubt E-Mails bis maximal 25 MB Größe.)</li></ul>",,,"0","0","07 E-Mail",,,"1605082000000","FALSE",,,
"1604858943000",,"1","Was ist ein Beitrag zum Umweltschutz (Green-IT)?",,"<p>Unter <strong style=""color: rgb(0, 128, 0);"">Green-IT</strong> versteht man Bestrebungen, die Nutzung von Informations- und Kommunikationstechnologie umwelt- und ressourcenschonend zu gestalten.</p><p>Beispiele:</p><ul><li><span style=""color: rgb(0, 128, 0);"">Energie</span> bei Arbeitsplatzcomputern in Unternehmen <span style=""color: rgb(0, 128, 0);"">einsparen</span>: Das Gerät auszuschalten, wenn es nicht genutzt wird.</li><li>Einsatz <span style=""color: rgb(0, 128, 0);"">energieeffizienter Bauteile</span> wie moderne Prozessoren, Netzteile oder Speicher- und Festplattentechnologien</li><li><span style=""color: rgb(0, 128, 0);"">Papierloses Büro</span>: Dokumente werden eingescannt und elektronisch verteilt. Dies ersetzt unzählige Kopien und Ausdrucke.</li><li><span style=""color: rgb(0, 128, 0);"">Recycling</span>: gebrauchte Druckerpatronen zur Wiederbefüllung abgeben</li></ul>",,,"0","1","08 Green-IT",,,"1605082000000","FALSE",,,
"1604869465000","<p><strong style=""color: rgb(0, 128, 0);"">Arten von Software</strong></p><ul><li><strong>Kommerzielle Software</strong> muss man kaufen, eine unlizenzierte Installation ist unrechtmäßig.</li><li><strong>Shareware</strong> darf für einen festgelegten Zeitraum zum Testen kostenfrei genutzt werden. Die Weitergabe ist erwünscht!</li><li>Eine <strong>Demoversion</strong> ist eine zeitlich oder funktionsmäßig eingeschränkte Version eines Programms zum Kennenlernen.</li><li><strong>Freeware Programme</strong> können kostenlos genutzt werden. Oft sind dies Einsteigerprogramme (Antivirensoftware, Videoschnittprogramme etc.), von denen es Premiumversionen gibt.</li></ul>","1","Zu welcher Art von Programmen zählt ein Programm, das man eine bestimmte Zeit kostenlos verwenden kann und danach kaufen soll?",,"<p><strong style=""color: rgb(0, 128, 0);"">Arten von Software</strong></p><ul><li><strong>Kommerzielle Software</strong> muss man kaufen, eine unlizenzierte Installation ist unrechtmäßig.</li><li><strong>Shareware</strong> darf für einen festgelegten Zeitraum zum Testen kostenfrei genutzt werden.</li><li>Eine <strong>Demoversion</strong> ist eine zeitlich oder funktionsmäßig eingeschränkte Version eines Programms zum Kennenlernen.</li><li><strong>Freeware Programme</strong> können kostenlos genutzt werden.</li></ul>",,,"0","1","11 Shareware",,,"1605794091000","FALSE",,,
"1604905030000",,"1","Was trifft auf Cloudspeicher zu?",,"",,,"0","0","34 Cloudspeicher",,,"1605082000000","FALSE",,,
"1604908673000",,"1","Welches Betriebssystem ist installiert?",,"<p>Die Information zum Betriebssystem erhält man mit der Tastenkombination Windows + Pause.</p><p>Dies geht auch mit der Eingabe <strong><em>Information </em></strong>in das Windows Suchfeld (Lupe).</p><p><br></p>",,"cg_betriebssystem","0","1","44 Welches Betriebssystem",,,"1605794091000","FALSE","17991",,
"1604908685000",,"1","Wo in den Einstellungen kann die Info über das Betriebssystems abgefragt werden?",,"",,"cg_einstellunge_info.png","0","1","45 Systemsteuerung",,,"1605794091000","FALSE","17959",,
"1604908982000",,"1","Was ist ein Vorteil von digitalen Dokumenten bezüglich Green-IT?",,"<p><strong style=""color: rgb(0, 128, 0);"">Green-IT ist Umweltschutz!</strong></p><p>Unter <strong style=""color: rgb(0, 128, 0);"">Green-IT</strong> versteht man Bestrebungen, die Herstellung, Anwendung und Entsorgung von Geräten in der IT möglichst umweltschonend zu gestalten. Das Ziel ist eine nachhaltige Technologienutzung.</p><p>Beispiele:</p><ul><li><span style=""color: rgb(0, 128, 0);"">Energiesparen: </span><span style=""color: rgb(0, 0, 0);"">Energiesparende Geräte verwenden und PCs </span>ausschalten, wenn sie nicht genutzt werden.</li><li><span style=""color: rgb(0, 128, 0);"">Papierloses Büro</span>: Dokumente werden eingescannt und elektronisch verteilt. So werden unzählige Ausdrucke ersetzt.</li><li><span style=""color: rgb(0, 128, 0);"">Recycling oder Wiederbefüllung </span>von Druckerpatronen</li></ul>",,,"0","1","01 Green-IT",,,"1605082000000","FALSE",,,
"1604909014000",,"1","Was ist ein Grund dafür, dass während der Computerarbeit regelmäßig Pausen eingelegt werden sollen?",,"<p><strong style=""color: rgb(0, 128, 0);"">Ergonomie am Arbeitsplatz</strong></p><p>Ergonomie hat das Ziel, Arbeitnehmer*innen vor körperlichen Schäden durch ihre Arbeit, die sie oft jahrelang ausüben,&nbsp;zu schützen. Dazu muss der Arbeitsplatz und seine Umgebung möglichst ergonomisch gestaltet sein:</p><ul><li><strong style=""color: rgb(0, 128, 0);"">richtiges Licht</strong> – keine Blendung – kein Gegenlicht (z. B. Monitor im rechten Winkel zum Fenster)</li><li><strong style=""color: rgb(0, 128, 0);"">richtige Position</strong> von Tastatur und Monitor, höhenverstellbarer Drehsessel</li><li>Kabel so verlegen, dass man nicht über sie stolpert</li><li>Pausen einlegen, sich bewegen und z. B. Dehnungsübungen machen</li></ul><p><strong style=""color: rgb(0, 128, 0);"">Nicht ergonomisch eingerichtete Arbeitsplätze können zu körperlichen Beschwerden und chronischen Erkrankungen führen!</strong></p>",,,"0","1","02 Computerarbeit",,,"1605082000000","FALSE",,,
"1604909030000",,"1","Wie heißt der Begriff für all das, was mit einer guten Arbeitsplatzgestaltung zusammenhängt?","cg_ergonomie.jpg","<p><strong style=""color: rgb(0, 128, 0);"">Ergonomie </strong><span style=""color: rgb(0, 128, 0);"">am Arbeitsplatz</span></p><p><strong style=""color: rgb(0, 128, 0);"">Ergonomie</strong><span style=""color: rgb(0, 128, 0);""> </span>hat das Ziel, Arbeitnehmer*innen vor körperlichen Schäden durch ihre Arbeit, die sie oft jahrelang ausüben,&nbsp;zu schützen. Dazu muss der Arbeitsplatz und seine Umgebung möglichst ergonomisch gestaltet sein:</p><ul><li><strong style=""color: rgb(0, 128, 0);"">richtiges Licht</strong> – keine Blendung – kein Gegenlicht (z. B. Monitor im rechten Winkel zum Fenster)</li><li><strong style=""color: rgb(0, 128, 0);"">richtige Position</strong> von Tastatur und Monitor, höhenverstellbarer Drehsessel</li><li>Kabel so verlegen, dass man nicht über sie stolpert</li><li>Pausen einlegen, sich bewegen und z. B. Dehnungsübungen machen</li></ul><p><strong style=""color: rgb(0, 128, 0);"">Nicht ergonomisch eingerichtete Arbeitsplätze können zu körperlichen Beschwerden und chronischen Erkrankungen führen!</strong></p>","cg_ergonomie.jpg",,"0","1","03 Ergonomie",,,"1605082000000","FALSE",,"477","477"
"1604909038000","<p><strong style=""color: rgb(0, 128, 0);"">Ergonomie </strong><span style=""color: rgb(0, 128, 0);"">am Arbeitsplatz</span></p><p><strong style=""color: rgb(0, 128, 0);"">Ergonomie</strong><span style=""color: rgb(0, 128, 0);""> </span>hat das Ziel, Arbeitnehmer*innen vor körperlichen Schäden durch ihre Arbeit, die sie oft jahrelang ausüben,&nbsp;zu schützen. Dazu muss der Arbeitsplatz und seine Umgebung möglichst ergonomisch gestaltet sein:</p><ul><li><strong style=""color: rgb(0, 128, 0);"">richtiges Licht</strong> – keine Blendung – kein Gegenlicht (z. B. Monitor im rechten Winkel zum Fenster)</li><li><strong style=""color: rgb(0, 128, 0);"">richtige Position</strong> von Tastatur und Monitor, höhenverstellbarer Drehsessel</li><li>Kabel in einem <strong style=""color: rgb(0, 128, 0);"">Kabelkanal </strong>zu verlegen, damit man nicht über sie stolpert</li><li>Pausen einlegen, sich bewegen und z. B. Dehnungsübungen machen</li></ul><p><strong style=""color: rgb(0, 128, 0);"">Nicht ergonomisch eingerichtete Arbeitsplätze können zu körperlichen Beschwerden und chronischen Erkrankungen führen!</strong></p><p><span style=""color: rgb(0, 0, 0);"">Bild: Kabelkanal</span></p>","1","Was kann zu einer Verletzung beim Arbeiten mit einem Computer führen?","cg_kabelkanal.jpg","<p><strong style=""color: rgb(0, 128, 0);"">Ergonomie </strong><span style=""color: rgb(0, 128, 0);"">am Arbeitsplatz</span></p><p><strong style=""color: rgb(0, 128, 0);"">Ergonomie</strong><span style=""color: rgb(0, 128, 0);""> </span>hat das Ziel, Arbeitnehmer*innen vor körperlichen Schäden durch ihre Arbeit, die sie oft jahrelang ausüben,&nbsp;zu schützen. Dazu muss der Arbeitsplatz und seine Umgebung möglichst ergonomisch gestaltet sein:</p><ul><li><strong style=""color: rgb(0, 128, 0);"">richtiges Licht</strong> – keine Blendung – kein Gegenlicht (z. B. Monitor im rechten Winkel zum Fenster)</li><li><strong style=""color: rgb(0, 128, 0);"">richtige Position</strong> von Tastatur und Monitor, höhenverstellbarer Drehsessel</li><li>Kabel in einem <strong style=""color: rgb(0, 128, 0);"">Kabelkanal </strong>zu verlegen, damit man nicht über sie stolpert</li><li>Pausen einlegen, sich bewegen und z. B. Dehnungsübungen machen</li></ul><p><strong style=""color: rgb(0, 128, 0);"">Nicht ergonomisch eingerichtete Arbeitsplätze können zu körperlichen Beschwerden und chronischen Erkrankungen führen!</strong></p>",,,"0","1","04 Computerarbeit",,,"1605082000000","FALSE",,,"478"
"1604909069000","<p><strong>Instant Messaging (IM)<br /></strong></p><p>Bekannte Chat-Programme sind <strong>WhatsApp</strong> und <strong>Facebook</strong>-<strong>Messanger</strong>.</p><p>Mit IM (englisch f&#252;r sofortige Nachrichten&#252;bermittlung) k&#246;nnen sich zwei oder mehr Teilnehmer mithilfe von <strong>Textnachrichten</strong> unterhalten.</p><p>Die Nachrichten kommen sofort, also in <span style=""color: #008000;""><strong>Echtzeit</strong></span>, beim Empf&#228;nger an.</p><p>Die Teilnehmer m&#252;ssen dazu mit einem Computerprogramm (genannt Client) &#252;ber das Internet verbunden sein.</p><p>Viele Clients unterst&#252;tzen zus&#228;tzlich die &#220;bertragung von Dateien und Audio- und Video-Streams.</p><p>Benutzer k&#246;nnen sich gegenseitig in ihrer Kontaktliste f&#252;hren und sehen dann an der Pr&#228;senzinformation, ob der andere zu einem Gespr&#228;ch bereit ist.</p>","1","Was ist das Besondere bei Instant Messaging (IM)?",,"<p><strong>Instant Messaging (IM)</strong></p><p>Bekannte Chat-Programme sind WhatsApp und Facebook-Messenger.</p><p>Mit IM (englisch für sofortige Nachrichtenübermittlung) können sich zwei oder mehr Teilnehmende mithilfe von <strong>Textnachrichten</strong> unterhalten.</p><p>Die Nachrichten kommen sofort, also in <strong style=""color: rgb(0, 128, 0);"">Echtzeit</strong>, beim Empfänger an.</p><p>Die Teilnehmenden müssen dazu mit einem Computerprogramm (genannt Client) über das Internet verbunden sein.</p><p>Viele Clients unterstützen zusätzlich die Übertragung von Dateien und Audio- und Video-Streams.</p><p>Benutzer*innen können sich gegenseitig in ihrer Kontaktliste führen und sehen dann an der Präsenzinformation, ob der andere zu einem Gespräch bereit ist.</p><p>&nbsp;</p>",,,"0","0","11 IM",,,"1605082000000","FALSE",,,
"1604909089000",,"1","Wann besteht eine große Gefahr, seinen PC mit einem Computervirus zu infizieren?",,"<p><strong style=""color: rgb(0, 128, 0);"">So verringert man die Gefahr, dass Malware den PC befällt:</strong></p><ul><li>alle Sicherheitsupdates installieren lassen</li><li>einen aktuellen Browser verwenden</li><li>das Antivirenprogramm ist aktiv</li><li>E-Mail-Anhänge von verdächtigen E-Mails nicht öffnen</li><li>nicht auf Links in verdächtigen E-Mails klicken</li><li>keine Programme unbekannter oder verdächtiger Herkunft installieren</li><li>USB-Sticks von fremden Rechnern vom Antivirenprogramm überprüfen lassen</li></ul>",,,"0","0","12 Ansteckung Virus",,,"1605082000000","FALSE",,,
"1604909104000",,"1","Was trifft auf Freeware zu?",,"<p><strong><span style=""color: #008000;"">Arten von Software</span></strong></p><ul><li><strong>Kommerzielle Software</strong> muss man kaufen, eine unlizenzierte Installation ist unrechtm&#228;&#223;ig.</li></ul><ul><li><strong>Shareware</strong> darf f&#252;r einen festgelegten Zeitraum zum Testen kostenfrei genutzt werden.</li></ul><ul><li>Eine <strong>Demoversion</strong> ist eine zeitlich oder funktionsm&#228;&#223;ig eingeschr&#228;nkte Version eines Programms zum Kennenlernen.</li></ul><ul><li><strong>Freeware Programme</strong> k&#246;nnen kostenlos genutzt werden.</li></ul><p>Die erlaubten Nutzungsm&#246;glichkeiten eines gekauften Programms sind in der Benutzerlizenz bzw. Endbenutzerlizenz (EULA: End User License Agreement) festgelegt: Z. B. darf man meist das Programm nur auf einem Rechner installieren.<br />Rechtm&#228;&#223;ig erworbene (lizenzierte) Software erkennt man an der Produkt-ID und der Produktregistrierung f&#252;r eine Person oder Firma.</p>",,,"0","0","13 Freeware",,,"1605082000000","FALSE",,,
"1604909116000",,"1","Welche Maßnahmen am Arbeitsplatz haben mit Ergonomie zu tun?",,"<p><strong style=""color: rgb(0, 128, 0);"">Ergonomie am Arbeitsplatz</strong></p><p>Ergonomie hat das Ziel, Arbeitnehmer*innen vor körperlichen Schäden durch ihre Arbeit, die sie oft jahrelang ausüben,&nbsp;zu schützen.</p><ul><li><strong style=""color: rgb(0, 128, 0);"">richtiges Licht</strong> – keine Blendung – kein Gegenlicht (z. B. Monitor im rechten Winkel zum Fenster)</li><li><strong>richtige Position</strong> von Tastatur und Monitor, höhenverstellbarer Drehsessel</li><li>Kabel so verlegen, dass man nicht über sie stolpert</li><li><strong style=""color: rgb(0, 128, 0);"">Pausen einlegen</strong>, sich bewegen und z. B. Dehnungsübungen machen</li></ul><p>Nicht ergonomisch eingerichtete Arbeitsplätze können zu körperlichen Beschwerden und chronischen Erkrankungen führen!</p>",,,"0","0","15 Ergonomie",,,"1605082000000","FALSE",,,
"1604909137000",,"1","Wofür steht die Abkürzung IKT?",,"<p>Der Begriff IKT ist ein Überbegriff, der verschiedene Bereiche aus der Welt der <strong>Computer und Kommunikation</strong> zusammenfasst.</p><p>Dazu gehören beispielsweise Berechnung von Daten (Bildbearbeitung, Tabellenkalkulation, Bankensysteme, Motorsteuerung von Autos, Steuerung von Industrieanlagen etc.), Speicherung von Daten, Übermittlung von Daten (Internet, Telefonie, Fernsehen etc.).</p><p>Die Durchdringung aller Lebensbereiche mit IKT ist bei uns schon weit fortgeschritten: Smartphones, Online-Banking, Internet überall, bargeldlose Zahlung, Ticketkauf usw. funktionieren nur, weil im Hintergrund eine umfangreiche EDV-Infrastruktur besteht.</p>",,,"0","1","17 IKT",,,"1605082000000","FALSE",,,
"1604909169000","<p>Abbildung: EULA Microsoft Word, zu finden im Men&#252; Datei, Konto</p><p>Der Endbenutzer Lizenzvertrag, abgek&#252;rzt EULA (von engl. End User License Agreement), ist eine spezielle Lizenzvereinbarung, welche die Benutzung von Software regeln soll. <br />Hier steht beispielsweise, auf wie vielen Ger&#228;ten das Programm installiert werden darf.</p>","1","Wo steht, ob man ein Programm auf mehreren PCs installieren darf?","cg_eula.jpg","<p>Abbildung: EULA Microsoft Word, zu finden im Men&#252; Datei, Konto</p><p>Der Endbenutzer Lizenzvertrag, abgek&#252;rzt <span style=""color: #008000;""><strong>EULA</strong> </span>(von engl. End User License Agreement), ist eine spezielle Lizenzvereinbarung, welche die Benutzung von Software regeln soll. <br />Hier steht beispielsweise, auf wie vielen Ger&#228;ten das Programm installiert werden darf.</p>","cg_eula.jpg",,"0","1","19 EULA",,,"1605082000000","FALSE",,"479","479"
"1604909179000","<p><span style=""color: rgb(128, 128, 128);"">Bild: Online-Banking Anmeldung</span></p><p><strong style=""color: rgb(0, 128, 0);"">Kennwörter sind der Schlüssel zu sensiblen Daten!</strong></p><p>Benutzername und Passwort dienen zur <strong>Authentifizierung</strong> von Benutzer*innen. Nur Berechtigte bekommen Zugang zu den Daten des Computers oder Netzwerkes.</p><p>Die <strong style=""color: rgb(0, 128, 0);"">Authentifizierung</strong><span style=""color: rgb(0, 128, 0);""> </span>stellt die Identität eines/einer Benutzer*in sicher.&nbsp;</p><p>Eine Authentifizierung&nbsp;kann erfolgen durch</p><ul><li>Benutzerkennung und Passwort</li><li>PIN (= persönliche Identifikationsnummer)&nbsp;</li><li>biometrische Merkmale: Fingerabdruckscan</li></ul><p><strong style=""color: rgb(128, 0, 0);"">Wenn die Zugangsdaten nicht geheim bleiben, können unbefugte Benutzer*innen auf Daten zugreifen.</strong></p><p>Wenn man einen öffentlichen Computer verwendet:</p><ul><li>unbedingt abmelden bzw. ausloggen</li><li>Passwörter nicht speichern</li></ul>","1","Warum ist ein verantwortungsvoller Umgang mit Kennwörtern wichtig?","cg_anmeldung_bank.jpg","<p><strong style=""color: rgb(0, 128, 0);"">Kennwörter sind der Schlüssel zu sensiblen Daten!</strong></p><p>Benutzername und Passwort dienen zur <strong>Authentifizierung</strong> von Benutzer*innen. Nur Berechtigte bekommen Zugang zu den Daten des Computers oder Netzwerkes.</p><p>Die <strong style=""color: rgb(0, 128, 0);"">Authentifizierung</strong><span style=""color: rgb(0, 128, 0);""> </span>stellt die Identität eines/einer Benutzer*in sicher.&nbsp;</p><p>Eine Authentifizierung&nbsp;kann erfolgen durch</p><ul><li>Benutzerkennung und Passwort</li><li>PIN (= persönliche Identifikationsnummer)&nbsp;</li><li>biometrische Merkmale: Fingerabdruckscan</li></ul><p><strong style=""color: rgb(128, 0, 0);"">Wenn die Zugangsdaten nicht geheim bleiben, können unbefugte Benutzer*innen auf sensible persönliche Daten zugreifen.</strong></p><p>Wenn man einen öffentlichen Computer verwendet:</p><ul><li>abmelden bzw. ausloggen</li><li>Passwörter nicht speichern</li></ul><p>&nbsp;</p>",,,"0","1","20 Kennwortsicherheit",,,"1605082000000","FALSE",,,"480"
"1604909191000",,"1","Wozu dienen Kennwörter bzw. Passwörter?",,"<p><strong style=""color: rgb(0, 128, 0);"">Kennwörter sind der Schlüssel zu sensiblen Daten!</strong></p><p><strong style=""color: rgb(0, 128, 0);"">Benutzername </strong>und <strong style=""color: rgb(0, 128, 0);"">Passwort </strong>dienen zur Authentifizierung von Benutzer*innen.</p><p>Nur Berechtigte bekommen Zugang zu den Daten des Computers oder Netzwerkes.</p>",,,"0","1","21 Kennwörter Zweck",,,"1605082000000","FALSE",,,
"1604909551000","<p><span style=""color: #008000;""><strong>Malware</strong></span></p><p>Malware ist ein &#220;berbegriff f&#252;r sch&#228;dliche Programme</p><ul><li>Computerviren</li><li>Trojaner Programme</li><li>Netzw&#252;rmer</li><li>...</li></ul>","1","Welche Aussage zu Malware ist FALSCH?","cg_malware_statistik.jpg","<p><strong style=""color: rgb(0, 128, 0);"">Was macht Malware?</strong></p><ul><li>kann Daten verändern oder löschen</li><li>kann sich selbstständig verbreiten</li><li>kann einen Computer verlangsamen oder abstürzen lassen</li><li>kann den/die Benutzer*in ausspionieren</li></ul><p>Die Anzahl von schädlichen Computerprogrammen <strong>steigt ständig</strong>. Es ist daher notwendig, den Computer vor Befall zu schützen.</p>",,,"0","1","07 Viren",,,"1605794091000","FALSE",,,"462"
"1604909563000","<p><span style=""color: rgb(0, 0, 0);"">Leider merkt der/die normale Anwender*in oft gar nicht, wenn der Computer infiziert wurde. Viele Würmer und Trojaner verbergen ihre Anwesenheit im System. </span></p><p><span style=""color: rgb(0, 0, 0);"">Es gibt auch Ausnahmen: Manche Trojaner informieren die Anwender*innen, dass ihr Computer infiziert worden ist. Sie verlangen Lösegeld für die Entschlüsselung.</span></p><p><span style=""color: rgb(51, 153, 102);"">Symptome einer Infizierung</span></p><ul><li><span style=""color: rgb(0, 0, 0);"">Es gibt einen erhöhten Datenverkehr, Daten werden verschickt.</span></li><li><span style=""color: rgb(0, 0, 0);"">Werbe Pup-ups beim Besuch von Webseiten deuten auf installierte Adware hin.</span></li><li><span style=""color: rgb(0, 0, 0);"">Der Computer friert ein oder stürzt ab.</span></li></ul><p><span style=""color: rgb(0, 128, 0);"">Was tun, wenn auf dem PC ein Computervirus gefunden wurde?</span></p><ol><li>Computer vom Netz trennen (WLAN, lokales Netzwerk).</li><li>Kontrollieren, ob das Antivirenprogramm aktuell ist (aktuelles Update).</li><li>Den Computer mit dem Antivirenprogramm (z. B. Windows Defender von Windows) scannen.</li><li>Hersteller von Antivirensoftware bieten kostenlose Einmal-Scans an. Diese können einfach auf dem Computer durchgeführt werden.</li></ol>","1","Welche Aufgaben hat ein Antivirenprogramm?",,"<p><span style=""color: #008000;""><strong>Welche Aufgaben hat ein Antivirenprogramm?</strong></span></p><ul><li>Es &#252;berwacht st&#228;ndig alle Datenoperationen und pr&#252;ft die Daten auf Viren.</li><li>Der PC wird in regelm&#228;&#223;igen Abst&#228;nden durchsucht (gescannt).</li><li>Das <strong>Antivirenprogramm informiert und fragt nach</strong>, was mit der gefundenen Malware gemacht werden soll: <strong>l&#246;schen</strong> oder in <strong>Quarant&#228;ne verschieben</strong>.</li></ul>",,,"0","0","09 Antivirenprogramm",,,"1605794091000","FALSE",,,
"1604909705000","<p><strong style=""color: rgb(0, 128, 0);"">Antiviren-Programme suchen, erkennen und beseitigen Malware!</strong></p><p>Antiviren-Programme müssen laufend durch Updates aktuell gehalten werden, damit auch die neuesten Viren gefunden werden.</p><p>Das Antiviren-Programm Microsoft Defender ist im Betriebssystem Windows 10 enthalten.</p><p>&nbsp;</p>","1","Was macht ein Antiviren-Programm?",,"<p><strong style=""color: rgb(0, 128, 0);"">Antiviren-Programme suchen, erkennen und beseitigen Malware!</strong></p><p>Antiviren-Programme müssen laufend durch Updates aktuell gehalten werden, damit auch die neuesten Viren gefunden werden.</p><p>Das Antiviren-Programm Microsoft Defender ist im Betriebssystem Windows 10 enthalten.</p>",,,"0","0","22 Antivirenprogramm",,,"1605082000000","FALSE",,,
"1604910143000","<p><strong style=""color: rgb(0, 128, 0);"">Jeder sollte seine Daten sichern!</strong></p><p>Jede Festplatte kann defekt werden. Man sollte daher seine Daten regelmäßig auf einen externen Datenträger sichern.</p><p>Nur so ist man vor Verlust sicher, wenn der PC nicht mehr startet oder z. B. gestohlen wird.</p>","1","Was ist ein Backup?",,"<p><strong style=""color: rgb(0, 128, 0);"">Ein Backup ist eine Datensicherung!</strong></p><p>Daten werden auf externe Datenträger kopiert, um diese im Fall eines Datenverlustes zurückkopieren zu können.</p><p>Dafür ist eine <strong style=""color: rgb(0, 128, 0);"">Ablaufplanung</strong><span style=""color: rgb(0, 128, 0);""> </span>notwendig:</p><ul><li>Wie oft und wann wird ein Backup erstellt?</li><li>Wohin werden die Backups kopiert?</li><li>Wo werden die Backupmedien gelagert?</li><li>Wiederherstellung aus dem Backup muss getestet werden!</li></ul>",,,"0","1","23 Backup",,,"1605082000000","FALSE",,,
"1604910311000",,"1","Wo erfährt man, welche Rechte (z. B. Anzahl der Installationen) der Softwarehersteller dem Kunden an einer Anwendungssoftware gewährt?","cg_eula.jpg","<p>Abbildung: EULA Microsoft Word, zu finden im Menü Datei, Konto</p><p>Der <strong style=""color: rgb(0, 128, 0);"">Endbenutzer-Lizenzvertrag</strong><span style=""color: rgb(0, 128, 0);"">, abgekürzt </span><strong style=""color: rgb(0, 128, 0);"">EULA</strong> (von engl. End User License Agreement), ist eine spezielle Lizenzvereinbarung, welche die Benutzung von Software regeln soll. </p><p>Hier erfährt man, auf wie vielen Geräten das Programm installiert werden darf.</p>","cg_eula.jpg",,"0","1","24 EULA",,,"1605082000000","FALSE",,"479","479"
"1604910577000","<p><span style=""color: rgb(128, 128, 128);"">Bild: Tux der Linuxpinguin</span></p><p><strong style=""color: rgb(0, 128, 0);"">Open-Source</strong>-Programme sind meist <strong style=""color: rgb(0, 128, 0);"">kostenlos</strong>. Der Quelltext muss mit dem Programm zur Verfügung gestellt werden. Der/die Benutzer*in könnte das Programm ändern, verbessern und weitergeben.</p><p>Beispiele für Open-Source-Programme:</p><ul><li>Betriebssystem Linux</li><li>Firefox</li><li>OpenOffice/LibreOffice</li><li>Gimp (umfangreiche Bildbearbeitung)</li><li>...</li></ul>","1","Was trifft auf Open Source und freie Software zu?","cg_linux_tux.jpg","<p><strong style=""color: rgb(0, 128, 0);"">Open-Source</strong>-Programme sind meist <strong style=""color: rgb(0, 128, 0);"">kostenlos</strong>. Der Quelltext muss mit dem Programm zur Verfügung gestellt werden. Der/die Benutzer*in könnte das Programm ändern, verbessern und weitergeben.</p><p>Beispiele für Open-Source-Programme:</p><ul><li>Betriebssystem Linux</li><li>Firefox</li><li>OpenOffice/LibreOffice</li><li>Gimp (umfangreiche Bildbearbeitung)</li></ul><p><br></p>",,,"0","0","25 Open Source",,,"1605082000000","FALSE",,,"481"
"1604910822000","<p><strong style=""color: rgb(128, 0, 0);"">Bei mobilen Computern wie Notebooks, Smartphones und Tablets ist ein Schutz vor unberechtigtem Zugriff besonders wichtig!</strong></p><ul><li><strong style=""color: rgb(0, 128, 0);"">Passwort zum Starten</strong> für Computerstart einrichten</li><li><strong style=""color: rgb(0, 128, 0);"">Passwort für Benutzeranmeldung</strong> einrichten</li><li>ev. <strong style=""color: rgb(0, 128, 0);"">Festplattenverschlüsselung</strong><span style=""color: rgb(0, 128, 0);""> (auch USB-Sticks können verschlüsselt werden) </span>aktivieren</li><li>beim Verlassen des Computers: <strong style=""color: rgb(0, 128, 0);"">Benutzer abmelden oder sperren</strong></li></ul>","1","Wie können Daten am besten vor unbefugten Zugriff geschützt werden?",,"<p><strong style=""color: rgb(0, 128, 0);"">Nur authentifizierte Nutzer*innen sollen auf Daten zugreifen dürfen!</strong></p><ul><li><strong style=""color: rgb(0, 128, 0);"">Passwort zum Starten</strong> für Computerstart einrichten</li><li><strong style=""color: rgb(0, 128, 0);"">Passwort für Benutzeranmeldung</strong> einrichten</li><li>ev. <strong style=""color: rgb(0, 128, 0);"">Festplattenverschlüsselung</strong><span style=""color: rgb(0, 128, 0);""> (auch USB-Sticks können verschlüsselt werden) </span>aktivieren</li><li>beim Verlassen des Computers: <strong style=""color: rgb(0, 128, 0);"">Benutzer abmelden oder sperren</strong></li></ul>",,,"0","0","26 Datensicherheit",,,"1605082000000","FALSE",,,
"1604912806000","<p>Warum sollen Backupmedien <strong style=""color: rgb(0, 128, 0);"">räumlich getrennt</strong><strong> </strong>vom Rechner aufbewahrt werden?</p><p>Wenn z. B. ein Feuer ausbricht oder der Rechner gestohlen wird, ist das Backup immer noch vorhanden und die Daten können wiederhergestellt werden.</p>","1","Wo sollte man Backups am besten aufbewahren, damit die Wiederherstellung der Daten im Notfall erfolgreich ist?",,"<p><strong style=""color: rgb(0, 128, 0);"">Wo soll man Backups idealerweise aufbewahren?</strong></p><p>Die Backupmedien sollten <strong style=""color: rgb(0, 128, 0);"">räumlich getrennt</strong> vom Rechner, der gesichert wurde, aufbewahrt werden:</p><ul><li>in einem anderen Gebäude</li><li>in einem Bankschließfach</li><li>online auf einem Backup-Web-Server</li></ul>",,,"0","0","28 Backup aufbewahren",,,"1605082000000","FALSE",,,
"1604912845000","<p>Der <strong style=""color: rgb(0, 128, 0);"">Endbenutzer-Lizenzvertrag (EULA)</strong> ist ein Vertrag, der die Benutzung von Software regelt.</p><p>Hier steht beispielsweise, auf wie vielen Geräten das Programm installiert werden darf.</p>","1","Was steht im Endbenutzer-Lizenzvertrag (EULA - End User Licence Agreement)?",,"<p>Abbildung: EULA Microsoft Word,<span style=""color: rgb(153, 153, 153);""> (Menü Datei, Konto)</span></p><p>Der <strong style=""color: rgb(0, 128, 0);"">Endbenutzer-Lizenzvertrag (EULA)</strong> ist ein Vertrag, der die Benutzung von Software regelt.</p><p>Hier steht beispielsweise, auf wie vielen Geräten das Programm installiert werden darf.</p>","cg-lizenz-word-2019","cg-lizenz-word-2019","0","1","30 EULA",,,"1605082000000","FALSE","18056","18056",
"1604914038000","<p><span style=""color: rgb(128, 128, 128);"">Bild: Product-ID von Microsoft Windows</span></p><p><strong style=""color: rgb(0, 128, 0);"">Die Product-ID stellt sicher, dass ein Programm lizenziert (rechtmäßig installiert) ist!</strong></p><p>Die Product-ID dient zur eindeutigen Kennzeichnung der Installation von Windows.</p><p>Viele kommerzielle Programme müssen vor der Verwendung aktiviert werden.</p><p>Benötigt man beispielsweise Hilfe vom Hersteller, muss die <strong>Produkt-ID</strong> angegeben werden. Dadurch weiß der Hersteller, dass das Programm rechtmäßig installiert wurde.</p><p>Wo finde ich die Produkt-ID? Windows + Pause - Tasten oder in der Systemsteuerung.</p><p><strong style=""color: rgb(0, 128, 0);"">Unterscheidung zum Product Key (oder Aktivierungsschlüssel)</strong></p><p>Den Schlüssel für eine Installation bezeichnet Microsoft als <strong>Product Key</strong>. Dieser Key besteht aus Buchstaben und Ziffern und muss bei der Installation des Programms (z. B. Office 2019 oder Windows 10) eingegeben werden.</p><p>Verliert man den Product Key, kann das Programm nicht mehr installiert werden. Den Product Key findet man auf der CD-Hülle, auf einem Aufkleber am Computer oder bekommt man beim Kauf online zugeschickt.</p><p><strong>Bei der Installation und Eingabe des Product Key entsteht eine eindeutige Produkt-ID.</strong></p>","1","Was ist die Produkt-ID?","cg_product_id.jpg","<p><span style=""color: rgb(128, 128, 128);"">Bild: Product-ID von Microsoft Windows</span></p><p><strong style=""color: rgb(0, 128, 0);"">Die Product-ID stellt sicher, dass ein Programm lizenziert (rechtmäßig installiert) ist!</strong></p><p>Die Product-ID dient zur eindeutigen Kennzeichnung der Installation von Windows.</p><p>Viele kommerzielle Programme müssen vor der Verwendung aktiviert werden.</p><p>Benötigt man beispielsweise Hilfe vom Hersteller, muss die <strong>Produkt-ID</strong> angegeben werden. Dadurch weiß der Hersteller, dass das Programm rechtmäßig installiert wurde.</p><p>Wo finde ich die Produkt-ID? Windows + Pause - Tasten oder in der Systemsteuerung.</p><p><strong style=""color: rgb(0, 128, 0);"">Unterscheidung zum Product Key (oder Aktivierungsschlüssel)</strong></p><p>Den Schlüssel für eine Installation bezeichnet Microsoft als <strong>Product Key</strong>. Dieser Key besteht aus Buchstaben und Ziffern und muss bei der Installation des Programms (z. B. Office 2019 oder Windows 10) eingegeben werden.</p><p>Verliert man den Product Key, kann das Programm nicht mehr installiert werden. Den Product Key findet man auf der CD-Hülle, auf einem Aufkleber am Computer oder bekommt man beim Kauf online zugeschickt.</p><p><strong>Bei der Installation und Eingabe des Product Key entsteht eine eindeutige Produkt-ID.</strong></p>","cg_product_id.jpg",,"0","1","31 Produkt ID",,,"1605082000000","FALSE",,"482","482"
"1604914984000",,"1","Eine E-Mail hat im Anhang eine Word-Datei. Wie kann man feststellen, ob die Datei von einem Virus infiziert ist?",,"<p><span style=""color: rgb(128, 128, 128);"">Bild: Datei mit Windows Defender überprüfen</span></p><p>Antiviren-Programme überprüfen automatisch Dateien, die aus dem Internet stammen.</p><p>Wenn man sich nicht sicher ist, ob ein Mail-Anhang ungefährlich ist, kann die Datei gespeichert und mit dem Antiviren-Programm überprüft werden <span style=""color: rgb(128, 128, 128);"">(rechte Maustaste - Kontextmenü ....).</span></p>","is-defender (copy 1).JPG",,"0","1","32 Malware in Worddatei",,,"1605082000000","FALSE",,"483",
"1604915204000","<p><strong style=""color: rgb(0, 128, 0);"">Das ist ein gutes Kennwort:</strong></p><ul><li>enthält Klein- und Großbuchstaben</li><li>Ziffern</li><li>Sonderzeichen (z. B.: @ #+*$§...)</li><li>Mindestlänge von 8 Zeichen</li><li>steht nicht in einem Wörterbuch</li><li>kein persönlicher Bezug wie Geburtsdatum, Namensteile etc.</li></ul>","1","Welches der folgenden Kennwörter ist am sichersten?",,"<p><strong style=""color: rgb(0, 128, 0);"">Das ist ein gutes Kennwort:</strong></p><ul><li>enthält Klein- und Großbuchstaben</li><li>Ziffern</li><li>Sonderzeichen (z. B.: @ #+*$§...)</li><li>Mindestlänge von 8 Zeichen</li><li>steht nicht in einem Wörterbuch</li><li>kein persönlicher Bezug wie Geburtsdatum, Namensteile etc.</li></ul>",,,"0","1","33 Kennwortsicherheit",,,"1605082000000","FALSE",,,
"1604915374000","","1","Was ist EULA (End User License Agreement)?",,"<p>Der <span style=""color: #008000;""><strong>Endbenutzer Lizenzvereinbarung (EULA)</strong></span> ist ein Vertrag, der die Benutzung der Software regelt.</p><p>Hier steht beispielsweise, auf wie vielen Ger&#228;ten das Programm installiert werden darf.</p>",,,"0","1","29 EULA",,,"1605082000000","FALSE",,,
"1604915392000","<p>Verdächtige Dateien (z. B. E-Mail-Anhänge) kann man online überprüfen lassen:</p><p><a href=""https://www.virustotal.com/de/"" rel=""noopener noreferrer"" target=""_blank"">https://www.virustotal.com/de/</a></p><p><strong style=""color: rgb(0, 128, 0);"">Ist Malware auf dem Computer?</strong></p><p><strong style=""color: rgb(0, 128, 0);"">Welche Symptome weisen darauf hin?</strong></p><ul><li>Der Computer arbeitet langsamer als gewohnt.</li><li>Werbeseiten werden unaufgefordert eingeblendet.</li><li>Programme starten nicht mehr.</li><li>Es gibt keine oder eine langsame Internetverbindung.</li><li>Das installierte Antiviren-Programm wurde deaktiviert.</li><li>Die Firewall wurde deaktiviert.</li></ul>","1","Woran kann man erkennen, dass möglicherweise auf dem Rechner Malware aktiv ist?","cg_virustotal.jpg","<p><strong style=""color: rgb(0, 128, 0);"">Ist Malware auf dem Computer?</strong></p><p><strong style=""color: rgb(0, 128, 0);"">Welche Symptome weisen darauf hin?</strong></p><ul><li>Der Computer arbeitet langsamer als gewohnt.</li><li>Werbeseiten werden unaufgefordert eingeblendet.</li><li>Programme starten nicht mehr.</li><li>Es gibt keine oder eine langsame Internetverbindung.</li><li>Das installierte Antiviren-Programm wurde deaktiviert.</li><li>Die Firewall wurde deaktiviert.</li></ul>",,,"0","0","16 Malware Auswirkungen",,,"1605082000000","FALSE",,,"484"
"1604915419000",,"1","Was kann per E-Mail erledigt werden?",,"<p><strong style=""color: rgb(0, 128, 0);"">E-Mail</strong></p><p>E-Mails sind elektronische Briefe, die über das Internet versandt werden. Sie erreichen innerhalb von Sekunden den Empfänger.</p><ul><li>Beliebige Dateien können mit E-Mails als Anhang (Attachment) verschickt werden.</li><li>E-Mail-Anbieter können die <strong style=""color: rgb(0, 128, 0);"">maximale Größe</strong> von Anhängen festlegen und den Versand von bestimmten Dateiformaten verhindern. Google Mail blockiert Nachrichten, die Viren enthalten können, wie z. B. der Versand von ausführbaren Dateien. Google erlaubt E-Mails bis maximal 25 MB Größe.</li></ul>",,,"0","0","07 E-Mail (copy 1)",,,"1605082000000","FALSE",,,
"1604916111000",,"1","Welche Dateinamenerweiterungen werden häufig für digitale Fotos verwendet?",,"<p><span style=""color: #808080;"">Bild: Anzeige des Dateityps (Kontextmen&#252; - Eigenschaften)</span></p><p>Das Betriebssystem erkennt den Dateityp einer Datei an der Erweiterung (der hintere Teil des Dateinamens z.B. Bild.<span style=""color: #008000;""><strong>jpg)</strong></span>:</p><ul><li>ausf&#252;hrbare Datei (Programm): <span style=""color: #008000;""><strong>exe</strong></span></li><li>nur Text: <span style=""color: #008000;""><strong>txt</strong></span></li><li>komprimierte Datei: <span style=""color: #008000;""><strong>zip</strong></span></li><li>Datenbank Access: <span style=""color: #008000;""><strong>accdb</strong></span></li><li>Tabellenkalkulation Excel: <span style=""color: #008000;""><strong>xlsx, xlsm</strong></span></li><li>Textverarbeitung Word: <span style=""color: #008000;""><strong>docx</strong></span></li><li><span style=""color: #000000;"">Powerpoint: <span style=""color: #008000;""><strong>pptx</strong></span><br /></span></li><li>Fotos: <strong><span style=""color: #008000;"">jpg</span></strong></li><li>Bilder/Grafiken: <strong><span style=""color: #008000;"">gif, bmp, png</span></strong></li><li>Audio: <span style=""color: #008000;""><strong>mp3</strong></span></li><li>Video: <span style=""color: #008000;""><strong>mp4, mpeg</strong></span></li><li>Webseite: <span style=""color: #008000;""><strong>htm, html</strong></span></li></ul><p>Windows blendet die Anzeige der Dateierweiterung standardm&#228;&#223;ig aus - in den Dateieigenschaften kann man sie anzeigen.</p>",,"cg_dateieigenschaften.jpg","0","1","02 Fotos Erweiterungen",,,"1605025931000","FALSE","486",,
"1604916153000",,"1","Welche Dateinamenerweiterungen werden beispielsweise für Textdokumente verwendet?",,"<p><span style=""color: rgb(128, 128, 128);"">Bild: Anzeige des Dateityps (Kontextmenü - Eigenschaften)</span></p><p>Das Betriebssystem erkennt den Dateityp einer Datei an der Erweiterung (der hintere Teil des Dateinamens z. B. Bild.<strong style=""color: rgb(0, 128, 0);"">jpg)</strong>:</p><ul><li>ausführbare Datei (Programm): <strong style=""color: rgb(0, 128, 0);"">exe</strong></li><li>nur Text: <strong style=""color: rgb(0, 128, 0);"">txt</strong></li><li>komprimierte Datei: <strong style=""color: rgb(0, 128, 0);"">zip</strong></li><li>Datenbank Access: <strong style=""color: rgb(0, 128, 0);"">accdb</strong></li><li>Tabellenkalkulation Excel: <strong style=""color: rgb(0, 128, 0);"">xlsx, xlsm</strong></li><li>Textverarbeitung Word: <strong style=""color: rgb(0, 128, 0);"">docx</strong></li><li><span style=""color: rgb(0, 0, 0);"">Powerpoint: </span><strong style=""color: rgb(0, 128, 0);"">pptx</strong></li><li>Fotos: <strong style=""color: rgb(0, 128, 0);"">jpg</strong></li><li>Bilder/Grafiken: <strong style=""color: rgb(0, 128, 0);"">gif, bmp, png</strong></li><li>Audio: <strong style=""color: rgb(0, 128, 0);"">mp3</strong></li><li>Video: <strong style=""color: rgb(0, 128, 0);"">mp4, mpeg</strong></li><li>Webseite: <strong style=""color: rgb(0, 128, 0);"">htm, html</strong></li></ul><p>Windows blendet die Anzeige der Dateierweiterung standardmäßig aus - in den Dateieigenschaften kann man sie anzeigen.</p>","cg_dateieigenschaften.jpg",,"0","1","01 Textverarbeitung Erweiterungen",,,"1605025931000","FALSE",,"486",
"1604916658000",,"1","An welcher Dateinamenerweiterung erkennt man Audio-Dateien?","cg_dateieigenschaften.jpg","<p><span style=""color: #808080;"">Bild: Anzeige des Dateityps (Kontextmen&#252; - Eigenschaften)</span></p><p>Das Betriebssystem erkennt den Dateityp einer Datei an der Erweiterung (der hintere Teil des Dateinamens z.B. Bild.<span style=""color: #008000;""><strong>jpg)</strong></span>:</p><ul><li>ausf&#252;hrbare Datei (Programm): <span style=""color: #008000;""><strong>exe</strong></span></li><li>nur Text: <span style=""color: #008000;""><strong>txt</strong></span></li><li>komprimierte Datei: <span style=""color: #008000;""><strong>zip</strong></span></li><li>Datenbank Access: <span style=""color: #008000;""><strong>accdb</strong></span></li><li>Tabellenkalkulation Excel: <span style=""color: #008000;""><strong>xlsx, xlsm</strong></span></li><li>Textverarbeitung Word: <span style=""color: #008000;""><strong>docx</strong></span></li><li><span style=""color: #000000;"">Powerpoint: <span style=""color: #008000;""><strong>pptx</strong></span><br /></span></li><li>Fotos: <strong><span style=""color: #008000;"">jpg</span></strong></li><li>Bilder/Grafiken: <strong><span style=""color: #008000;"">gif, bmp, png</span></strong></li><li>Audio: <span style=""color: #008000;""><strong>mp3</strong></span></li><li>Video: <span style=""color: #008000;""><strong>mp4, mpeg</strong></span></li><li>Webseite: <span style=""color: #008000;""><strong>htm, html</strong></span></li></ul><p>Windows blendet die Anzeige der Dateierweiterung standardm&#228;&#223;ig aus - in den Dateieigenschaften kann man sie anzeigen.</p>","cg_dateieigenschaften.jpg",,"0","1","03 Audio Erweiterung",,,"1605025931000","FALSE",,"486","486"
"1604916714000",,"1","Was passiert beim Komprimieren von Dateien?","cg_zip.jpg","<p><span style=""color: rgb(128, 128, 128);"">Bild: komprimierte Dateien haben die Erweiterung ZIP</span></p><p><strong style=""color: rgb(0, 128, 0);"">Komprimierte (gezippte) Dateien brauchen weniger Speicherplatz!</strong></p><p>Vorteile von komprimierten Dateien und Ordnern:</p><ul><li><strong style=""color: rgb(0, 128, 0);"">Weniger Speicherplatz</strong> wird benötigt.</li><li><strong style=""color: rgb(0, 128, 0);"">Schnellere Übertragung</strong> z. B. per E-Mail durch geringere Größe</li><li>In einer gezippten Datei können beliebig viele Dateien und Ordner enthalten sein.</li></ul>","cg_zip.jpg",,"0","0","04 Komprimieren",,,"1605025931000","FALSE",,"487","487"
"1604947569000",,"1","Wie nennt man den Drucker, auf dem alle Drucke standardmäßig ausgeführt werden?","cg_standard-drucker.jpg","<p><span style=""color: rgb(128, 128, 128);"">Bild: Standarddrucker einstellen</span></p><p><strong style=""color: rgb(0, 128, 0);"">Der Standarddrucker wird automatisch verwendet!</strong></p><p>Wenn mehrere Drucker installiert sind, kann man den <strong>am häufigsten genutzten Drucker</strong> als Standarddrucker festlegen.</p><p>So kann man rasch drucken, ohne jedes Mal einen Drucker auswählen zu müssen.</p>","cg_standard-drucker.jpg",,"0","1","05 Standarddrucker",,,"1605025931000","FALSE",,"488","488"
"1604947580000","<p><span style=""color: rgb(128, 128, 128);"">Bild: Dateien endgültig löschen</span></p><p><strong style=""color: rgb(0, 128, 0);"">Gelöschte Dateien werden im Papierkorb gespeichert!</strong></p><p>Dateien im Papierkorb können wiederhergestellt werden.</p><p>Erst wenn der Papierkorb geleert wird, werden die Dateien <strong>endgültig gelöscht</strong>.</p>","1","Was passiert mit den Daten im Papierkorb?","cg_papierkorb_leeren.jpg","<p><span style=""color: rgb(128, 128, 128);"">Bild: Dateien endgültig löschen</span></p><p><strong style=""color: rgb(0, 128, 0);"">Gelöschte Dateien werden im Papierkorb gespeichert!</strong></p><p>Dateien im Papierkorb können wiederhergestellt werden.</p><p>Erst wenn der Papierkorb geleert wird, werden die Dateien <strong>endgültig gelöscht</strong>.</p>","cg_papierkorb_leeren.jpg",,"0","1","06 Papierkorb",,,"1605025931000","FALSE",,"489","489"
"1604952236000","<p><strong><span><font color=""#008000"">Wo soll man Sicherungsmedien aufbewahren?</font></span></strong></p><p>Die Backupmedien sollten<span class=""Apple-converted-space"">&#160;</span><span><strong><font color=""#018000"">r&#228;umlich getrennt</font></strong></span><span class=""Apple-converted-space"">&#160;</span>vom Rechner, der gesichert wurde, aufbewahrt werden:</p><ul><li>in einem anderen Geb&#228;ude</li><li>in einem Bankschlie&#223;fach</li><li>online auf einem Backup-Web-Server&#160;</li></ul>","1","Warum sollen Datenträger wie z. B. externe Festplatten mit Datensicherungen in einem anderen Gebäude aufbewahrt werden?",,"<p><span style=""background-color: rgb(255, 255, 255); color: rgb(0, 0, 0);"">Wenn z. B. ein Feuer ausbricht oder der Rechner gestohlen wird, ist das Backup (Datensicherung) immer noch vorhanden und die Daten können wiederhergestellt werden.</span></p>",,,"0","1","10 Backup",,,"1605025931000","FALSE",,,
"1604957116000","<p><strong style=""color: rgb(0, 128, 0);"">Nicht alle Dateien lassen sich gut komprimieren!</strong></p><p>Audio Dateien (MP3) oder Fotos (JPG) <strong style=""color: rgb(0, 128, 0);"">sind bereits komprimiert.</strong></p><p>Gut komprimieren lassen sich z. B. Textdateien.</p>","1","An welcher Dateinamenerweiterung erkennt man komprimierte Dateien?",,"<p><span style=""color: rgb(128, 128, 128);"">Bild: Komprimierte Dateien haben die Erweiterung ZIP</span></p><p><strong style=""color: rgb(0, 128, 0);"">Komprimierte (gezippte) Dateien brauchen weniger Speicherplatz!</strong></p><p>Vorteile von komprimierten Dateien und Ordnern:</p><ul><li><strong style=""color: rgb(0, 128, 0);"">Weniger Speicherplatz</strong> wird benötigt.</li><li><strong style=""color: rgb(0, 128, 0);"">Schnellere Übertragung</strong> z. B. per E-Mail durch geringere Größe</li><li>In einer gezippten Datei können beliebig viele Dateien und Ordner enthalten sein.</li></ul>","cg_zip.jpg",,"0","1","09 Erweiterung ZIP",,,"1605025931000","FALSE",,"487",
"1604994848000","<p><span style=""color: #008000;""><strong>Jeder Tag bringt neue Computerviren!</strong></span></p><p>Antivirensoftware muss regelm&#228;&#223;ig automatisch aktualisiert werden, um auch gegen neue Viren wirksam zu bleiben.</p><p>Antivirenprogramme sind so eingestellt, dass diese Updates automatisch auch mehrmals am Tag durchgef&#252;hrt werden.</p>","1","Warum aktualisieren sich Virenschutz-Programme laufend automatisch? Bild: Information über den aktuellen Status von Windows Defender",,"<p><strong>Beispiel: Windows Defender</strong></p><p>Das Virenschutz-Programm Microsoft Defender ist standardmäßig in Windows 10 enthalten. Der Windows Defender aktualisiert sich automatisch.</p>",,"cg-defender.JPG","0","1","07 AV-Programme aktualisieren",,,"1605025931000","FALSE","490",,
"1604996065000",,"1","Mit welcher Tastenkombination wird eine laufende Anwendung geschlossen?",,"<p><span style=""color: rgb(0, 0, 0);"">Bild: Zusätzlich können Programme im Taskmanager geschlossen werden.</span></p><p><strong style=""color: rgb(0, 128, 0);"">Wie können Anwendungen beendet werden?</strong></p><ul><li>Klick auf das <strong style=""color: rgb(255, 0, 0);"">X</strong> rechts oben im Programmfenster</li><li>Über den entsprechenden Menüpunkt z.B. <strong style=""color: rgb(0, 128, 0);"">Datei / schließen</strong></li><li>Über die Tastenkombination<strong style=""color: rgb(0, 128, 0);""> Alt+F4</strong></li><li>Durch den Aufruf des Taskmanagers (<strong style=""color: rgb(0, 128, 0);"">Strg + Alt + Entf</strong>) über die Schaltfläche ""Task beenden""</li><li>Durch den Aufruf des Taskmanagers (<strong style=""color: rgb(0, 128, 0);"">Strg + Umschalt + ESC</strong>) über die Schaltfläche ""Task beenden""</li></ul>","cg_taskmanager_anwendungen.jpg",,"0","1","08 Alt+F4",,,"1605025931000","FALSE",,"491",
"1604996152000","<p>Mit einem Mausklick kann der Standarddrucker im Kontextmen&#252; festgelegt werden.</p>","1","Was sollte der am häufigsten verwendete Drucker sein?","cg_standard-drucker.jpg","<p>Wenn mehrere Drucker installiert sind, kann man den am <span style=""color: #008000;""><strong>h&#228;ufigsten genutzten Drucker</strong></span> als Standarddrucker festlegen. <br />Durch Festlegen eines Standarddruckers kann man rasch drucken, ohne jedes Mal einen Drucker ausw&#228;hlen zu m&#252;ssen.</p>","cg_standard-drucker.jpg",,"0","1","12 Standarddrucker",,,"1605025931000","FALSE",,"488","488"
"1604997034000","<p>Hier kann ein Druckauftrag abgebrochen werden.</p>","1","Wie stellt man fest, welche Druckaufträge gerade bearbeitet werden?","cg_druckauftrag_abbrechen.jpg","<p><span style=""color: #808080;"">Bild: Druckauftr&#228;ge anzeigen lassen</span></p><p><span style=""color: #008000;""><strong>So findet man die aktuellen Druckauftr&#228;ge!</strong></span></p><ul><li>In der Systemsteuerung unter <span style=""color: #008000;""><strong>Ger&#228;te und Drucker</strong></span> im Kontextmen&#252; des Druckers</li><li>Doppelklick auf das Druckersymbol in der Taskleiste</li></ul>","cg_druckauftrag_anzeigen.jpg","cg_druckauftrag_anzeigen.jpg","0","0","11 Druckaufträge",,,"1605025931000","FALSE","493","493","492"
"1604997037000",,"1","Welche Aussage über Dateien und Ordner ist richtig?","cg_dateisystem_baumstruktur.jpg","<p><ul><li>Dateien werden in einer <span style=""color: #008000;""><strong>baumartigen Verzeichnisstruktur</strong></span> gespeichert.</li><li>Jeder Ordner kann Dateien und weitere Ordner enthalten.</li></ul></p>","cg_dateisystem_baumstruktur.jpg",,"0","0","13 Dateien und Ordner",,,"1605025931000","FALSE",,"494","494"
"1604997044000","<p><strong>&#196;ndern der regionalen Einstellungen in Windows 10</strong></p><ul><li>Start, Systemsteuerung</li><li>Zeit und Sprache</li><li>Region</li></ul><p>Info von Microsoft an dieser Stelle:<br />Ihr Land bzw. Ihre Region wird ggf. von Windows und von Apps genutzt, um lokale Inhalte anzuzeigen.</p><p>&#160;</p>","1","Wo stellt man fest, welche länderspezifischen Einstellungen an einem PC eingestellt sind?",,"","cg-region.jpg",,"0","1","14 länderspez. Einstellungen",,,"1605025931000","FALSE",,"495",
"1604997117000","<p><span style=""color: #008000;""><strong>So beendet man eine nicht funktionierende Anwendung:</strong></span></p><ul><li>Taskmanager mit <span style=""color: #008000;""><strong>Strg+Umschalt+Esc</strong></span> aufrufen</li><li>Anwendung anklicken</li><li>Schaltfl&#228;che <span style=""color: #008000;""><strong>Task beenden</strong></span></li></ul>","1","Wie kann man den Taskmanager öffnen?","cg-taskmanager-beenden.JPG","<p><span style=""color: #808080;"">Bild: Taskmanager mit Leistungsinformationen (Windows 10)<br /></span></p><p>Im <span style=""color: #008000;""><strong>Taskmanager</strong> </span>werden die aktuell auf dem Computer ausgef&#252;hrten Programme, Prozesse und Dienste angezeigt.</p><p>Mit dem Taskmanager kann ein <span style=""color: #008000;""><strong>nicht mehr funktionierendes Programm beendet</strong></span> werden.</p><p><strong><span style=""color: #008000;"">Taskmanager starten:</span></strong></p><ul><li>Tastenkombination <span style=""color: #008000;""><strong>Strg+Umschalt+Esc</strong></span></li><li>Tastenkombination Strg+Alt+Entf, dann Taskmanger starten</li><li>Rechtsklick auf die Taskleiste -&#62; Task-Manager starten</li></ul>",,,"0","0","15 Taskmanager",,,"1605025931000","FALSE",,,"496"
"1604998820000","<p><strong style=""color: rgb(0, 128, 0);"">So kann man die Version des Betriebssystems anzeigen:</strong></p><ul><li>Windowstaste und Taste Pause zugleich drücken</li><li>Rechter Mausklick auf das Symbol Computer bzw. Arbeitsplatz, dann im Kontextmenü: Eigenschaften</li></ul>","1","Wie stellt man fest, welches Windows-Betriebssystem auf dem PC installiert ist?",,"<p><strong style=""color: rgb(0, 128, 0);"">So kann man die Version des Betriebssystems anzeigen:</strong></p><ul><li><strong style=""color: rgb(0, 128, 0);"">Windowstaste</strong> und Taste <strong style=""color: rgb(0, 128, 0);"">Pause</strong><strong> </strong>zugleich drücken</li><li>Rechter Mausklick auf das Symbol Computer bzw. Arbeitsplatz, dann im Kontextmenü: Eigenschaften</li></ul>",,"windows10-information.JPG","0","0","16 Betriebssystem anzeigen",,,"1605025931000","FALSE","498",,
"1604998898000","<p><span style=""color: #008000;""><strong>Position der Taskleiste &#228;ndern:</strong></span></p><ul><li>Rechtsklick auf die Taskleiste</li><li>Kontextmen&#252;: Taskleisteneinstellungen</li><li>Drop-down-Men&#252;: Position der Taskleiste auf dem Bildschirm</li></ul>","1","Wo befindet sich normalerweise die Taskleiste?","cg-taskleiste-position (copy 1).JPG","<p>Standardm&#228;&#223;ig befindet sich die Taskleiste am <span style=""color: #008000;""><strong>unteren Bildschirmrand.</strong></span></p>","cg-taskleiste (copy 1).JPG",,"0","1","17 Taskleiste Position",,,"1605025931000","FALSE",,"499","500"
"1604999506000","<p><span style=""color: rgb(128, 128, 128);"">Bild: Bildlaufleiste (engl. scroll bar, auch Scroll-Balken, Rollbalken, Schiebebalken)</span></p><p>Bildlaufleisten dienen der Verschiebung des sichtbaren Ausschnitts eines dargestellten Inhalts, beispielsweise eines Textes oder einer Grafik.</p><p>Es gibt horizontale und vertikale Bildlaufleisten.</p><p>Allerdings wird für das Scrollen in einem Fenster eher das Mausrad verwendet. In Kombination des Mausrades mit der Steuerungstaste wird gezoomt.</p>","1","Wie nennt man diese beiden Elemente? (Gelbe Umrandung)","cg_bildlaufleisten2.jpg","<p><strong style=""color: rgb(0, 128, 0);"">Bildlaufleisten</strong><span style=""color: rgb(0, 128, 0);""> </span>dienen der Verschiebung des sichtbaren Ausschnitts eines dargestellten Inhalts, beispielsweise eines Textes oder einer Grafik.</p><p>Es gibt horizontale und vertikale Bildlaufleisten.</p><p>Allerdings wird für das Scrollen in einem Fenster eher das Mausrad verwendet. In Kombination des Mausrades mit der Steuerungstaste wird gezoomt.</p>","cg_bildlaufleisten2.jpg","cg_bildlaufleisten2.jpg","0","1","19 Bildlaufleiste",,,"1605025931000","FALSE","504","504","504"
"1605000477000","<p>In der Titelleiste von Anwendungen wird oft der Dateiname (hier Dokument1) angezeigt.</p><p>Schaltfl&#228;chen in der Titelleiste dienen zum Maximieren, Minimieren, Verkleinern bzw. Vergr&#246;&#223;ern oder Schlie&#223;en des Fensters.</p><p>Durch Anw&#228;hlen der Titelleiste k&#246;nnen die Fenster mit der Maus verschoben werden.</p>","1","Wie nennt man dieses Element? (Blaue Umrandung)","cg-titelleiste-word.JPG","<p>Die <span style=""color: #008000;""><strong>Titelleiste</strong> </span>ist der oberste Bereich des Fensters.</p>",,"cg-titelleiste10 (copy 1).JPG","0","1","18 Titelleiste",,,"1605025931000","FALSE","502",,"503"
"1605003274000","<p>Die <span style=""color: #008000;""><strong>Deinstallation</strong> </span>einer Anwendung l&#246;scht diese vom Rechner.</p><p>Programmen k&#246;nnen in den <span style=""color: #008000;""><strong>Windows-Einstellungen </strong><span style=""color: #000000;"">unter dem Punkt<strong> ""</strong></span><strong>Apps, Deinstallieren...</strong><span style=""color: #000000;""><strong>"" </strong>deinstalliert werden.</span></span></p>","1","Wie löscht man ein Programm vollständig vom PC?","cg-apps-deinstallieren (copy 2).jpg","<p>Die <span style=""color: #008000;""><strong>Deinstallation</strong> </span>einer Anwendung l&#246;scht diese vom Rechner.</p><p>Programmen k&#246;nnen in den <span style=""color: #008000;""><strong>Windows-Einstellungen </strong><span style=""color: #000000;"">unter dem Punkt<strong><span style=""color: #008000;""> ""Apps, Deinstallieren..."" </span></strong>deinstalliert werden.</span></span></p>","cg-apps-deinstallieren (copy 1).jpg",,"0","1","21 Programm deinstallieren",,,"1605025931000","FALSE",,"506","507"
"1605003523000","<p>Microsoft Word 2019 ist eine Anwendung.</p><p><span style=""color: #008000;""><strong>Anwendungen</strong> <span style=""color: #000000;"">dienen zur Bearbeitung von Aufgaben des Benutzers</span>. <strong>Betriebssysteme</strong> </span>dienen der Verwaltung des Computers.</p>","1","Was ist kein Betriebssystem?",,"",,,"0","1","22 Betriebssystem",,,"1605025931000","FALSE",,,
"1605006539000","<p>Der <span style=""color: #008000;""><strong>Backslash \</strong></span> wurde als Trennzeichen in Pfadangaben eingef&#252;hrt, da er in Texten kaum verwendet wird.</p>","1","Wie nennt man dieses Zeichen \ ?","cg-backslash (copy 1).jpg","<p>Unter dem Betriebssystem Windows ist der <span style=""color: #008000;""><strong>Backslash</strong> </span>das Trennzeichen von Verzeichnissen in einer Pfadangabe.</p>","cg-backslash.jpg",,"0","1","26 Backslash",,,"1605025931000","FALSE",,"514","515"
"1605007555000","<p><span style=""color: #008000;""><strong>So beendet man eine nicht mehr funktionierende Anwendung:</strong></span></p><ul><li><span style=""color: #008000;""><strong>Taskmanager</strong> </span>aufrufen mit StRG+Umschalt+ESC</li><li>Anwendung markieren</li><li>Schaltfl&#228;che <strong><span style=""color: #008000;"">Task beenden</span></strong> anklicken</li><li>Warnhinweis best&#228;tigen</li></ul>","1","Eine Anwendung reagiert nicht mehr. Wie kann man diese trotzdem beenden?","cg-taskmanager-beenden (copy 3).JPG","<p>Gelegentlich lässt sich eine Anwendung nicht mehr auf dem vorgesehenen Weg schließen.</p><p><strong style=""color: rgb(0, 128, 0);"">So beendet man eine nicht mehr funktionierende Anwendung:</strong></p><ul><li><strong style=""color: rgb(0, 128, 0);"">Task-Manager</strong><span style=""color: rgb(0, 128, 0);""> </span>aufrufen:</li><li class=""ql-indent-1"">Rechtsklick auf die Taskleiste - Task-Manager</li><li class=""ql-indent-1"">mit StRG+Umschalt+ESC</li><li>Anwendung markieren</li><li>Schaltfläche <strong style=""color: rgb(0, 128, 0);"">Task beenden</strong> anklicken</li><li>Warnhinweis bestätigen</li></ul>","cg-taskmanager-beenden (copy 2).JPG",,"0","1","24 Taskmanager Task beenden",,,"1605025931000","FALSE",,"510","511"
"1605007583000","<p><span style=""color: rgb(128, 128, 128);"">Bild: In den </span><strong style=""color: rgb(128, 128, 128);"">Eigenschaften der Verknüpfung</strong><span style=""color: rgb(128, 128, 128);""> findet man den Speicherort des verknüpften Objekts.</span></p><p><strong style=""color: rgb(0, 128, 0);"">Eine Verknüpfung ermöglicht einen Zugriff auf Dateien, Ordner oder Programme.</strong></p>","1","Wozu dient eine Verknüpfung? Welche Aussagen sind richtig?","cg_verknuepfung_ziel.jpg","<p><span style=""color: rgb(128, 128, 128);"">Bild: Verknüpfung zu einem </span><strong style=""color: rgb(0, 0, 0);"">Ordner</strong><span style=""color: rgb(128, 128, 128);"">, zum </span><strong style=""color: rgb(0, 0, 0);"">Programm </strong><span style=""color: rgb(128, 128, 128);"">Excel und zur </span><strong style=""color: rgb(0, 0, 0);"">Datei</strong><span style=""color: rgb(0, 0, 0);""> </span><span style=""color: rgb(128, 128, 128);"">Protokoll</span></p><p><span style=""color: rgb(51, 51, 51);"">Verknüpfungen erkennt man am </span><strong style=""color: rgb(0, 128, 0);"">Verknüpfungspfeil</strong><span style=""color: rgb(0, 128, 0);""> </span><span style=""color: rgb(0, 0, 0);"">und sie können einfach mit der rechten Maustaste auf die Datei und ""Verknüpfung erstellen"" angelegt werden.</span></p><p><span style=""color: rgb(51, 51, 51);"">Eine Verknüpfung ist eine Verbindung zu einer Datei, einem Ordner oder einem Programm auf dem Computer.</span></p><p>Über eine Verknüpfung kann man Ordner, Dateien oder Programme von einem anderen Speicherort (z. B. Desktop) aus öffnen.</p>","cg_verknuepfungen.jpg",,"0","0","23 Verknüpfung",,,"1605025931000","FALSE",,"508","509"
"1605007589000","<p>Zus&#228;tzlich kann man &#252;berpr&#252;fen, ob der Drucker Fehlermeldungen auf seinem Display anzeigt oder diese mit LEDs signalisiert.</p><p>Die installierten Drucker findet man in den Windows-Einstellungen in der Rubrik Ger&#228;te.</p>","1","Ein Dokument wird nicht ausgedruckt. Was kann man sinnvollerweise sofort überprüfen?",,"<p>Bild: Fehlermeldungen von Drucker</p><p>Die installierten Drucker findet man in den Windows-Einstellungen in der Rubrik Ger&#228;te.</p>",,"cg-drucker-fehler.JPG","0","0","38 Druckerstörung",,,"1605025931000","FALSE","512",,
"1605007595000","<p>Ein <strong style=""color: rgb(0, 128, 0);"">Backup</strong><span style=""color: rgb(0, 128, 0);""> </span>kann</p><ul><li>über das Netzwerk auf einem Backup-Server,</li><li>direkt auf einer externen Festplatten oder z. B.</li><li>auf einem USB-Speicherstick</li></ul><p>erstellt werden.</p>","1","Wie wird eine Sicherungskopie noch genannt?","cg_backup.jpg","<p>Ein <strong style=""color: rgb(0, 128, 0);"">Backup</strong><span style=""color: rgb(0, 128, 0);""> </span>kann auf einem Backup-Server, einer externen Festplatte oder auch auf einem USB-Speicherstick erstellt werden.</p>","cg_backup.jpg",,"0","0","25 Backup",,,"1605025931000","FALSE",,"513","513"
"1605007602000","<p>Sofort nach dem Einschalten überprüft der Computer den Arbeitsspeicher und andere Hardwarekomponenten wie z. B. Festplatten.</p><p>Danach wird nach einem Betriebssystem gesucht und dieses dann geladen.</p>","1","Was geschieht immer beim Einschalten eines Computers?","cg_pcstart.jpg","<p>Die Hardware wird &#252;berpr&#252;ft und anschlie&#223;end das Betriebssystem geladen.</p>","cg_pcstart.jpg",,"0","1","27 Computerstart",,,"1605025931000","FALSE",,"516","516"
"1605007764000",,"1","Wie nennt man so eine Darstellung? C:\Eigene Dateien\Rechnungen\Jahr 2019\Ausgaben\","cg_pfad.jpg","<p><span style=""color: rgb(128, 128, 128);"">Bild: Pfad zum Ordner </span><strong style=""color: rgb(128, 128, 128);"">Beispielbilder</strong></p><p><span style=""color: rgb(128, 128, 128);"">C:\Dokumente und Einstellungen\All Users\Dokumente\Eigene Bilder\Beispielbilder</span></p><p>Ein <strong style=""color: rgb(0, 128, 0);"">Pfad</strong><span style=""color: rgb(0, 128, 0);""> </span>beschreibt die Position eines Ordners oder einer Datei im Verzeichnisbaum.</p><p>Ein Pfadname besteht aus einer:</p><ul><li><strong style=""color: rgb(0, 128, 0);"">Datenträgerbezeichnung</strong><span style=""color: rgb(0, 128, 0);""> </span><span style=""color: rgb(0, 0, 0);"">(z. B.</span><span style=""color: rgb(0, 128, 0);""> </span><strong style=""color: rgb(0, 128, 0);"">C:</strong><span style=""color: rgb(0, 0, 0);"">) </span>und einer</li><li>Liste von <strong style=""color: rgb(0, 128, 0);"">Verzeichnisnamen.</strong></li></ul><p><span style=""color: rgb(0, 0, 0);"">Die Einträge im Pfad werden durch je einen </span><strong style=""color: rgb(0, 128, 0);"">Backslash \</strong><span style=""color: rgb(0, 128, 0);""> </span><span style=""color: rgb(0, 0, 0);"">getrennt.</span></p>","cg_pfad.jpg",,"0","1","29 Pfad",,,"1605025931000","FALSE",,"519","519"
"1605017881000","<p>Die Laufwerksbezeichnungen A: und B: sind aus historischen Gr&#252;nden f&#252;r Diskettenlaufwerke reserviert.</p><p>Festplatten beginnen mit <strong><span style=""color: #008000;"">C:</span></strong>, weitere Platten und optische Laufwerke k&#246;nnen die Bezeichnung <span style=""color: #008000;""><strong>D:</strong>, <strong>E:</strong></span> etc. haben.</p>","1","Welche Bezeichnung hat die Festplatte im Normalfall?","cg-laufwerke (copy 1).JPG","<p>Festplatten werden mit <strong style=""color: rgb(0, 128, 0);"">Buchstaben</strong><span style=""color: rgb(0, 128, 0);""> und einem anschließenden </span><strong style=""color: rgb(0, 128, 0);"">Doppelpunkt</strong><span style=""color: rgb(0, 128, 0);""> </span>bezeichnet:</p><p>Festplatten beginnen mit <strong style=""color: rgb(0, 128, 0);"">C:</strong>, weitere Platten können die Bezeichnung <strong style=""color: rgb(0, 128, 0);"">D:</strong><span style=""color: rgb(0, 128, 0);"">, </span><strong style=""color: rgb(0, 128, 0);"">E:</strong> etc. haben.</p><p>Bild: Übersicht <strong>Dieser PC</strong> in der Ansicht <strong>Große Symbole </strong></p>","cg-laufwerke.JPG",,"0","1","28 Festplatte C",,,"1605025931000","FALSE",,"517","518"
"1605017888000","<p>In der Detailansicht erkennt man die Verkn&#252;pfungen am Typ.</p>","1","Welche Icons stellen eine Verknüpfung dar?","cg_verknuepfung_detail-2.jpg","<p>Verkn&#252;pfungen erkennt man am <span style=""color: #008000;""><strong>Verkn&#252;pfungspfeil</strong></span></p>","cg_verknuepfung-4.jpg","cg_verknuepfung-2.jpg","0","0","30 Verknüpfungen",,,"1605025931000","FALSE","521","522","520"
"1605018816000","<p>Zu einer Dateinamenerweiterung kann es mehrere passende Programme geben, jedoch nur ein Standardprogramm, das sich mit Doppelklick öffnet.</p><p>Wurde eine Dateinamenerweiterung irrtümlich gelöscht oder geändert, kann sie durch das Umbenennen der Datei wieder herstellt werden.</p><p>In Windows werden die Dateinamenerweiterungen&nbsp;ausgeblendet. Man kann sie aber sichtbar machen:</p><p>Windows Explorer: Ansicht - Optionen - Ordneroptionen - Ansicht: Hakerl entfernen bei <strong>Erweiterungen bei bekannten Dateitypen</strong> <strong>ausblenden</strong></p><p>&nbsp;</p>","1","Was passiert, wenn man die Dateinamenerweiterung ändert oder löscht?",,"<p>Das Betriebssystem Windows erkennt an der Dateinamenerweiterung, welche Art von Informationen eine Datei enthält und mit welchem Programm die Datei geöffnet werden soll.</p><p>So werden z. B. DOCX-Dateien dem Programm Word zugeordnet.</p><p>Löscht man die Erweiterung, so kann die Datei nicht mehr mit dem richtigen Programm geöffnet werden - <strong style=""color: rgb(0, 128, 0);"">die Zuordnung zum Programm geht verloren.</strong></p><p><strong style=""color: rgb(0, 128, 0);"">Einige Dateiendungen:</strong></p><p><strong style=""color: rgb(0, 128, 0);"">txt:</strong><span style=""color: rgb(0, 128, 0);""> </span><span style=""color: rgb(0, 0, 0);"">In Dateien mit dieser Endung wird nur Text gepeichert.</span></p><p><strong style=""color: rgb(0, 128, 0);"">rtf:</strong><span style=""color: rgb(0, 128, 0);""> </span><span style=""color: rgb(0, 0, 0);"">Ein von Microsoft eingeführtes Format.</span></p><p><strong style=""color: rgb(0, 128, 0);"">pdf:</strong><span style=""color: rgb(0, 128, 0);""> </span><span style=""color: rgb(0, 0, 0);"">Sehr häufig verwendetes Format. Dokomente können in diesem Format gespeichert und leicht zur Verfügung gestellt werden.</span></p><p><strong style=""color: rgb(0, 128, 0);"">jpg:</strong><span style=""color: rgb(0, 128, 0);""> </span><span style=""color: rgb(0, 0, 0);"">Komprimierte Bilddatei. Digitalkameras erzeugen hauptsächlich diese Bilddateien.</span></p><p><strong style=""color: rgb(0, 128, 0);"">zip:</strong><span style=""color: rgb(0, 128, 0);""> </span><span style=""color: rgb(0, 0, 0);"">Zip-Dateien können Ordner und Dateien beinhalten. Die Dateien benötigen geringeren Speicherplatz als im Original.</span></p><p>&nbsp;</p>",,,"0","1","31 Erweiterung löschen",,,"1605025931000","FALSE",,,
"1605020394000","","1","Welche Aufgaben können mithilfe des Windows Explorers durchgeführt werden?",,"<p><span class=""aCOpRe"">Der Windows-Explorer ist der Dateimanager des Betriebssystems.<br /></span></p><p>Mit dem <span class=""aCOpRe"">Windows-Explorer</span> k&#246;nnen folgende Aufgaben erledigt werden:</p><p><span style=""color: #008000;""><strong>Anlegen, Speichern, Verschieben, Kopieren</strong> <span style=""color: #333333;"">und</span> <strong>L&#246;schen</strong> von <strong>Dateien</strong> <span style=""color: #333333;"">und</span> <strong>Ordnern</strong></span></p>",,,"0","0","32 Betriebssystem",,,"1605025931000","FALSE",,,
"1605020585000","","1","Mit welcher Taste ruft man die Hilfe auf?",,"<p>In fast allen Programmen erreicht man die Hilfefunktion &#252;ber die Taste <span style=""color: #008000;""><strong>F1</strong></span>.</p>",,,"0","1","34 Hilfetaste",,,"1605025931000","FALSE",,,
"1605020600000",,"1","Mit welcher Tastenkombination kann man in die Zwischenablage kopieren?",,"<p><span style=""color: #008000;""><strong>N&#252;tzliche Tastenkombinationen:</strong></span></p><ul><li><strong>Strg+c</strong>&#160;&#160; Kopieren in die Zwischenablage</li><li><strong>Strg+x</strong>&#160;&#160; Ausschneiden (Merke: <strong>X</strong> f&#252;r Schere) und in Zwischenablage einf&#252;gen</li><li><strong>Strg+v</strong>&#160;&#160; Einf&#252;gen aus der Zwischenablage</li></ul>",,,"0","1","33 Datei kopieren",,,"1605025931000","FALSE",,,
"1605020639000","<p>Screenshot des <span style=""color: #008000;""><strong>gesamten</strong> <span style=""color: #000000;"">Bildschirminhalts: </span></span>Taste <span style=""color: #008000;""><strong>Druck</strong></span></p><p><span style=""color: #333333;""><span style=""color: #000000;"">Screenshot des <span style=""color: #008000;""><strong>aktiven</strong> </span>Fensters:</span><strong><span style=""color: #008000;""> <strong>Alt+Druck</strong> </span><br /></strong></span></p>","1","Auf welche Taste muss man drücken, um einen Screenshot des gesamten Monitors zu machen?",,"<p>Den gesamten Bildschirm kopiert man mit der Taste <span style=""color: #008000;""><strong>Druck</strong> </span>in die Zwischenablage.</p>",,,"0","1","35 Screenshot Monitor",,,"1605025931000","FALSE",,,
"1605020786000","<p>Screenshot des aktiven Fensters: <span style=""color: #008000;""><strong>Alt+Druck</strong>&#160;</span></p><p>Screenshot des <span style=""color: #008000;""><strong>gesamten</strong> <span style=""color: #000000;"">Bildschirminhalts: </span></span>Taste <span style=""color: #008000;""><strong>Druck</strong></span></p>","1","Auf welche Tasten muss man drücken, um einen Screenshot des aktiven Fensters zu machen?",,"<p>Das aktive Fenster kopiert man mit der Tastenkombination <span style=""color: #008000;""><strong>Alt+Druck</strong> </span>in die Zwischenablage.</p>",,,"0","1","36 Screenshot Fenster",,,"1605025931000","FALSE",,,
"1605020807000","<p><span style=""color: #008000;""><strong>Speichermedien f&#252;r Backups:</strong></span></p><ul><li>externe Festplatten</li><li>Netzwerk-Festplatte (NAS)</li><li>beschreibbare DVDs (f&#252;r kleine Datenmengen)</li><li>USB-Sticks (f&#252;r kleine Datenmengen)</li></ul>","1","Auf welche Speichermedien können Sicherungskopien von Daten erstellt werden?",,"<p><span style=""color: #008000;""><strong>Speichermedien f&#252;r Backups:</strong></span></p><ul><li>externe Festplatten</li><li>Netzwerk-Festplatte (NAS)</li><li>beschreibbare DVDs</li><li>USB-Sticks</li></ul>","cg_backup_medien.jpg",,"0","0","37 Backup Medien",,,"1605025931000","FALSE",,"523",
"1605020817000","","1","Was benötigt man zur Anmeldung in einem Computernetzwerk?",,"<p>Man ben&#246;tigt <span style=""color: #008000;""><strong>Benutzername</strong> <span style=""color: #000000;"">und</span> <strong>Kennwort</strong> </span>zur Authentifizierung.</p>","cg_anmeldung_markiert.jpg",,"0","1","39 Anmeldung",,,"1605025931000","FALSE",,"468",
"1605020841000",,"1","Wie kann man nebeneinanderliegende Dateien schnell markieren?","cg_explorer-nebeneinander-markiert.jpg","<p>So markiert man nebeneinanderliegende Dateien:</p><ul><li>Erste Datei anklicken</li><li><strong style=""color: rgb(0, 128, 0);"">Umschalt-Taste</strong> gedrückt halten</li><li>Letzte Datei anklicken</li></ul>","cg_explorer-nebeneinander-markiert.jpg","cg_explorer-nebeneinander-markiert.jpg","0","1","40 Markieren",,,"1605025931000","FALSE","524","524","524"
"1605020860000","<p>Statt die Dateien mit der Maus anzuklicken, kann man auch die <span style=""color: #008000;""><strong>Leertaste</strong> </span>verwenden.</p>","1","Wie kann man nicht nebeneinanderliegende Dateien schnell markieren?",,"<p>Mit <span style=""color: #008000;""><strong>gedr&#252;ckter Strg-Taste</strong></span> die Dateien anklicken!</p><p>&#160;</p>",,"cg_explorer-verschiedene-markiert.jpg","0","1","41 Markieren",,,"1605025931000","FALSE","525",,
"1605020869000",,"1","Peter hat ein Spiel auf dem Computer installiert. Was muss er tun, damit dieses Programm entfernt wird?","cg_deinstallieren.jpg","<p>Bei der <strong style=""color: rgb(0, 128, 0);"">Deinstallation eines Programms</strong> werden die Dateien der Anwendung entfernt und - sofern nötig - Einträge in der Systemkonfiguration zurückgesetzt.</p>","cg_deinstallieren.jpg",,"0","1","42 Deinstallation",,,"1605025931000","FALSE",,"526","526"
"1605023031000","<p><span style=""color: #808080;"">Bild: Icons der Datenbankprogramme<strong> Microsoft Access</strong> und <strong>LibreOffice Base</strong></span></p><p>Die drei &#252;bereinandergelegten Scheiben symbolisieren den Plattenstapel eines Festplattenspeichers.</p>","1","Welches Symbol gehört zum Datenbankprogramm Microsoft Access?","cg_datenbank_icons.jpg","<p><span style=""color: #808080;"">Bild: Icons der Datenbankprogramme <strong>Microsoft Access</strong> und <strong>LibreOffice Base</strong></span></p><p>Die drei &#252;bereinandergelegten Scheiben symbolisieren den Plattenstapel eines Festplattenspeichers.</p>","cg_datenbank_icons.jpg","cg_office_icons.jpg","0","1","43 Icon Access",,,"1605025931000","FALSE","528","527","527"
"1605023057000","<p>Der Begriff Multimedia bezeichnet Inhalte und Werke, die aus mehreren digitalen Medien bestehen: Text, Fotografie, Grafik, Animation, Audio und Video.</p><p>Gerade beim Lernen ist es von Vorteil, wenn Informationen auf verschiedenen Kanälen präsentiert werden, z. B. ein Bild und ein Audio-Beitrag.</p><p>Der interaktive Aspekt von Multimedia ermöglicht dem/der Betrachter*in eine erfahrungsorientierte Aufnahme von Inhalten. Diese Vorteile werden insbesondere durch Lernprogramme (E-Learning) erschlossen.</p>","1","Welche der folgenden Dateien sind keine Video- oder Audiodateien?",,"<p><span style=""color: #008000;""><strong>H&#228;ufig verwendete Dateinamenerweiterungen</strong></span></p><p><span style=""color: #008000;""><strong>f&#252;r Videodateien:</strong></span></p><ul><li>mpeg, mpg</li><li>avi</li><li>mp4</li><li>mov</li><li>wmv</li></ul><p><span style=""color: #008000;""><strong>f&#252;r Audio<span style=""color: #008000;""><strong>dateien</strong></span>:</strong></span></p><ul><li>mp3</li><li>wav (unkomprimiert)</li></ul><p>&#160;</p>",,,"0","1","44 keine Video- oder Audiodatei",,,"1605025931000","FALSE",,,
"1605023133000","<p>Die Officeversionen von Microsoft verwenden ein <span style=""color: #008000;""><strong>Men&#252;band</strong></span>.</p>","1","Wie nennt man dieses Element?","cg_menueband.jpg","<p>&#220;ber die <span style=""color: #008000;""><strong>Men&#252;leiste</strong> </span>erreicht man durch Anklicken alle verf&#252;gbaren Befehle des Programms.</p>","cg_menueleiste.jpg","cg_menueleiste.jpg","0","1","45 Menüleiste",,,"1605025931000","FALSE","529","529","530"
"1605023245000","<p><strong>Windows 10 - Sprachausgabe aktivieren</strong></p><p>Name des Screenreaders in Windows 10: Sprachausgabe</p><p>Angezeigte Texte und Buttons auf dem Bildschirm kann man sich mit der Sprachausgabe von Windows 10 vorlesen lassen.</p><p>Mit der Tastenkombination Windows-Logo-Taste +STRG+N wird die Sprachausgabe gestartet und beendet.</p><p>Ein Online-Benutzerhandbuch wird sofort bei dem Starten der Sprachausgabe angeboten.</p>","1","Was kann man mit einem Screenreader-Programm machen?",,"<p><strong>Windows 10 - Sprachausgabe aktivieren</strong></p><p>Name des Screenreaders in Windows 10: Sprachausgabe</p><p>Angezeigte Texte und Buttons auf dem Bildschirm kann man sich mit der Sprachausgabe von Windows 10 vorlesen lassen.</p><p>Mit der Tastenkombination Windows-Logo-Taste +STRG+N wird die Sprachausgabe gestartet und beendet.</p><p>Ein Online-Benutzerhandbuch wird sofort bei dem Starten der Sprachausgabe angeboten.</p><p>&nbsp;</p><p>&nbsp;</p><p>&nbsp;</p><p>&nbsp;</p>",,,"0","1","09 Screenreader",,,"1605082000000","FALSE",,,
"1605025162000","<p>Durch ein automatisches Spracherkennungsprogramm wird die gesprochene Sprache erkannt und als Text wiedergegeben.</p><p>Eine mündliche Aussage wird in einem maschinellen System als Text dargestellt.</p><p>Windows hat eine Spracherkennungssoftware integriert und kann in den Windows-Einstellungen unter <em>Zeit und Sprache</em> eingerichtet werden.</p>","1","Wie können Daten in den Computer eingegeben werden?",,"",,,"0","0","46 Spracherkennungssoftware",,,"1605025931000","FALSE",,,
"1605025325000","","1","Wodurch wird der Datenverkehr überwacht?",,"<p>Aufgabe einer Firewall ist es, den Rechner (oder das Netzwerk) vor unbefugten Zugriffen zu schützen.</p><p>Die Firewall (in der Systemsteuerung zu finden oder den Windows Defender aufrufen) sollte nicht durch den/die Benutzer*in deaktiviert werden.</p>",,,"0","1","47 Firewall",,,"1605025931000","FALSE",,,
"1605025877000",,"1","Wie soll der Bildschirm bzw. der Arbeitsplatz zum Fenster ausgerichtet sein?",,"",,,"0","1","48 Arbeitsplatz",,,"1605025931000","FALSE",,,
"1605025931000",,"1","In einem Cafe wird ein nicht passwortgeschützter Internetzugang zur Verfügung gestellt. Wie nennt man diesen Zugang?",,"",,,"0","1","49 Offenes WLan",,,"1605025931000","FALSE",,,
"1605044415000",,"1","Wurde hier nach der Größe aufsteigend oder absteigend sortiert?",,"",,"dateiliste.jpg","0","1","Ordneransicht Sortierung",,,"1605045361000","FALSE","536",,
"1605044438000","","1","Welche der Speichergrößenreihen wurden absteigend sortiert?",,"<p><strong>Auftseigende Sortierung</strong> der Speichergr&#246;&#223;en:</p><p>B, KB, MB, GB, TB</p><p>oder nicht abgek&#252;rzt: Byte, Kilobyte, Megabyte, Gigabyte, Terrabyte</p>",,,"0","1","Speichergrößenreihe",,,"1605045361000","FALSE",,,
"1605044457000",,"1","Wie können nicht nebeneinanderliegende Dateien markiert werden?",,"","cg_auswahl2 (copy 1).jpg",,"0","1","Markierung nicht nebeneinander",,,"1605045361000","FALSE",,"537",
"1605044471000",,"1","Wie können nebeneinanderliegende Dateien markiert werden?",,"",,"cg_auswahl.jpg","0","1","Markierung nebeneinander",,,"1605045361000","FALSE","538",,
"1605044541000",,"1","Bei Anmeldungen müssen manchmal Kennwörter eingegeben werden. Wie sollten diese sicherheitshalber aussehen?",,"",,,"0","1","Kennwörter, Passwörter",,,"1605045361000","FALSE",,,
"1605044548000","","1","Wie kann der Taskmanager aufgerufen werden?",,"<p>Im Taskmanager k&#246;nnen nicht reagierende Anwendungen beendet werden. In diesem Fall ist Firefox markiert und k&#246;nnte mit <strong>Task beenden</strong> geschlossen werden.</p>","Taskmanager.jpg",,"0","1","Taskmanager",,,"1605045361000","FALSE",,"539",
"1605044714000",,"1","Wo findet man schnell die zuletzt bearbeiteten Dateien?",,"",,"schnellzugriff (copy 1).jpg","0","1","Schnellzugriff",,,"1605045361000","FALSE","531",,
"1605044829000",,"1","Welchen Vorteil bringt ein Online-Datenspeicher?",,"",,,"0","0","Online-Datenspeicher",,,"1605045361000","FALSE",,,
"1605045027000",,"1","Was kann hier in der Taskleiste eingestellt werden? (Pfeil)",,"","cg-tastatursprache.jpg","tastatursprache1.jpg","0","1","Tastatursprache",,,"1605045361000","FALSE","476","532",
"1605045132000",,"1","Wie wird die Maßeinheit für die Geschwindigkeit eines Downloads angegeben?",,"",,,"0","1","Download",,,"1605045361000","FALSE",,,
"1605045146000",,"1","Welche Aktion wird hier durchgeführt?",,"",,"hardware_entfernen.jpg","0","1","Hardware",,,"1605045361000","FALSE","533",,
"1605045148000",,"1","Was trifft auf Open-Source-Software zu?",,"",,,"0","1","Open-Source-Software",,,"1605045361000","FALSE",,,
"1605045181000",,"1","Wo wird die Maßeinheit MBit/s verwendet?",,"",,,"0","1","Maßeinheit Bit",,,"1605045361000","FALSE",,,
"1605045253000",,"1","Welches Programm ist für die Funktion der Tastatur zuständig?",,"",,,"0","1","Zugriff",,,"1605045361000","FALSE",,,
"1605045316000",,"1","Was trifft auf Cloudspeicher zu?",,"",,,"0","1","Speicher in der Cloud",,,"1605045361000","FALSE",,,
"1605045323000",,"1","Welche Speichermedien haben üblicherweise mehr Speicherplatz als ein USB-Stick?",,"",,,"0","0","Speichermedium",,,"1605045361000","FALSE",,,
"1605045345000","<p>Bekannte Provider sind: A1 Telekom, Drei, Vodafone...</p>","1","Wie heißt ein Anbieter, der Usern die Anbindung an das Internet ermöglicht?",,"",,,"0","1","ISP",,,"1605045361000","FALSE",,,
"1605045354000",,"1","Wo können Druckaufträge abgebrochen bzw. gelöscht werden?",,"<p>Druckauftr&#228;ge werden in einer Warteschlange gereiht. In der Systemsteuerung kann unter <strong>Ger&#228;te und Drucker anzeigen</strong> mit einem Doppelklick auf das Druckersymbol ein Fenster mit den aktuellen Druckauftr&#228;gen ge&#246;ffnet werden.</p><p>Mit dem <strong>Men&#252; Drucker</strong>, <strong>Alle Druckauftr&#228;ge abbrechen</strong>, k&#246;nnen die Druckauftr&#228;ge gel&#246;scht werden.</p><p>Dies ist gerade dann sinnvoll, wenn beim Druck der falsche Drucker ausgew&#228;hlt wurde.</p>","Druckauftrag.jpg",,"0","1","Druckaufträge",,,"1605045361000","FALSE",,"534",
"1605045361000",,"1","Wie kann in einer Firma sinnvoll zusammengearbeitet werden?",,"",,,"0","0","Zusammenarbeit Firma",,,"1605045361000","FALSE",,,
"1605045679000","","1","Was bietet ein Server den Clients an?",,"<p>In einem Netzwerk nehmen <strong style=""color: rgb(0, 128, 0);"">Clients</strong><span style=""color: rgb(0, 128, 0);""> </span>(z.B . Arbeitsplatzrechner) die Dienste von <strong style=""color: rgb(0, 128, 0);"">Servern</strong><strong> </strong>in Anspruch</p><p>Ein Server stellt den Clients Ressourcen wie Programme,&nbsp;Speicherplatz, Druck, E-Mail etc. zur Verfügung.</p><p>&nbsp;</p>","cg_server_clients.jpg",,"0","1","20 Client - Server",,,"1610441073000","FALSE",,"546",
"1605045906000",,"1","Welche Tastenkombination wird für das Auswählen von untereinanderliegenden Dateien verwendet?",,"",,,"0","1","16 Auswählen von Dateien",,,"1610441073000","FALSE",,,
"1605045918000",,"1","Wie heißt ein Anbieter, der Usern die Anbindung an das Internet ermöglicht?",,"",,,"0","1","17 ISP",,,"1610441073000","FALSE",,,
"1605045924000",,"1","Wie kann man den Begriff Internet erklären?",,"",,,"0","1","18 Internet",,,"1610441073000","FALSE",,,
"1605079789000",,"97","Johanna möchte ihre unzähligen Fotos immer mit dabeihaben. Welche Möglichkeit ist ideal?",,"",,,"0","1","04 Online-Datenspeicher",,,"1605954168000","FALSE",,,
"1605079848000","<p><strong style=""color: rgb(0, 128, 0);"">Online-Datenspeicherung</strong></p><p>Online-Speicherplatz wird von Anbietern im Internet bereitgestellt.</p><p>Anbieter für Online-Speicher sind z. B. Dropbox, Microsoft OneDrive, box.com oder Google Drive.&nbsp;</p><p>Vorteil von Online-Datenspeichern:</p><ul><li>Man kann auf seine Daten von überall über das Internet zugreifen.</li><li>Dateien und Ordner können für andere Anwender zur Ansicht oder Bearbeitung <strong>freigegeben</strong> werden.</li><li>Online-Datenspeicher kann zur Datensicherung verwendet werden.</li></ul><p>Viele Anbieter von Online-Datenspeichern erlauben kostenlos die Nutzung von Basisfunktionen mit einem eingeschränkten Speicherplatz.</p><p>Gegen monatliche Bezahlung erhält man einen größeren Speicherplatz und zusätzliche Funktionen.</p>","1","Welche Aussagen treffen auf Online-Datenspeicherung zu?",,"<p><strong style=""color: rgb(0, 128, 0);"">Online-Datenspeicherung</strong></p><p>Online-Speicherplatz wird von Anbietern im Internet bereitgestellt.</p><p>Anbieter für Online-Speicher sind z. B. Dropbox, Microsoft OneDrive, box.com oder Google Drive.&nbsp;</p><p>Vorteil von Online-Datenspeichern:</p><ul><li>Man kann auf seine Daten von überall über das Internet zugreifen.</li><li>Dateien und Ordner können für andere Anwender*innen zur Ansicht oder Bearbeitung <strong>freigegeben</strong> werden.</li><li>Online-Datenspeicher kann zur Datensicherung verwendet werden.</li></ul><p>Viele Anbieter von Online-Datenspeichern erlauben kostenlos die Nutzung von Basisfunktionen mit einem eingeschränkten Speicherplatz.</p><p>Gegen monatliche Bezahlung erhält man einen größeren Speicherplatz und zusätzliche Funktionen.</p><ul><li><strong>Online-Speicherplatz</strong> wird von Anbietern im Internet bereitgestellt. Bekannte Anbieter sind dropbox.com, drive.google.com, box.com. </li><li>Vorteil: Man kann auf seine Daten von überall über das Internet zugreifen und Dateien und Ordner für andere Anwender*innen zur Ansicht oder Bearbeitung freigeben.</li></ul>",,,"0","0","37 Onlinespeicher",,,"1605794091000","FALSE",,,
"1605080871000","<p><strong style=""color: rgb(0, 128, 0);"">Verschiedene Betriebssysteme</strong></p><ul><li><strong style=""color: rgb(0, 0, 0);"">Microsoft Windows</strong> (für Desktop PCs, Notebooks, Tablets und Smartphones)</li><li><strong>Android</strong> (Smartphones)</li><li><strong>Linux</strong> (für fast alle Computer)</li><li><strong>iOS</strong> (iPhones von Apple)</li><li><strong>Mac OS X</strong> (für Rechner von Apple)</li></ul><p><br></p><p><strong style=""color: rgb(0, 128, 0);"">Anwendungsprogramme oder auch App genannt</strong></p><ul><li><span style=""color: rgb(0, 0, 0);"">Die bekannteste Anwendungssoftware ist Microsoft Office.</span></li></ul>","1","Welchen Zusammenhang gibt es zwischen Betriebssystem und Anwendungsprogramm?",,"<p>Das Betriebssystem ist f&#252;r den Betrieb des Computer zust&#228;ndig. Es verwaltet die Speicher, &#252;bertr&#228;gt Daten und kontrolliert die Hardware.</p><p><span style=""color: #008000;""><strong>Bevor Anwendungsprogramme ausgef&#252;hrt werden, muss das Betriebssystem geladen sein.</strong></span></p>",,,"0","1","05 Betriebssystem",,,"1605794091000","FALSE",,,
"1605081750000","","1","Wie viele Daten in Megabyte kann eine Internetanbindung mit 32 Mbit/s in einer Sekunde herunterladen (vorausgesetzt die volle Bandbreite steht zur Verfügung)? 1 Byte sind 8 Bit!",,"<p>Die <strong>Download-Geschwindigkeit</strong> wird in Megabit (<strong>Mbit</strong>) gemessen. Im Gegensatz dazu wird die Menge der <strong>heruntergeladenen Daten</strong> in Megabyte (<strong>MB</strong>) gemessen. 1 Megabyte entspricht 8 Megabit.</p><p>Das bedeutet: Bei einer Download-Geschwindigkeit von 8 Megabit/sec (8 Mbit/sec) werden in einer Sekunde 8 MBit heruntergeladen, das ergibt 1 Megabyte (1 MB) Daten in der Sekunde.</p><p>Hier stellt sich die Frage, warum werden die Daten bei der Download-Geschwindigkeit in Mbit/sec und die Menge der heruntergeladenen Daten in Megabyte gemessen? Es ist einfach so: Der Provider gibt die Download-Geschwindigkeit in Mbit/sec an.</p><p>Beachte: Da hier zwei unterschiedliche Maßeinheiten gemeint sind, sollte auf die korrekte Schreibweise geachtet werden. <strong>Besonders die Gross- /Kleinschreibung des ""b"" ist sehr wichtig.</strong></p>",,,"0","1","35 Daten Mbit/sec",,,"1605082000000","FALSE",,,
"1605082000000",,"1","Wie kann dieses Fenster aufgerufen werden?",,"",,"lwc.jpg","0","1","36 C:",,,"1605082000000","FALSE","485",,
"1605086434000",,"1","Die meisten Internetzugänge...",,"",,,"0","1","20 Internetzugang",,,"1610441073000","FALSE",,,
"1605086439000",,"1","Ein Internetzugang hat eine Bandbreite bis zu 60 MBit/s. Welche Aussagen passen dazu?",,"",,,"0","0","19 Internetzugang",,,"1610441073000","FALSE",,,
"1605086674000",,"1","Ein Netzlaufwerk ...",,"",,,"0","0","22 Netzlaufwerk",,,"1610441073000","FALSE",,,
"1605086836000",,"1","Wieviel Daten kann eine Internetanbindung mit 32 MBit/s, vorausgesetzt die Bandbreite steht zur Verfügung, in einer Sekunde herunterladen? 1 Byte ist 8 Bit!",,"",,,"0","1","23 Download",,,"1610441073000","FALSE",,,
"1605087192000",,"1","Welche Maßnahmen am Arbeitsplatz haben mit Ergonomie zu tun?",,"",,,"0","0","24 Ergonomie",,,"1610441073000","FALSE",,,
"1605087461000",,"1","Wo steht, ob man ein Programm auf mehreren PCs installieren darf?",,"",,,"0","1","25 EULA",,,"1610441073000","FALSE",,,
"1605088519000",,"1","Wie stellst du fest, welches Windows-Betriebssystem auf deinem PC installiert ist?",,"",,,"0","0","27 Betriebssystem",,,"1610441073000","FALSE",,,
"1605091632000",,"1","Wozu dient ein Backup?",,"",,,"0","1","27 Backup",,,"1610441073000","FALSE",,,
"1605092152000",,"1","Wozu dient eine Bildschirmlupe?",,"",,"bildschirmlupe (copy 1).jpg","0","0","28 Bildschirmlupe",,,"1610441073000","FALSE","548",,
"1605092507000",,"1","Welche Aussagen passen für die CPU Core i7, 3,6 GHz? (3 richtig)",,"",,"cpu.JPG","0","0","24 Prozessor",,,"1610441073000","FALSE","547",,
"1605092986000",,"1","Welche Ansichten von Dateien und Ordnern gibt es?",,"","Ordner_Ansichten (copy 1).jpg",,"0","0","29 Ansichten im Windows Explorer",,,"1610441073000","FALSE",,"549",
"1605641627000",,"5","Wie kann das Menüband reduziert (minimiert) werden?","m4_registerkarte.jpg","<p>Bild: <strong>1</strong> Registerkarte, <strong>2</strong> Gruppe</p><p>Ab der Version Office 2007 ist das Men&#252;band ein Bestandteil der Benutzeroberfl&#228;che. Das Men&#252;band ist in Registerkarten unterteilt, die wiederum in Gruppen gegliedert sind. In jeder Gruppe finden sich die Befehle, die zusammenpassen.</p><p>Die Registerkarten sind standardm&#228;&#223;ig eingeblendet, die Gruppen mit den Befehlen k&#246;nnen jedoch ausgeblendet werden.</p><p>Ist auf dem Bildschirm wenig Platz, kann das Men&#252;band ausgeblendet (=reduziert) werden. Damit man sicher und problemlos das Men&#252;band wieder auf dem Bildschirm hat, gibt es mehrere M&#246;glichkeiten, einfach zu finden und fast selbsterkl&#228;rend.</p>","m4_registerkarte.jpg",,"0","1","05 Menüband reduzieren",,,"1605647856000","FALSE",,"579","579"
"1605646762000",,"5","Welche Aktion wird mit der Maus durchgeführt?",,"<p><br></p><p><span style=""color: white;"">Ist dies unerwünscht, muss ""Zellen kopieren"" ausgewählt werden.  wird automatisch weitergezählt. </span></p><p><span style=""color: white;"">Ist dies unerwünscht, muss ""Zellen kopieren"" ausgewählt werden. </span></p>",,"ausfuellen_kp.jpg","0","1","01 Autoausfüllen",,,"1605647856000","FALSE","573",,
"1605646770000",,"5","Welche Aktion wird mit der Maus ausgeführt?","k_kopieren_detail.jpg","<p><strong>Verschieben von Zellen<br /></strong></p><p>Zeige auf den Rand der Zelle. Wenn der Zeiger zu einem Verschiebungszeiger wird, ziehe die Zeilen oder Spalten an eine andere Stelle.</p><p>Der Verschiebungszeiger ist durch das <strong>Kreuzchen mit vier Pfeilen</strong> erkennbar.</p><p>Der Inhalt in der Zelle (hier 2100) bleibt <strong>nicht</strong> erhalten, er wird in eine andere Zelle <strong>verschoben</strong>.</p>","k_kopieren_detail.jpg","k_kopieren.jpg","0","1","02 Autoausfüllen",,,"1605647856000","FALSE","575","576","576"
"1605646799000",,"5","Welche Aktion wird mit der Maus ausgeführt?","k_kopieren-2-detail (copy 1).jpg","<p>Zum Kopieren von Zeilen oder Spalten halte die STRG-Taste gedr&#252;ckt, w&#228;hrend du auf den Rand der Auswahl zeigst.</p><p>Der Zeiger wird zu einem Kopierzeiger, erkennbar am <strong>Kreuzchen</strong> neben dem Mauszeiger. Ziehe die Zellen mit dem Inhalt an eine andere Stelle.</p><p>Der Inhalt in der Zelle (hier 2100) <strong>bleibt erhalten</strong>, er wird nur in eine andere Zelle <strong>kopiert</strong>.</p>","k_kopieren-2-detail (copy 1).jpg","k_kopieren-2.jpg","0","1","03 Autoausfüllen",,,"1605647856000","FALSE","578","577","577"
"1605646987000",,"5","Das Menüband wird nicht angezeigt. Dieses sollte wieder eingeblendet werden. Welche der angegebenen Möglichkeiten ist richtig?","m4_registerkarte.jpg","<p>Bild: <strong>1</strong> Registerkarte, <strong>2</strong> Gruppe</p><p>Ab der Version Office 2007 ist das Menüband ein Bestandteil der Benutzeroberfläche. Das Menüband ist in Registerkarten unterteilt, die wiederum in Gruppen gegliedert sind. In jeder Gruppe finden sich die Befehle, die zusammenpassen.</p><p><br></p>","m4_registerkarte.jpg","excel-menueband-anzeigeoptionen","0","0","04 Menüband",,,"1605647856000","FALSE","18151","579","579"
"1605647412000",,"5","Im Register Seitenlayout/Drucktitel wurde die Zeile 12 als Wiederholungszeile ausgewählt. Wie schaut das Ergebnis in der Druckvorschau aus?","m4_wiederholungszeile-2 (copy 1).jpg","<p>Abbildung: Spalten&#252;berschriften mit Name und Adresse</p><p>Umfasst ein Arbeitsblatt mehrere Seiten, k&#246;nnen die Tabellen&#252;berschriften, auch Drucktitel genannt, auf jeder Seite mit ausgedruckt werden.</p><p>So wird sichergestellt, dass die Listen mit Daten auf jeder (ausgedruckten) Seite immer beschriftet sind.</p>","m4_wiederholungszeile-2 (copy 1).jpg","m4_wiederholungszeile (copy 1).jpg","0","1","07 Drucktitel",,,"1605647856000","FALSE","582","581","581"
"1605647420000",,"5","In welchen Registerkarten findet sich die Option Gitternetzlinien Anzeigen?",,"",,"m4_gitternetz.jpg","0","0","06 Gitternetzlinien",,,"1605647856000","FALSE","584",,
"1605647426000","<p>Abbildung: Im Register <strong>Seitenlayout</strong>, Gruppe <strong>An Format anpassen</strong> findet sich die Option <strong>H&#246;he. <br /></strong>Um den Ausdruck von vier auf drei Seiten zu verringern, muss hier von <strong>Automatisch</strong> auf <strong>3 Seiten</strong> umgestellt werden.</p>","5","Ein Ausdruck einer Excel-Liste soll von vier auf drei Seiten verringert werden. Wo kann dies eingestellt werden?","m4_ausdruck_3_seiten.jpg","",,"m4_ausdruck_3_seiten.jpg","0","1","08 Ausdruck anpassen",,,"1605647856000","FALSE","585",,"585"
"1605647532000",,"5","Warum werden in der Formel (=B2/$B$6) Dollarzeichen benötigt?","m4-adressierung.jpg","<p>In Excel können Zellbezüge <strong>relativ</strong> oder <strong>absolut</strong> sein.</p><p>Bei der <strong>relativen Adressierung</strong> wird beim Kopieren der Zellbezug die Formel automatisch angepasst: Aus B6 wird z. B. B7.</p><p><strong>Absolute Adressierung</strong> bedeutet, dass immer genau auf die angegebene Zelle zugegriffen wird.&nbsp;Beim Kopieren wird der Zellbezug in der Formel nicht verändert: B6 bleibt z. B. B6. Die Dollarzeichen verhindern beim Kopieren die Anpassung der Zellbezüge.</p><p>In der Abbildung ist die absolute Adressierung notwendig, da der Jahresumsatz (Zelle B6) in jeder Formel enthalten sein soll.</p>","m4-adressierung.jpg","m4-adressierung.jpg","0","0","09 Absolute Adressierung",,,"1605647856000","FALSE","586","586","586"
"1605647559000","<p>Makros sind kleine Programme, die in Dokumente (z. B. Word, Excel) eingebettet sind. Sie k&#246;nnen sch&#228;dliche Funktionen enthalten, deshalb wird man &#246;fters beim &#214;ffnen eines Excel-Dokuments gefragt, ob Makros aktiviert werden sollen.</p><p>Makros sind ganz einfach aufgezeichnete Befehle, die nach dem Aufrufen &#252;ber das Men&#252;, &#252;ber eine Tastenkombination oder eine Schaltfl&#228;che ausgef&#252;hrt werden.</p>","5","Beim Öffnen einer Excel-Datei erhältst du folgende Meldung: SICHERHEITSWARNUNG Makros wurden deaktiviert. Inhalt aktivieren? Was sollte beim Aktivieren der Makros beachtet werden?",,"<p>Makros sind kleine Programme, die in Dokumente (z. B. Word, Excel) eingebettet sind.</p><p>Makros sind aufgezeichnete Befehle, die nach dem Aufrufen &#252;ber das Men&#252;, &#252;ber eine Tastenkombination oder eine Schaltfl&#228;che ausgef&#252;hrt werden.</p>",,,"0","0","10 Makro",,,"1605647856000","FALSE",,,
"1605647574000","<p><strong>#DIV/0!:</strong> Eine Division durch Null ist nicht m&#246;glich. Die Zelle, durch deren Inhalt dividiert wird, enth&#228;lt eine Null oder hat keinen Inhalt.</p><p><strong>#BEZUG!:</strong> Dieser Fehlerwert tritt auf, wenn ein Zellbezug ung&#252;ltig ist. Wurde eine Zelle gel&#246;scht, auf die sich die Formel bezieht?</p><p><strong>#NAME?:</strong> Dieser Fehler tritt auf, wenn Text in einer Formel von Excel nicht erkannt wird. Sehr oft ist die Ursache dieser Fehlermeldung ein Tippfehler.</p><p>&#160;</p>","5","In der Zelle A1 befindet sich die Zahl 5, die Zelle B1 ist leer. Welche Fehlermeldung erhält man in der Zelle C1?",,"<p><strong>#DIV/0!:</strong> Eine Division durch Null ist nicht m&#246;glich. Die Zelle, durch deren Inhalt dividiert wird, enth&#228;lt eine Null oder hat keinen Inhalt.</p><p><strong>#BEZUG!:</strong> Dieser Fehlerwert tritt auf, wenn ein Zellbezug ung&#252;ltig ist. Wurde eine Zelle gel&#246;scht, auf die sich die Formel bezieht?</p><p><strong>#NAME?:</strong> Dieser Fehler tritt auf, wenn Text in einer Formel von Excel nicht erkannt wird. Sehr oft ist die Ursache dieser Fehlermeldung ein Tippfehler.</p>",,"fehlermeldung-div-0.jpg","0","1","11 Fehler DIV/0",,,"1605647856000","FALSE","587",,
"1605647682000","<p>Typ falsch: Es wurde beispielsweise Text (hier: Stück) an anstelle einer Zahl eingegeben.</p><p>Als Fehlermeldung wird <strong>#WERT!</strong> ausgegeben.</p>","5","Welche Fehlermeldung erscheint in der Zelle C1?",,"<p><strong>#WERT!: </strong>Es wird ein falscher Typ verwendet. Es wird beispielsweise Text an anstelle einer Zahl eingegeben.</p><p><strong>#DIV/0!:</strong> Eine Division durch Null ist nicht möglich. Die Zelle, durch deren Inhalt dividiert wird, enthält eine Null oder hat keinen Inhalt.</p><p><strong>#BEZUG!:</strong> Dieser Fehlerwert tritt auf, wenn ein Zellbezug ungültig ist. Wurde eine Zelle gelöscht, auf die sich die Formel bezieht?</p><p><strong>#NAME?:</strong> Dieser Fehler tritt auf, wenn Text in einer Formel von Excel nicht erkannt wird. Sehr oft ist die Ursache dieser Fehlermeldung ein Tippfehler.</p><p><strong>########:</strong> Die Zahl passt nicht in die Zelle. Verbreitert man die Spalte, erscheint die Zahl.</p>",,"fehlermeldung-wert.jpg","0","1","12 Fehler Text Wert",,,"1605647856000","FALSE","588",,
"1605647779000","<p>Die Formel bezieht sich auf eine nicht mehr vorhandene Zelle: Du hast beispielsweise Zellen gel&#246;scht, auf die sich eine Formel beziehen.</p><p>Wird die Zelle B3 gel&#246;scht, erscheint in C3 die Fehlermeldung <strong>#BEZUG!</strong>.</p><p><strong>Anmerkung:</strong> Die Fehlermeldung erscheint nur, wenn die Zelle gel&#246;scht wird, nicht nur der Inhalt! Wird nur der Inhalt der Zelle B3 (Zahl 2) gel&#246;scht, wird in der Zelle C3 der Wert 0 erscheinen.</p>","5","Warum gibt es hier die Fehlermeldung #Name!?",,"",,"Name.jpg","0","1","19 Fehlermeldung Name",,,"1605647856000","FALSE","594",,
"1605647795000",,"5","Was wird angezeigt, wenn eine Zahl oder ein Text in einer Zelle nicht genug Platz hat?","m4-spalte-zu-schmal.jpg","<p>Abbildung: In der Spalte C finden sich Zahlen, die nicht genug Platz haben.</p><p>Die Spaltenbreite kann einfach ge&#228;ndert werden, indem man mit dem Cursor auf die Begrenzung zwischen C und D hinklickt und die Spalte auseinanderzieht. Die Ansicht des Cursors ist dann ein Doppelpfeil!</p>","m4-spalte-zu-schmal.jpg",,"0","1","18 Schmale Spalte",,,"1605647856000","FALSE",,"593","593"
"1605647807000","<p><strong style=""color: rgb(0, 128, 0);"">Vorteile der Ansicht des Excel-Blattes im Seitenlayout</strong></p><ul><li>Das Dokument wird so angezeigt, wie es gedruckt aussehen wird.</li><li>Es ist einfach festzustellen, wo die Seiten beginnen und enden.</li><li>Die Kopf- und Fußzeilen werden angezeigt. Eintragungen in die Kopf- und Fußzeilen können hier durchgeführt werden.</li></ul><p>Die Ansicht kann im Register <strong>Ansicht</strong> und <strong>Arbeitsmappenansichten</strong> umgestellt werden.</p>","5","Welche Vorteile hat die Ansicht Seitenlayout eines Excel-Blattes?",,"<p><strong style=""color: rgb(0, 128, 0);"">Vorteile der Ansicht des Excel-Blattes im Seitenlayout, zu finden in der Registerkarte Ansicht</strong></p><ul><li>Das Dokument wird so angezeigt, wie es gedruckt aussehen wird.</li><li>Es ist einfach festzustellen, wo die Seiten beginnen und enden.</li><li>Die Kopf- und Fußzeilen werden angezeigt. Eintragungen in die Kopf- und Fußzeilen können hier durchgeführt werden.</li><li>Wiederholungszeilen werden angezeigt.</li></ul><p>Die Ansicht kann im Register <strong>Ansicht</strong> und <strong>Arbeitsmappenansichten</strong> umgestellt werden.</p>",,,"0","0","17 Ansicht Seitenlayout",,,"1605647856000","FALSE",,,
"1605647818000","<p>Abbildung: Im Register <strong>Seitenlayout</strong>, Gruppe <strong>Seiten einrichten</strong> findet sich die Option <strong>Format. </strong></p>","5","In welcher Registerkarte kann das Format des Tabellenblattes von A4 auf A5 umgestellt werden?","m4-format_umstellen.jpg","","m4-format_umstellen.jpg","m4-format_umstellen.jpg","0","1","16 Format umstellen",,,"1605647856000","FALSE","592","592","592"
"1605647828000",,"5","Welche Aktion wird mit der Maus ausgeführt?","m4_markieren.jpg","<p><strong style=""color: rgb(0, 128, 0);"">Markieren von Zellen, Zeilen oder Spalten</strong></p><p><strong>Markieren einer Zelle:</strong> Klicke auf die Zelle.</p><p><strong>Markieren mehrerer Zellen:</strong> Klicke (und halte den Maustaster gedrückt) auf die erste Zelle und ziehe den Mauszeiger bis zur letzten Zelle. Für nicht nebeneinander liegenden Zellen verwendet man zusätzlich die STRG-Taste.</p><p><strong>Markieren von Spalten oder Zeilen:</strong> Klick auf die Spalten- oder Zeilenüberschrift.</p>",,"m4_markieren.jpg","0","1","15 Markieren",,,"1605647856000","FALSE","591",,"591"
"1605647847000",,"5","Welche Fehlermeldung erscheint in der Zelle C3, wenn die Zelle B3 gelöscht wird? (Es wird die ganze Zelle gelöscht, nicht nur der Inhalt!)","m4-fehlermeldung3.jpg","<p>Die Formel bezieht sich auf eine nicht mehr vorhandene Zelle: Du hast beispielsweise Zellen gel&#246;scht, auf die sich eine Formel bezieht.</p><p>Wird die Zelle B3 gel&#246;scht, erscheint in C3 die Fehlermeldung <strong>#BEZUG!</strong>.</p><p><strong>Anmerkung:</strong> Die Fehlermeldung erscheint nur, wenn die Zelle gel&#246;scht wird, nicht nur der Inhalt! Wird nur der Inhalt der Zelle B3 (Zahl 2) gel&#246;scht, wird in der Zelle C3 der Wert 0 erscheinen.</p>","m4-fehlermeldung3.jpg","m4-fehlermeldung3.jpg","0","1","14 Fehlermeldung Bezug",,,"1605647856000","FALSE","590","590","590"
"1605647856000",,"5","Warum werden in der Formel (=A4*B4) keine Dollarzeichen benötigt?","m4-adressierung_rel.jpg","<p>In Excel können Zellbezüge <strong>relativ</strong> oder <strong>absolut</strong> sein.</p><p>Bei der <strong>relativen Adressierung</strong> wird beim Kopieren der Zellbezug der Formel automatisch angepasst: Aus B4 wird z. B. B5.</p><p><strong>Absolute Adressierung</strong> bedeutet, dass immer genau auf die angegebene Zelle zugegriffen wird.&nbsp;Beim Kopieren wird der Zellbezug in der Formel nicht verändert: B6 bleibt z. B. B6. Die Dollarzeichen verhindern beim Kopieren die Anpassung der Zellbezüge.</p>","m4-adressierung_rel.jpg","m4-adressierung_rel.jpg","0","1","13 Relative Adressierung",,,"1605647856000","FALSE","589","589","589"
"1605684244000","<p>Unter Information Diving versteht man den Diebstahl von Daten, die unachtsam weggeworfen wurden. In Altpapiercontainern oder auf Festplatten von ausgemusterten Rechnern liegen Daten, die missbraucht werden k&#246;nnen.</p>","65","Betrüger nehmen weggeworfene Kontoauszüge, Rechnungen und Briefe aus dem Altpapiercontainer und verwenden die daraus gewonnenen Informationen in krimineller Art und Weise. Wie nennt man diese Art der illegalen Informationsbeschaffung?",,"<p>Unter <strong>Information Diving</strong> versteht man den Diebstahl von Daten, die unachtsam weggeworfen wurden. In Altpapiercontainern oder auf Festplatten von ausgemusterten Rechnern liegen Daten, die missbraucht werden k&#246;nnen.</p>",,,"0","1","31 Information Diving",,,"1605782153000","FALSE",,,
"1605684509000",,"65","Welche Aufgabe hat ein Keylogger-Programm?",,"<p>Keylogger sind Programme, die Tastatureingaben (auch am Smartphone) mitprotokollieren (aufzeichnen). So können Hacker an Passwörter gelangen.</p>",,,"0","0","33 Keylogger",,,"1605782153000","FALSE",,,
"1605684515000",,"65","Welche Aussagen über Antiviren-Programme sind richtig?",,"<p>Ein Antiviren-Programm sucht Dateien nach Viren ab.</p><p>Microsoft Windows 10 beinhaltet den Defender, ein Virenschutz zur Erkennung von potenziell unerwünschter Software.</p><p>Der <strong>Windows Defender</strong> ist unter <strong>Windows 10</strong> bereits vorinstalliert. Damit erübrigt sich für die meisten Anwender die Notwendigkeit einen weiteren Virenschutz zu erwerben.</p><p>Bei einem Computerkauf findet sich meistens ein weiteres, nach einer gewissen Zeit kostenpflichtiges,&nbsp;Virenschutzprogramm. Dies kann deinstalliert werden und der Microsoft Defender ist dann automatisch aktiv.</p>",,,"0","0","02 Antivirenprogramme",,,"1611865134000","FALSE",,,
"1605684566000",,"65","Was ist ein Backup?",,"<p>Im Falle eines Datenverlustes sollen die Daten aus einem Backup wieder zurückkopiert und so wiederhergestellt werden.&nbsp;</p><p>Dafür ist ein Konzept bzw. eine Ablaufplanung notwendig: Wie oft und wann wird ein Backup erstellt? Wird laufend ein Backup erstellt? Funktioniert das Wiederherstellen aus einem Backup?</p><p>Begriffe: Backup erstellen, Wiederherstellung aus einem Backup (Restore)</p>",,,"0","1","05 Backup",,,"1611865134000","FALSE",,,
"1605685635000",,"65","Welche Aussagen über Backup sind richtig?",,"<p>Im Falle eines Datenverlustes sollen die Daten aus einem Backup wieder zurückkopiert und so wiederhergestellt werden.&nbsp;</p><p>Dafür ist ein Konzept bzw. Ablaufplanung notwendig:</p><ul><li>Wie oft und wann wird ein Backup erstellt?</li><li>Wird laufend ein Backup erstellt?</li><li>Funktioniert das Wiederherstellen aus einem Backup?</li></ul><p>Begriffe: Backup erstellen, Wiederherstellung aus einem Backup (Restore)</p>",,,"0","0","06 Backup",,,"1611865134000","FALSE",,,
"1605686018000",,"65","Welche Funktionen hat eine auf dem Computer aktivierte Kindersicherung?",,"<p>Für Kinder sollte der Zugriff zum Internet eingeschränkt werden:</p><ul><li>Zeitliche Einschränkung: <strong>Kindersicherung</strong> (Software) oder Einstellung am Modem (wird vom Provider zur Verfügung gestellt)</li><li>Inhaltliche Einschränkung: Ein Inhaltefilter verhindert den Zugriff auf Webseiten mit ungeeignete Inhalten.</li></ul>",,,"0","0","34 Kindersicherung",,,"1605782153000","FALSE",,,
"1605686078000",,"65","Welche Aussage ist bezüglich Makros richtig?",,"<p>Makros sind kleine Programme, die in  Dokumente (z. B. Word, Excel) eingebettet sind. Sie k&#246;nnen sch&#228;dliche Funktionen enthalten, deshalb wird man &#246;fters beim &#214;ffnen eines Excel-Dokuments gefragt, ob Makros aktiviert werden sollen.</p>",,,"0","0","35 Makroviren",,,"1605782153000","FALSE",,,
"1605686102000",,"65","Was gehört zu Malware?",,"<p>Malware ist ein &#220;berbegriff f&#252;r unerw&#252;nschte, sch&#228;dliche Software</p>",,,"0","0","36 Malware",,,"1605782153000","FALSE",,,
"1605686585000",,"65","Wie sollte ein sicheres Passwort aussehen?",,"<p>Sichere Passw&#246;rter haben mindestens acht Buchstaben, Zahlen und Sonderzeichen. F&#252;r jeden Zugang sollte ein eigenes Passwort verwendet werden.</p><p>Beispiel, Erstellung eines Passwortes aus einem Satz, zus&#228;tzlich sind noch weitere Zeichen eingef&#252;gt:</p><p>Mein Gro&#223;vater ist 1935 geboren. M#G-i35g</p>",,,"0","1","37 Passwörter",,,"1605782153000","FALSE",,,
"1605687246000",,"65","Welche Aussagen über Botnets sind korrekt?",,"<p>Bots sind automatisierte Computerprogramme, die infizierte Computer zu einer Gruppe zusammenschließen. Die Betreiber von Botnets missbrauchen fremde Computer z. B. für den Versand von Spam- oder Phishingmails.</p><p>Die Besitzer*innen der infizierten PCs bekommt diese Vorgänge gar nicht mit.</p>",,,"0","0","08 Botnet",,,"1611865134000","FALSE",,,
"1605689916000",,"65","Ein Computerwurm ...",,"<p>Ein Computerwurm ist eine Malware, die sich auf einem Computer bzw. innerhalb eines Computernetzwerks selbstständig vervielfältigt. Der Benutzer / die Benutzerin bemerkt sehr oft nicht, dass das System befallen ist.</p><p>Bundesamt für Sicherheit in der Informationstechnik:</p><p><a href=""https://www.bsi-fuer-buerger.de/BSIFB/DE/Risiken/SpamPhishingCo/GefaelschteAbsenderadressen/falsche_Absender.html"" rel=""noopener noreferrer"" target=""_blank"">https://www.bsi-fuer-buerger.de/BSIFB/DE/Risiken/SpamPhishingCo/GefaelschteAbsenderadressen/falsche_Absender.html</a></p>",,,"0","0","12 Computerwurm",,,"1611865134000","FALSE",,,
"1605689969000",,"65","Rootkits ...",,"<p>Ein Rootkit ist ein Programm, das Viren im Betriebssystem versteckt, sodass Antiviren-Programme sie nicht entdecken.</p><p><strong>Die Schadsoftware ist oft ein Paket von Typen von Malware.</strong> Beispielsweise ist die Schadsoftware Sality zugleich ein Trojaner, Data Stealer, Keylogger und Rootkit!</p><p>Information und Beispiel vom Bundesamt für Sicherheit in der Informationstechnik:</p><p><a href=""https://www.bsi-fuer-buerger.de/BSIFB/DE/Risiken/BotNetze/WeitereBotNetze/Sality.html"" rel=""noopener noreferrer"" target=""_blank"">https://www.bsi-fuer-buerger.de/BSIFB/DE/Risiken/BotNetze/WeitereBotNetze/Sality.html</a></p>",,,"0","0","41 Rootkit",,,"1605782153000","FALSE",,,
"1605716766000","<p>Cookies sind kleine Textdateien, die Informationen über eine besuchte Website auf dem PC des Benutzers/ der Benutzer*in beinhalten: Wie lange besuchte man die Webseite, welche Verkaufsartikel wurden angesehen und anderes mehr. Der Benutzer/ die Benutzer*in wird gefragt, ob Cookies zugelassen oder blockiert werden sollen. Viele Webseiten funktionieren nur, wenn Cookies zugelassen werden. Beispiel: Online Banking Cookies können vom Computer durch den Benutzer/ die Benutzer*in gelöscht werden: Microsoft Edge: Verlauf, Browserdaten löschen</p>","65","Welche Aussagen sind bezüglich Cookies richtig?",,"",,,"0","0","13 Cookies",,,"1611865134000","FALSE",,,
"1605717024000",,"65","Was ist ein Grund dafür Cookies regelmäßig zu löschen?",,"<p>Cookies sind kleine Textdateien, die Informationen über eine besuchte Website auf dem PC des Benutzers beinhalten: Wie lange besuchte man die Webseite? Welche Verkaufsartikel wurden angesehen? ...und anderes mehr.</p>",,,"0","0","14 Cookies",,,"1611865134000","FALSE",,,
"1605717045000",,"65","Welche Absicht haben Cracker?",,"<p>Cracker umgehen Zugriffsbarrieren (z. B. die Firewall) von Computer- und Netzwerksystemen in der Absicht, an Daten wie Kreditkartendaten, Zugangskennungen und Passwörtern zu gelangen. Cracker möchten auch Schaden anrichten.</p>",,,"0","0","15 Cracker",,,"1611865134000","FALSE",,,
"1605717321000",,"65","Was versteht man unter Cybercrime?",,"<p>Unter Cybercrime bezeichnet Vergehen bzw. Verbrechen in Zusammenhang mit dem Internet.</p>",,,"0","1","16 Cybercrime",,,"1611865134000","FALSE",,,
"1605719962000",,"65","Was sind wichtige Funktionen eines Backdoor-Programms?",,"<p>Ein Backdoor-Programm erlaubt es Dritten, einen PC fernzusteuern und auch für kriminelle Zwecke zu verwenden.</p><p>Wie kommt ein Backdoor-Programm auf den Computer? Ein als harmlos getarntes Programm, z. B. für einen Bildschirmhintergrund, installiert dieses Backdoor-Programm. Damit ist der Rechner infiziert.</p>",,,"0","0","04 Backdoor",,,"1611865134000","FALSE",,,
"1605719973000","<p>Ein Attachment ist ein Anhang einer E-Mail und kann beliebige Dateien enthalten: z. B. ein Kalkulations- oder Textdokument, eine ausf&#252;hrbare Datei, ein Bild, ein Film.</p><p>Attachments k&#246;nnen Malware enthalten: z. B. in einer Exceldatei mit Makro oder in einer ausf&#252;hrbaren Datei (zip, exe).</p><p>Eine gewisse Sicherheit gibt es, wenn Attachments nur von bekannten Absendern ge&#246;ffnet werden. Allerdings werden E-Mails oft von gef&#228;lschten Absenderadressen ausgeschickt!</p><p>Ein Attachment kann mit einem Virenscanner auf Malware &#252;berpr&#252;ft werden.</p>","65","Welcher Gefahren sollte man sich bei einem E-Mail mit Attachment immer bewusst sein?",,"<p>Ein Attachment ist ein Anhang einer E-Mail und kann beliebige Dateien enthalten: z. B. ein Word- oder Exceldokument, eine ausführbare Datei, ein Bild oder ein Film.</p><p>Attachments können Malware enthalten: z. B. in einer Exceldatei mit Makro oder in einer ausführbaren Datei (zip, exe).</p><p>Eine gewisse Sicherheit gibt es, wenn Attachments nur von bekannten Absendern geöffnet werden. Allerdings werden E-Mails oft von gefälschten Absender-Adressen ausgeschickt!</p><p>Ein Attachment kann mit einem Virenscanner auf Malware überprüft werden.</p>",,,"0","0","11 Attachment",,,"1611865134000","FALSE",,,
"1605719975000","<p>Antiviren-Programme blockieren Viren und fragen nach, ob diese in Quarantäne verschoben oder gleich gelöscht werden sollen.</p><p>Viren, bzw. Malware verbreiten sich und bedrohen nicht nur Computer, sondern auch mobile Geräte wie Handys und Tablets mit verschiedensten Betriebssystemen.</p>","65","Welche Aussage über Computerviren ist richtig?",,"<p>Antiviren-Programme blockieren Viren und fragen nach, ob diese in Quarantäne verschoben oder gleich gelöscht werden sollen.</p><p>Viren, bzw. Malware verbreiten sich und bedrohen nicht nur Computer, sondern auch mobile Geräte wie Smartphones und Tablets mit verschiedensten Betriebssystemen.</p>",,,"0","0","10 Computerviren",,,"1611865134000","FALSE",,,
"1605719979000","<p>Computerviren sind unerwünschte Programme, welche sich in Computerprogramme einschleusen. Durch den Aufruf des Programmes, welches das Virus infiziert hat, wird dieses aktiv und kann sich weiterverbreiten.</p><p>Antiviren-Programme durchsuchen Dateien nach Computerviren.</p>","65","Welche Funktionen können Computerviren haben?",,"<p>Computerviren sind unerwünschte Programme, welche sich unkontrolliert in Computersysteme einschleusen. Durch den Aufruf des Programmes, das der Virus infiziert hat, wird dieser aktiv und kann sich weiterverbreiten.</p><p>Antiviren-Programme durchsuchen Dateien nach Computerviren.</p>",,,"0","0","09 Computerviren",,,"1611865134000","FALSE",,,
"1605720020000",,"65","Welche Aussagen über Adware sind richtig?",,"<p>Adware setzt sich aus den Begriffen Advertising (engl. für Werbung) und Software zusammen.</p><p>Adware wird oft zur Finanzierung von Freeware verwendet und wird kostenlos zum Download angeboten.</p><p>Adware kann dazu dienen, Werbung auf dem Computer anzuzeigen, die Suchanfragen auf Werbe-Webseiten umzuleiten und marketingrelevante Daten zu erfassen. Beispielsweise wird die Art der besuchten Webseiten erfasst, um speziell auf den Benutzer/ die Benutzer*in zugeschnittene Werbung anzuzeigen. Es gibt Adware, die zusätzlich die Funktion einer Spyware hat und das Surfverhalten der Nutzer*innen ausspioniert.</p><p>Bei der Installation eines Programms muss die Adware (Antiviren-Programme, Toolbars etc.) sehr oft abgewählt werden, da diese sonst mitinstalliert wird.</p>",,,"0","0","01 Adware",,,"1611865134000","FALSE",,,
"1605720027000",,"65","Was passiert bei Pharming?",,"<p>Pharming ist eine Betrugsmethode, bei welcher der Benutzer/ die Benutzer*in auf gefälschte Webseiten umgeleitet wird.</p><p>Wie beim Phishing versucht der Betrüger an Daten zu kommen.</p><p>Technisch gesehen funktioniert Pharming durch eine Manipulation der DNS-Anfrage (Domain Name Server).</p><p>Artikel von AVG: <a href=""https://www.avg.com/de/signal/what-is-pharming"" rel=""noopener noreferrer"" target=""_blank"">https://www.avg.com/de/signal/what-is-pharming</a></p>",,,"0","1","38 Pharming",,,"1605782153000","FALSE",,,
"1605720073000","<p>Unter Phishing versteht man einen Datendiebstahl durch gef&#228;lschte E-Mails. Der Empf&#228;nger erh&#228;lt eine Aufforderung auf einer gef&#228;lschten Webseite geheime Zugangsdaten einzugeben.</p><p>Warnung durch eine Bank: <a href=""https://sicherheit.sparkasse.at/de/Aktuelle-Warnung/Archiv/2014/7/4/04-07-2014-Phishing-Mails"">https://sicherheit.sparkasse.at/de/Aktuelle-Warnung/Archiv/2014/7/4/04-07-2014-Phishing-Mails</a></p>","65","Was passiert bei Phishing?",,"<p>Unter Phishing versteht man einen Datendiebstahl durch gefälschte E-Mails. Der Empfänger/ die Empfänger*in erhält eine Aufforderung auf einer gefälschten Webseite geheime Zugangsdaten einzugeben.</p><p>Information vom Bundesamt für Sicherheit in der Informationstechnik Deutschland:</p><p><a href=""https://www.bsi-fuer-buerger.de/BSIFB/DE/Risiken/SpamPhishingCo/Phishing/phishing_node.html;jsessionid=7443E7CBFE4C646B64DB6E6D83103A80.1_cid502"" rel=""noopener noreferrer"" target=""_blank"">https://www.bsi-fuer-buerger.de/BSIFB/DE/Risiken/SpamPhishingCo/Phishing/phishing_node.html;jsessionid=7443E7CBFE4C646B64DB6E6D83103A80.1_cid502</a></p>",,"m8_phishing.jpg","0","0","39 Phishing",,,"1605782153000","FALSE","599",,
"1605720082000","<p><strong>Pretexting</strong>: Die Daten eines Opfers (z. B. Kreditkartendaten) werden unter Vorgabe einer fremden Identität besorgt. Das <strong>Vertrauen</strong> eines Opfers wird gewonnen und dieses gibt <strong>sensible Informationen</strong> heraus. Aber auch der Enkeltrick,  bei dem sich Täter als Enkel ausgeben und um <strong>Geld</strong> in einer angeblichen Notsituation bitten, gehört dazu.</p><p>Pretexting ist ein anderer Begriff für Identitätsdiebstahl und ist eine Social-Engineering-Technik, in der sich der Täter <strong>menschliche Emotionen</strong> zunutze macht und die <strong>Vernunft ausgeschaltet</strong> wird.</p><p>Artikel dazu:</p><p><a href=""https://www.stuttgarter-nachrichten.de/inhalt.pretexting-definition-mhsd.b2e3d060-f345-43e3-8541-6544e00c7ada.html"" rel=""noopener noreferrer"" target=""_blank"">https://www.stuttgarter-nachrichten.de/inhalt.pretexting-definition-mhsd.b2e3d060-f345-43e3-8541-6544e00c7ada.html</a></p>","65","Welche Aussagen passen zu Pretexting?",,"<p><strong>Pretexting</strong>: Die Daten eines Opfers (z. B. Kreditkartendaten) werden unter Vorgabe einer fremden Identität besorgt. Das <strong>Vertrauen</strong> eines Opfers wird gewonnen und dieses gibt <strong>sensible Informationen</strong> heraus. Aber auch der Enkeltrick, bei dem sich Täter als Enkel ausgeben und um <strong>Geld</strong> in einer Notsituation bitten, gehört dazu.</p><p>Pretexting ist ein anderer Begriff für Identitätsdiebstahl und ist eine Social-Engineering-Technik, in der sich der Täter <strong>menschliche Emotionen</strong> zunutze macht und die <strong>Vernunft ausgeschaltet</strong> wird.</p><p>Artikel dazu:</p><p><a href=""https://www.stuttgarter-nachrichten.de/inhalt.pretexting-definition-mhsd.b2e3d060-f345-43e3-8541-6544e00c7ada.html"" rel=""noopener noreferrer"" target=""_blank"">https://www.stuttgarter-nachrichten.de/inhalt.pretexting-definition-mhsd.b2e3d060-f345-43e3-8541-6544e00c7ada.html</a></p><p>&nbsp;</p>",,,"0","0","40 Pretexting",,,"1605782153000","FALSE",,,
"1605720149000",,"65","Welche Aussagen bezüglich Cyber-Grooming sind richtig?",,"<p>Unter Cyber-Grooming versteht man gezieltes Ansprechen von Minderjährigen im Internet mit dem Ziel der Anbahnung sexueller Kontakte.</p><p>Um Cyber-Grooming zu erkennen, gilt es wachsam zu sein, um mögliche ""falsche Identitäten"" rasch zu erkennen. Achte auf ""auffällige Verhaltensweisen"".</p><p>Weitere Tipps auf: <a href=""https://www.rataufdraht.at/themenubersicht/tests-quiz/kennst-du-grooming-tricks"" rel=""noopener noreferrer"" target=""_blank"">https://www.rataufdraht.at/themenubersicht/tests-quiz/kennst-du-grooming-tricks</a></p>",,,"0","0","17 Cyber-Grooming",,,"1611865134000","FALSE",,,
"1605720753000","<p>Die Begriffe Cyber-Mobbing, auch Internet-Mobbing, Cyber-Bullying sowie Cyber-Stalking kommen aus dem Englischen.</p><p>Darunter versteht man verschiedene Formen der Diffamierung, Belästigung, Bedrängung und Nötigung anderer Menschen oder Firmen mithilfe elektronischer Kommunikationsmittel über das Internet, in Chatrooms und allgemein in sozialen Netzwerken.</p><p>Dazu kommt noch der Diebstahl von (virtuellen) Identitäten, um im fremden Namen Beleidigungen zu verbreiten oder sogar Geschäfte zu tätigen.</p><p>Cyber-Mobbing ist unter Schüler*innen weit verbreitet. Aufklärungskampagnen in Schulen sollen Jugendliche sensibilisieren und Cyber-Mobbing verhindern.</p><p>&nbsp;</p><p>Weitere Information: <a href=""https://www.rataufdraht.at/themenubersicht/handy-internet/was-tun-gegen-cyber-mobbing"" rel=""noopener noreferrer"" target=""_blank"">https://www.rataufdraht.at/themenubersicht/handy-internet/was-tun-gegen-cyber-mobbing</a></p>","65","Was kann bei Cyber-Mobbing passieren?",,"<p>Die Begriffe Cyber-Mobbing, auch Internet-Mobbing, Cyber-Bullying sowie Cyber-Stalking kommen aus dem Englischen.</p><p>Darunter versteht man verschiedene Formen der Diffamierung, Belästigung, Bedrängung und Nötigung anderer Menschen oder Firmen mithilfe elektronischer Kommunikationsmittel über das Internet, in Chatrooms, sozialen Netzwerken.</p><p>Dazu kommt noch der Diebstahl von (virtuellen) Identitäten, um im fremden Namen Beleidigungen zu verbreiten oder sogar Geschäfte zu tätigen.</p><p>Cyber-Mobbing ist unter Schüler*innen weit verbreitet. Aufklärungskampagnen in Schulen sollen Jugendliche sensibilisieren und Cyber-Mobbing verhindern.</p>",,,"0","0","18 Cyber-Mobbing",,,"1611865134000","FALSE",,,
"1605720812000","<p>Spam bzw. Junk-E-Mails sind meist unerwünschte Werbemails für zweifelhafte Produkte wie Medikamente, Aktien oder vorgetäuschte Lottogewinne.</p>","65","Worum handelt es sich bei Spam bzw. Junk-E-Mails?",,"<p>Spam bzw. Junk E-Mails sind meist unerwünschte Werbemails für zweifelhafte Produkte wie Medikamente, Aktien oder vorgetäuschte Lottogewinne.</p>",,,"0","0","44 Spam und Junk E-Mails",,,"1605782153000","FALSE",,,
"1605720953000",,"65","Wie können Daten sicher vernichtet werden?",,"<p>Damit Informationen nicht in falsche H&#228;nde geraten, ist eine sichere Vernichtung von Daten erforderlich.</p><p>Einfaches L&#246;schen von Daten kann zu wenig sein: Gel&#246;schte Daten k&#246;nnen manchmal wiederhergestellt werden!</p>",,,"0","0","19 Datenvernichtung",,,"1611865134000","FALSE",,,
"1605721310000",,"65","Spyware ...",,"<p>Spyware forscht den Computer und das Nutzerverhalten aus und senden die Daten an den Hersteller oder andere Quellen, um diese entweder zu verkaufen oder um gezielt Werbung zu platzieren. Sehr oft ist Spyware in Adware enthalten.</p><p>Warnung des Bundeskriminalamtes Deutschland f&#252;r Firmen &#252;ber Spionagesoftware:</p><p><a href=""https://www.bka.de/SharedDocs/Kurzmeldungen/DE/Warnhinweise/200821_Cyberspionage.html"">https://www.bka.de/SharedDocs/Kurzmeldungen/DE/Warnhinweise/200821_Cyberspionage.html</a></p>",,,"0","0","44 Spyware",,,"1605782153000","FALSE",,,
"1605721373000",,"65","Welche Vorschriften gehört zur Datenschutz-Grundverordnung DSGVO bzw. welche Ziele hat die Verordnung?",,"<p>Die Datenschutz-Grundverordnung ist eine Verordnung der Europ&#228;ischen Union, mit der die Regeln zur Verarbeitung personenbezogener Daten durch die meisten Datenverarbeiter, sowohl private wie &#246;ffentliche, EU-weit vereinheitlicht werden.</p><p>Quelle: Wikipedia</p>",,,"0","0","20 DSGVO",,,"1611865134000","FALSE",,,
"1605721377000","<p>Systemadministrator*innen planen, installieren, konfigurieren und pflegen die <strong style=""color: rgb(51, 153, 102);"">IT-Infrastruktur</strong><span style=""color: rgb(51, 153, 102);""> </span>eines Unternehmens.</p><p>Sie sind für die <strong style=""color: rgb(51, 153, 102);"">Zugriffsrechte</strong><span style=""color: rgb(51, 153, 102);""> </span>auf das System zuständig.</p><p>Auch die <strong style=""color: rgb(51, 153, 102);"">Nutzung</strong><span style=""color: rgb(51, 153, 102);""> </span>muss dokumentiert werden: Welcher Nutzer/ welche Nutzer*in greift auf welche Daten zu.</p>","65","Der Systemadministrator/ die Systemadministrator*in ...",,"<p>Systemadministrator*innen planen, installieren, konfigurieren und pflegen die <strong style=""color: rgb(51, 153, 102);"">IT-Infrastruktur</strong><span style=""color: rgb(51, 153, 102);""> </span>eines Unternehmens.</p><p>Sie sind für die <strong style=""color: rgb(51, 153, 102);"">Zugriffsrechte</strong><span style=""color: rgb(51, 153, 102);""> </span>auf das System zuständig.</p><p>Auch die <strong style=""color: rgb(51, 153, 102);"">Nutzung</strong><span style=""color: rgb(51, 153, 102);""> </span>muss dokumentiert werden: Welcher Nutzer/ welche Nutzer*in greift auf welche Daten zu.</p>",,,"0","0","45 Systemadministrator",,,"1605782153000","FALSE",,,
"1605721698000",,"65","Trojaner ...",,"<p>Ein Trojaner ist ein Computerprogramm, das als nützliche Anwendung getarnt ist, im Hintergrund aber ohne Wissen des Anwenders/ der Anwender*in eine andere Funktion erfüllt.</p><p><strong>Mögliche Funktionen eines Trojaners:</strong> Löschen von Daten, Sperren von Daten, Ändern von Daten, Kopieren von Daten, Beeinträchtigen der Funktionalität von Computern oder Computernetzwerken.</p><p>Artikel von Kaspersky: <a href=""https://www.kaspersky.de/resource-center/threats/trojans"" rel=""noopener noreferrer"" target=""_blank"">https://www.kaspersky.de/resource-center/threats/trojans</a></p>",,,"0","0","46 Trojaner",,,"1605782153000","FALSE",,,
"1605722517000",,"65","Welche Eigenschaft hat ein Dialer-Programm?",,"<p>Dialer-Programme f&#252;hren die Einwahl &#252;ber das Telefonnetz zu kostenpflichtigen Mehrwertnummern unbemerkt durch und verursachen dadurch finanziellen Schaden.</p><p>Seit sich Breitbandzug&#228;nge durchgesetzt haben, sind Dialer kaum noch ein Problem.</p>",,,"0","0","22 Dialer",,,"1611865134000","FALSE",,,
"1605723029000","<p>Eine VPN-Verbindung ist ein privates Netzwerk, das ein &#246;ffentliches Netzwerk wie das Internet nutzt.</p><p>VPNs sind verschl&#252;sselte Verbindungen &#252;ber das Internet. Ein VPN erm&#246;glicht den Zugriff von au&#223;en auf ein internes Netzwerk</p>","65","Was bedeutet VPN?",,"<p>Eine VPN-Verbindung ist ein privates Netzwerk, das ein &#246;ffentliches Netzwerk wie das Internet nutzt.</p><p>VPNs sind verschl&#252;sselte Verbindungen &#252;ber das Internet. Ein VPN erm&#246;glicht den Zugriff von au&#223;en auf ein internes Netzwerk</p><p>&#160;</p>",,,"0","0","47 VPN",,,"1605782153000","FALSE",,,
"1605723527000",,"65","WEP ...",,"<p>Veraltetes Verfahren zur Verschlüsselung von drahtlosen Netzwerken (WLAN). Der Benutzer/ die Benutzer*in muss ein Passwort eingeben, und wird dann mit dem Netz verbunden. Ein Drahtlosnetzwerk mit nur einer WEP-Verschlüsselung kann ohne großen Aufwand geknackt werden.</p><p><strong>Aktuell wird WPA, WPA2, WPA3 verwendet:</strong></p><p>Abkürzung für <strong>W</strong>i-<strong>F</strong>i <strong>P</strong>rotected <strong>A</strong>ccess. Sichere Verfahren zur Verschlüsselung von drahtlosen Netzwerken (WLAN).</p>",,,"0","0","48 WEP-Verschlüsselung",,,"1605782153000","FALSE",,,
"1605726308000",,"65","Was stellt eine verschlüsselte E-Mail mit digitaler Signatur sicher?",,"<p>Eine digitale Signatur stellt sicher, dass die E-Mail vom angegebenen Absender stammt und unver&#228;ndert &#252;bermittelt wurde. Optimale Sicherheit wird durch verschl&#252;sselte und digital signierte E-Mails erreicht.</p><p><strong>Vertraulichkeit</strong>: Es wird sichergestellt, das die E-Mail von Unbefugten nicht gelesen werden kann. Damit Vertraulichkeit gew&#228;hrleistet ist, muss die E-Mail verschl&#252;sselt &#252;bertragen werden. Digital signiert bedeutet noch nicht, dass die E-Mail verschl&#252;sselt ist.</p><p><strong>Integrit&#228;t:</strong> Es wird sichergestellt, dass der Inhalt der E-Mail bei der &#220;bertragung vollst&#228;ndig und unver&#228;ndert bleibt.</p><p><strong>Authentizit&#228;t:</strong> Es wird sichergestellt, dass die E-Mail auch wirklich vom Absender stammt.</p>",,"its-email-signiert.png","0","0","23 Digitale Signatur",,,"1611865134000","FALSE","17895",,
"1605726401000",,"65","Was bedeutet Vertraulichkeit in Bezug auf eine E-Mail?",,"",,,"0","1","24 Digitale Signatur",,,"1611865134000","FALSE",,,
"1605726743000","<p>Weitere Infos: <a href=""http://www.polizei-beratung.de/themen-und-tipps/betrug/betrug-an-geldautomaten/cash-trapping.html"">http://www.polizei-beratung.de/themen-und-tipps/betrug/betrug-an-geldautomaten/cash-trapping.html</a></p>","65","Wie funktioniert Skimming am Bankomaten?",,"",,,"0","0","50 Skimming",,,"1605782153000","FALSE",,,
"1605726750000","<p><strong>Integrit&#228;t</strong>: Es muss sicher gestellt werden, dass der Inhalt der E-Mail bei der &#220;bertragung vollst&#228;ndig und unver&#228;ndert bleibt.</p>","65","Was bedeutet Integrität in Bezug auf eine E-Mail mit digitaler Signatur?",,"<p><strong>Integrit&#228;t:</strong> Es muss sicher gestellt werden, dass der Inhalt der E-Mail bei der &#220;bertragung vollst&#228;ndig und unver&#228;ndert bleibt.</p>",,,"0","1","25 Digitale Signatur",,,"1611865134000","FALSE",,,
"1605726757000","<p><strong>Authentizit&#228;t</strong>: Es muss sichergestellt werden, dass die E-Mail auch wirklich vom Absender stammt.</p>","65","Was bedeutet Authentizität in Bezug auf eine E-Mail?",,"<p><strong>Authentizit&#228;t:</strong> Es muss sichergestellt werden, dass die E-Mail auch wirklich vom Absender stammt.</p>",,,"0","1","26 Digitale Signatur",,,"1611865134000","FALSE",,,
"1605726792000",,"65","Welche Programme eignen sich zum Verschlüsseln von E-Mails?","m8_verschluesselung.jpg","<p>Bild: mit Enigmail von Thunderbird verschlüsseltes E-Mail</p><p>Eine E-Mail-Verschlüsselung wird verwendet, um vertrauliche Informationen per E-Mail vom Absender zum Empfänger zu schicken. Niemand außer dem Absender und dem Empfänger bekommen Zugang zu diesen Informationen (=Vertraulichkeit wird gewährleistet).</p>","m8_verschluesselung.jpg",,"0","0","27 E-Mail-Verschlüsselung",,,"1611865134000","FALSE",,"597","597"
"1605727138000",,"65","Eine Firewall ...","m8_firewall.jpg","<p>Bild: <strong>aktivierte Firewall Windows 10</strong></p><p>Eine Firewall ist eine Software, die auf dem zu sch&#252;tzenden Rechner installiert ist. Sie bietet einen Schutz vor Angriffen aus dem Internet. Alle aktuellen Betriebssysteme haben eine Firewall, die standardm&#228;&#223;ig aktiviert ist.</p>","m8_firewall.jpg",,"0","0","28 Firewall",,,"1611865134000","FALSE",,"598","598"
"1605727143000",,"65","Was bedeutet es, wenn eine Datei, die möglicherweise von einem Virus infiziert ist, in Quarantäne verschoben wird?",,"<p><strong>Die Quarant&#228;ne ist ein spezieller Speicher, in den Dateien verschoben werden, die m&#246;glicherweise von Viren infiziert sind.</strong></p><p>M&#246;glicherweise infizierte Objekte bzw. Dateien sind Objekte, die verd&#228;chtig sind, von Viren oder Virenmodifikationen infiziert zu sein.</p><p>Virenmodifikationen: Abge&#228;nderte Viren</p>",,,"0","0","51 Quarantäne",,,"1605782153000","FALSE",,,
"1605727227000","","65","Was fällt nicht unter Netzwerk-Administration?",,"<p>Nutzung dokumentieren bedeutet, dass aufgezeichnet wird, wer, wann auf was zugegriffen hat. Wer hat welchen Datensatz abgefragt?</p>",,,"0","1","52 Netzwerk-Administration",,,"1605782153000","FALSE",,,
"1605727246000",,"65","Welche Möglichkeiten gibt es um drahtlose Netzwerke abzusichern?",,"<p>Ein <strong>MAC-Filter</strong> ist ein <strong>Netzwerk-Zugangsschutz</strong>, der nur Ger&#228;ten mit bestimmter MAC-Adresse Zugang zum Netzwerk gestattet. Typischerweise wird ein MAC-Filter in einem LAN oder WLAN angewendet und in Form einer Tabelle im Router (Firewall) abgelegt. Ein MAC-Filter gilt aus verschiedenen Gr&#252;nden als ein sicherheitstechnisch schwacher Zugangsschutz. (Wikipedia)</p><p><strong>WPA/WPA2</strong> ist jetzt Standard und gilt als relativ sicher.</p><p><strong>WEP</strong> ist veraltet und unsicher.</p>",,,"0","0","53 MAC-Filter",,,"1605782153000","FALSE",,,
"1605727303000",,"65","Wozu ist die Eingabe eines Benutzernames notwendig?",,"",,,"0","1","54 Benutzername",,,"1605782153000","FALSE",,,
"1605727908000","<p>Dokument in Word sch&#252;tzen bzw. verschl&#252;sseln:</p><p>Datei, Speichern unter, Tools, Allgemeine Informationen</p><p>Hilfe von Microsoft:<br /><a href=""http://office.microsoft.com/de-de/support/schutzen-von-dokumenten-arbeitsmappen-oder-prasentationen-durch-kennworter-berechtigungen-und-andere-einschrankungen-HA010354324.aspx"">http://office.microsoft.com/de-de/support/schutzen-von-dokumenten-arbeitsmappen-oder-prasentationen-durch-kennworter-berechtigungen-und-andere-einschrankungen-HA010354324.aspx</a></p>","65","In welchen Programmen kann ein Dokument mit einem Kennwort zum Öffnen so geschützt werden, dass es nicht geöffnet werden kann?","m8_verschluesselung_dokument.jpg","",,,"0","1","55 Kennwort zum Öffnen",,,"1605782153000","FALSE",,,"600"
"1605727915000",,"65","Was bedeutet ethisches Hacking?",,"<p>Hacker dringen in fremde Computersysteme ein.</p><p>Ein <strong>ethischer Hacker</strong> ist ein Computer- und Netzwerk-Experte, der Sicherheitssysteme im Auftrag der Eigent&#252;mer auf Schwachstellen untersucht.</p><p>Im Prinzip arbeitet ein ethischer Hacker wie ein Hacker mit b&#246;ser Absicht, jedoch werden die Sicherheitsl&#252;cken gemeldet und geschlossen.</p>",,,"0","0","29 Ethisches Hacking",,,"1611865134000","FALSE",,,
"1605727943000","<p>Bei einem Identitätsdiebstahl bzw. Identitätsmissbrauch verwendet jemand die persönlichen Daten einer anderen Person z. B. für den Einkauf von Waren, Erlangung von Krediten oder Verleumdung in sozialen Netzwerken.</p><p>Beispiel eines Identitätsdiebstahls: <a href=""http://www.zeit.de/digital/datenschutz/2010-01/identitaetsdiebstahl-selbsterfahrung"" rel=""noopener noreferrer"" target=""_blank"">http://www.zeit.de/digital/datenschutz/2010-01/identitaetsdiebstahl-selbsterfahrung</a></p>","65","Wo liegt der Tatbestand des Identitätsdiebstahls vor?",,"<p>Bei einem Identitätsdiebstahl bzw. Identitätsmissbrauch verwendet jemand die persönlichen Daten einer anderen Person z. B. für den Einkauf von Waren, Erlangung von Krediten oder Verleumdung in sozialen Netzwerken.</p>",,,"0","1","30 Identitätsdiebstahl",,,"1611865134000","FALSE",,,
"1605728073000",,"65","Was wird als höhere Gewalt in Bezug auf Datenverlust bezeichnet?",,"",,,"0","0","31 Höhere Gewalt",,,"1611865134000","FALSE",,,
"1605728084000",,"65","Was ist ein WAN?",,"",,,"0","0","32 WAN",,,"1611865134000","FALSE",,,
"1605770026000",,"65","Wie erkennt man, dass Daten verschlüsselt im Internet (Browser) übertragen werden?","sicher (copy 1).jpg","<p><span style=""color: #008000;""><strong>Nur verschl&#252;sselte Daten sind sicher!</strong></span></p><p>Wichtige Daten sollen im Internet gesichert, also <span style=""color: #008000;""><strong>verschl&#252;sselt,</strong></span> &#252;bertragen werden.</p><p>Sichere Webseiten erkennt man am Protokoll <strong><span style=""color: #008000;""><a href=""https://sandbox.knowledgepulse.com""><span style=""color: #008000;"">https://</span></a></span> (<span style=""color: #008000;"">h</span></strong>ypertext <span style=""color: #008000;""><strong>t</strong><span style=""color: #000000;"">ransfer</span> <strong>p</strong></span>rotocol <span style=""color: #008000;""><strong>s</strong></span>ecure) und an einem geschlossenen Vorhangschloss.</p>","sicher.jpg",,"0","1","01 Daten sicher übertragen, VeriSign",,,"1606165522000","FALSE",,"602","601"
"1605770202000","<p>Malware auf dem Computer ist eine ernsthafte Gefahr!</p><p>Wenn man bemerkt, dass sich ein PC verdächtig verhält:</p><ul><li>keine Panik!</li><li>den Rechner vom Internet und lokalem Netzwerk trennen</li><li>den Rechner auf Viren überprüfen</li><li>sicherheitshalber: persönliche Daten auf externe Datenträger sichern (Fotos, Dokumente...)</li><li>wenn man sich nicht sicher ist: Hilfe bei erfahrenen Anwender*innen suchen</li></ul>","65","Der Computer verhält sich plötzlich anders: Alles funktioniert langsamer und das Antiviren-Programm ist deaktiviert. Was sollten erste Maßnahmen sein?","its-viren-scannen.png","<p>Malware auf dem Computer ist eine ernsthafte Gefahr!</p><p>Wenn man bemerkt, dass sich ein PC verdächtig verhält:</p><ul><li>den Rechner vom Internet und lokalem Netzwerk trennen</li><li>den Rechner auf Viren überprüfen</li><li>sicherheitshalber: persönliche Daten auf externe Datenträger sichern (Fotos, Dokumente...)</li><li>wenn man sich nicht sicher ist: Hilfe bei erfahrenen Anwender*innen suchen</li></ul>","its-viren-scannen.png",,"0","0","02 Computer auf Viren überprüfen",,,"1606165522000","FALSE",,"17928","17928"
"1605770250000","<p>Makros sind kleine Programme, die in&nbsp;Dokumente von Office-Programmen wie Word, Excel, Powerpoint eingebettet sind.</p><p>Makros können schädliche Funktionen enthalten, deshalb wird man sicherheitshalber beim Öffnen eines Excel- oder Word-Dokuments gefragt, ob Makros aktiviert werden sollen.</p>","65","In welchem Dateityp können Makroviren nicht enthalten sein?","m8_makro_warnung.jpg","<p>Makros sind kleine Programme, die in&nbsp;Dokumente von Office-Programmen wie Word, Excel, Powerpoint eingebettet sind.</p><p>Makros können schädliche Funktionen enthalten, deshalb wird man sicherheitshalber beim Öffnen eines Excel- oder Word-Dokuments gefragt, ob Makros aktiviert werden sollen. </p>","m8_makro_warnung.jpg",,"0","1","03 Makroviren",,,"1606165522000","FALSE",,"605","605"
"1605770379000","<p>Das Internet ist <span style=""color: rgb(0, 128, 0);"">kein rechtsfreier</span> Raum!</p><p>Im Internet gelten die gleichen Gesetze wie in der realen Welt sowie zusätzliche.</p>","65","Welche gesetzlichen Regelungen gelten im Internet?",,"<p>Das Internet ist<strong style=""color: rgb(0, 128, 0);""> Teil der realen Welt!</strong><span style=""caret-color: rgb(33, 37, 41); color: rgb(33, 37, 41); font-weight: normal; display: inline""></span></p>",,,"0","1","04 Regeln im Internet",,,"1606165522000","FALSE",,,
"1605770481000",,"65","Welcher Begriff beschreibt am besten folgende Aussage: ""Daten sollen vollständig und unverändert sein""?",,"",,,"0","1","05 Datenintegrität",,,"1606165522000","FALSE",,,
"1605770555000","<p>Wie kann man sich vor <strong style=""color: rgb(0, 128, 0);"">Drive-by-Download</strong> schützen?</p><ul><li>immer die neueste Version des Browsers verwenden</li><li>Plug-ins wie Adobe Flash oder Java immer updaten oder deaktivieren</li><li>eine aktuelle Version von Adobe Reader verwenden</li></ul>","65","Was bedeutet Drive-by-Download?",,"<p><strong style=""color: rgb(0, 128, 0);"">""Ich habe nur im Internet gesurft - jetzt hat mein Computer einen Virus! Woher kam die Malware?""</strong></p><p>Unter <strong style=""color: rgb(0, 128, 0);"">Drive-by-Download</strong> (engl. drive-by: im Vorbeifahren) versteht man das unbewusste und unbeabsichtigte Herunterladen von Software auf den Rechner eines Benutzers/ einer Benutzer*in.</p>",,,"0","1","06 Drive-by Download",,,"1606165522000","FALSE",,,
"1605774361000",,"65","Was können Hinweise auf eine gefälschte E-Banking-Webseite sein?",,"<p><strong style=""color: rgb(0, 128, 0);"">Woran erkennt man gefälschte Online-Banking Webseiten?</strong></p><ul><li>Man erhält eine E-Mail und klickt auf den Online-Banking-Link, dies sollte man nie machen!</li><li>Die URL beginnt nicht mit http<strong style=""color: rgb(255, 0, 0);"">s</strong>:// - die Verbindung ist daher nicht verschlüsselt.</li><li>Die Webseite hat kein digitales Zertifikat.</li><li>Bei falscher Eingabe des Passworts wird trotzdem die nächste Seite angezeigt.</li><li>Man wird aufgefordert geheime TANs (Transaktionsnummern) vor der Online Banking Anmeldung einzugeben.</li><li>Kontostände oder Name werden nach der Anmeldung nicht angezeigt.</li></ul><p>Betrüger versuchen mit Phishing-Mails Personen auf gefälschten Webseite zu leiten. Der Empfänger/ die Empfänger*in wird aufgefordert, auf einer gefälschten Online Banking-Seite geheime Zugangsdaten einzugeben.</p>",,,"0","0","08 Gefälschte Online-Banking Webseite",,,"1606165522000","FALSE",,,
"1605774597000","<p>Beispiele für Identitätsmissbrauch</p><p>Beispiel 1: </p><p>Eine Frau wird von Freunden darauf aufmerksam gemacht, dass auf ihrem Namen und mit ihren Fotos eine Facebookseite existiert. Auf dieser Seite werden rufschädigende Meldungen über sie und ihren Arbeitgeber gepostet. Nur eine sofortige Aussprache mit ihrem Chef und eine Anzeige bei der Polizei verhindern eine Entlassung.</p><p>Beispiel 2: </p><p>Eine junge Frau erhält Mahnungen von Inkassounternehmen für Bestellungen, die sie nie gemacht hat. Sie erfährt, dass gegen sie bereits ein Haftbefehl wegen Betrugs besteht. </p><p>Betrüger haben unter ihrem Namen umfangreiche Bestellungen getätigt, die nicht bezahlt wurden. </p><p>Nur mithilfe eines Anwalts kann sie ihren guten Ruf wieder herstellen.</p>","65","Wie kann man sich vor Identitätsdiebstahl schützen?",,"<p>Beispiele f&#252;r Identit&#228;tsmissbrauch</p><p>Beispiel 1: <br />Eine Frau wird von Freunden darauf aufmerksam gemacht, dass auf ihrem Namen und mit ihren Fotos eine Facebookseite existiert. Auf dieser Seite werden rufsch&#228;digende Meldungen &#252;ber sie und ihren Arbeitgeber gepostet. Nur eine sofortige Aussprache mit ihrem Chef und eine Anzeige bei der Polizei verhindern eine Entlassung.</p><p>Beispiel 2: <br />Eine junge Frau erh&#228;lt Mahnungen von Inkassounternehmen f&#252;r Bestellungen, die sie nie gemacht hat. Sie erf&#228;hrt, dass gegen sie bereits ein Haftbefehl wegen Betrugs besteht. <br />Betr&#252;ger haben unter ihrem Namen umfangreiche Bestellungen get&#228;tigt, die nicht bezahlt wurden. <br />Nur mithilfe eines Anwalts kann sie ihren guten Ruf wieder herstellen.</p>",,,"0","0","39 Identitätsdiebstahl Schutz",,,"1606222519000","FALSE",,,
"1605777700000","<p>Social Engineering ist eine Methode von Betr&#252;gern durch Ausn&#252;tzung von zwischenmenschlichen Beeinflussungen unberechtigt an Daten zu kommen. Hilfsbereitschaft, Kundenfreundlichkeit, Dankbarkeit, Stolz auf die Arbeit oder einfach Gutgl&#228;ubigkeit werden ausgenutzt.</p><p>Beispiel f&#252;r Social Engineering:</p><p><a href=""http://www.heise.de/security/meldung/Coca-Cola-wurde-gehackt-und-schweigt-1744493.html"">http://www.heise.de/security/meldung/Coca-Cola-wurde-gehackt-und-schweigt-1744493.html</a></p>","65","Wie funktioniert Social Engineering?",,"<p>Social Engineering ist eine Methode von Betr&#252;gern durch Ausn&#252;tzung von zwischenmenschlichen Beeinflussungen unberechtigt an Daten zu kommen. Hilfsbereitschaft, Kundenfreundlichkeit, Dankbarkeit, Stolz auf die Arbeit oder einfach Gutgl&#228;ubigkeit werden ausgenutzt.</p><p><strong>Beispiel Pretexting, ist eine Form von Social-Engineering</strong>:</p><p>Die Daten eines Opfers (z. B. Kreditkartendaten) werden unter Vorgabe einer fremden Identit&#228;t besorgt. Das <strong>Vertrauen</strong> eines Opfers wird gewonnen und dieses gibt <strong>sensible Informationen</strong> heraus. Aber auch der Enkeltrick, wo sich T&#228;ter als Enkel ausgeben und um <strong>Geld</strong> in einer Notsituation bitten, geh&#246;rt dazu.</p><p>Pretexting ist ein anderer Begriff f&#252;r Identit&#228;tsdiebstahl und ist eine Technik, in der sich der T&#228;ter <strong>menschliche Emotionen</strong> zunutze macht und die <strong>Vernunft des Opfers ausgeschaltet</strong> wird.</p>",,,"0","0","43 Social Engineering",,,"1605782153000","FALSE",,,
"1605778060000","<p><span style=""color: #008000;""><strong>Social Engineering</strong></span> ist eine Methode von Betr&#252;gern durch Ausn&#252;tzung von zwischenmenschlichen Beeinflussungen unberechtigt an Daten zu kommen.</p><p>Hilfsbereitschaft, Kundenfreundlichkeit, Dankbarkeit, Stolz auf die Arbeit oder einfach Gutgl&#228;ubigkeit werden ausgenutzt.</p><p><strong><span style=""color: #008000;"">Weitere Informationen vom Bundesamt f&#252;r Sicherheit in der Informationstechnik:</span></strong></p><p><a href=""https://www.bsi-fuer-buerger.de/BSIFB/DE/DigitaleGesellschaft/IT_Sicherheit_am_Arbeitsplatz/SoEng/Social_Engineering.html"">https://www.bsi-fuer-buerger.de/BSIFB/DE/DigitaleGesellschaft/IT_Sicherheit_am_Arbeitsplatz/SoEng/Social_Engineering.html</a></p>","65","Was ist Social Engineering?",,"<p><span style=""color: #008000;""><strong>Social Engineering</strong></span> ist eine Methode von Betr&#252;gern durch Ausn&#252;tzung von zwischenmenschlichen Beeinflussungen unberechtigt an Daten zu kommen.</p><p>Hilfsbereitschaft, Kundenfreundlichkeit, Dankbarkeit, Stolz auf die Arbeit oder einfach Gutgl&#228;ubigkeit werden ausgenutzt.</p><p><span style=""color: #008000;""><strong>Beispiel Pretexting, ist eine Form von Social-Engineering</strong>:</span></p><p>Die Daten eines Opfers (z. B. Kreditkartendaten) werden unter Vorgabe einer fremden Identit&#228;t besorgt. Das <strong>Vertrauen</strong> eines Opfers wird gewonnen und dieses gibt <strong>sensible Informationen</strong> heraus. Aber auch der Enkeltrick, wo sich T&#228;ter als Enkel ausgeben und um <strong>Geld</strong> in einer Notsituation bitten, geh&#246;rt dazu.</p><p>Pretexting ist ein anderer Begriff f&#252;r Identit&#228;tsdiebstahl und ist eine Technik, in der sich der T&#228;ter <strong>menschliche Emotionen</strong> zunutze macht und die <strong>Vernunft des Opfers ausgeschaltet</strong> wird.</p>",,,"0","1","11 Social Engineering",,,"1606165522000","FALSE",,,
"1605778065000",,"65","Welche Aussagen treffen auf Daten zu?",,"<p>Daten sind Zahlen oder Werte, die durch Messungen bzw. Beobachtungen gewonnen werden.</p><p><strong>Aus Daten werden Informationen</strong></p><p>Beispiel: Wir messen die monatlichen Niederschlagsmengen innerhalb eines Jahres. <br />Unsere Messungen f&#252;r die Monate ergeben diese Daten:</p><p>Januar:&#160;60&#160;mm, Februar:&#160;55&#160;mm, M&#228;rz:&#160;79&#160;mm, April:&#160;83&#160;mm, Mail:&#160;144&#160;mm, Juni:&#160;155&#160;mm, Juli:&#160;157&#160;mm, August:&#160;151&#160;mm, September:&#160;101&#160;mm, Oktober:&#160;73&#160;mm, November:&#160;83&#160;mm, Dezember:&#160;73&#160;mm.</p><p>Mit diesen Daten k&#246;nnen Fragen beantwortet werden:</p><ul><li>Wie hoch ist die j&#228;hrliche Niederschlagsmenge?</li><li>In welchen Monaten gibt es besonders hohe/niedrige Niederschlagsmengen?</li></ul><p>Die Antworten auf diese Fragen sind Informationen, die aus den Daten &#8211; n&#228;mlich den Messergebnissen - gewonnen wurden.</p>",,,"0","0","41 Daten - Informationen",,,"1606222519000","FALSE",,,
"1605778178000",,"65","Was ist richtig in Bezug auf die Datenschutz-Grundverordnung DSGVO?",,"<p>Die Datenschutz-Grundverordnung ist eine Verordnung der Europ&#228;ischen Union, mit der die Regeln zur Verarbeitung personenbezogener Daten durch die meisten Datenverarbeiter, sowohl private wie &#246;ffentliche, EU-weit vereinheitlicht werden. <a class=""q ruhjFe NJLBac fl"" href=""https://de.wikipedia.org/wiki/Datenschutz-Grundverordnung"" data-ved=""2ahUKEwjd09mxz9nsAhUNxosKHcVuAvEQmhMwG3oECAoQAg"">Wikipedia</a></p>",,,"0","0","42 DSGVO",,,"1606222519000","FALSE",,,
"1605778248000","<p>Weitere Info: <a href=""https://www.wko.at/service/wirtschaftsrecht-gewerberecht/EU-Datenschutz-Grundverordnung.html"">https://www.wko.at/service/wirtschaftsrecht-gewerberecht/EU-Datenschutz-Grundverordnung.htm</a>l</p>","65","Was gehört laut Datenschutz-Grundverordnung DSGVO zu den besonders schutzwürdigen Daten?",,"<p>Die Datenschutz-Grundverordnung ist eine Verordnung der Europ&#228;ischen Union, mit der die Regeln zur Verarbeitung personenbezogener Daten durch die meisten Datenverarbeiter, sowohl private wie &#246;ffentliche, EU-weit vereinheitlicht werden.</p><p>Quelle: Wikipedia</p>",,,"0","0","10 DSGVO",,,"1606165522000","FALSE",,,
"1605778310000",,"65","Eine Firma möchte einen Computer entsorgen. Wie kann sie sicher sein, dass alle Daten unwiederbringlich gelöscht sind?",,"",,,"0","0","45 Computer entsorgen",,,"1606222519000","FALSE",,,
"1605778338000",,"65","Wie lautet der Fachausdruck für Computerkriminalität in Verbindung mit dem Internet?",,"",,,"0","1","46 Cybercrime",,,"1606222519000","FALSE",,,
"1605778704000",,"65","Was versteht man unter Ethischem Hacking?",,"<p>Ein ethischer Hacker ist ein Computer- und Netzwerk-Experte, der Sicherheitssysteme im Auftrag der Eigent&#252;mer auf Schwachstellen untersucht. Im Prinzip arbeitet ein ethischer Hacker wie ein Hacker mit b&#246;ser Absicht, jedoch werden die Sicherheitsl&#252;cken gemeldet und geschlossen. <br /><br /></p>",,,"0","1","43 Ethisches Hacking",,,"1606222519000","FALSE",,,
"1605778716000",,"65","Welche der Beispiele sind typische Informationen?",,"",,,"0","0","44 Informationen",,,"1606222519000","FALSE",,,
"1605778764000","<p>Weitere Infos: <a href=""http://www.polizei-beratung.de/themen-und-tipps/betrug/betrug-an-geldautomaten/cash-trapping.html"">http://www.polizei-beratung.de/themen-und-tipps/betrug/betrug-an-geldautomaten/cash-trapping.html</a></p>","65","Betrüger haben einen Bankomaten so präpariert, dass die Bankomatkarte beim Hineinstecken kopiert und die Tastendrücke übermittelt werden. Wie nennt man diese Betrugsmethode?",,"",,,"0","1","16 Skimming",,,"1606165522000","FALSE",,,
"1605778980000","<p>Bild: <strong>Aktive Firewall</strong></p><p>Eine Firewall überwacht und beschränkt gegebenenfalls den ein- und ausgehenden Datenverkehr zwischen Netzwerken (Netzwerk-Firewall) oder zwischen einem Rechner und Netzwerk.</p>","65","Mit welcher Software wird der ein- und ausgehende Datenverkehr in einem Computernetzwerk aus dem Internet überwacht?","m8_firewall.jpg","<p>Eine Firewall überwacht und beschränkt gegebenenfalls den ein- und ausgehenden Datenverkehr zwischen Netzwerken (Netzwerk-Firewall) oder zwischen einem Rechner und Netzwerk.</p>",,,"0","1","17 Firewall",,,"1606165522000","FALSE",,,"598"
"1605779071000","","65","Was kann in einem sozialen Netzwerk in den Privatsphäre-Einstellungen festgelegt werden?",,"<p>Beispiele f&#252;r soziale Netzwerke: Facebook, Twitter</p>",,,"0","1","49 Privatsphäre-Einstellungen",,,"1606222519000","FALSE",,,
"1605779111000",,"65","Wie sollte man SPAM E-Mails behandeln?",,"<p><strong style=""color: rgb(0, 128, 0);"">Unerwünschte E-Mails</strong><span style=""color: rgb(0, 128, 0);""> </span></p><p>Als <strong style=""color: rgb(0, 128, 0);"">Spam</strong><span style=""color: rgb(0, 128, 0);""> </span><span style=""color: rgb(0, 0, 0);"">oder</span><span style=""color: rgb(0, 128, 0);""> </span><strong style=""color: rgb(0, 128, 0);"">Junk</strong><span style=""color: rgb(0, 128, 0);""> </span>(englisch für Abfall) werden unerwünschte E-Mails bezeichnet.</p><p>Spam E-Mails werben für unseriöse Produkte oder versuchen, Empfänger*innen zu Zahlungen ohne Gegenleistung zu verleiten.</p><p>Es ist sinnlos, derartige Mails zu beantworten. </p><p><strong style=""color: rgb(0, 128, 0);"">Spam sollte sofort gelöscht werden.</strong></p>",,,"0","1","18 Spam 02",,,"1606165522000","FALSE",,,
"1605780255000","<p><strong style=""color: rgb(0, 128, 0);"">Drive-by-Download</strong> bezeichnet das Herunterladen von Malware, allein durch das Aufrufen einer präparierten Webseite. Dies passiert unbemerkt durch den Benutzer/ die Benutzer*in des Computers.</p>","65","Wie nennt man die Methode, mit der sich Schadsoftware über präparierte Internetseiten und Schwachstellen des Browsers ohne Zutun des Nutzers/ der Nutzer*in selbst installiert?",,"<p>Unter <strong style=""color: rgb(0, 128, 0);"">Drive-by-Download</strong> versteht man das unbewusste und unbeabsichtigte Herunterladen von Software von einer Webseite auf den Rechner eines Benutzers/ einer Benutzer*in, ohne dass ein Link angeklickt wurde.</p>",,,"0","1","19 Drive-by-Download",,,"1606165522000","FALSE",,,
"1605780277000","<p>Beispiel einer Malware, die zugleich Funktionen von Trojaner, Dropper und Backdoor hat, Bundesamt für Sicherheit in der Informationstechnik:</p><p><a href=""https://www.bsi-fuer-buerger.de/BSIFB/DE/Risiken/BotNetze/WeitereBotNetze/Gootkit.html"" rel=""noopener noreferrer"" target=""_blank"">https://www.bsi-fuer-buerger.de/BSIFB/DE/Risiken/BotNetze/WeitereBotNetze/Gootkit.html</a></p>","65","Wie nennt man Malware, die Sicherheitsmaßnahmen eines PCs umgeht, um die Kontrolle über den Computer zu erlangen?",,"",,,"0","1","20 Backdoor",,,"1606165522000","FALSE",,,
"1605780402000",,"65","Welcher Begriff passt nicht zum Begriff Datensicherheit?",,"<p>Unter Datensicherheit versteht man den <strong style=""color: rgb(0, 128, 0);"">Schutz von Daten vor Verlust, Verfälschung und Beschädigung</strong>.</p><p>Maßnahmen für hohe Datensicherheit:</p><ul><li>regelmäßig Backups erstellen</li><li>Zugangskontrollen zu Daten</li><li>aktives Antiviren-Programm (z. B. Windows Defender)</li></ul><p>Eine Notstromversorgung und Lagerung von Backups außerhalb des Hauses erhöhen die Datensicherheit.</p>",,,"0","1","21 Datensicherheit",,,"1606165522000","FALSE",,,
"1605780409000",,"65","Welche Aussagen in Bezug auf Informationssicherheit sind richtig?",,"",,,"0","0","47 Informationssicherheit",,,"1606222519000","FALSE",,,
"1605780429000","<p>Bild: verschl&#252;sselte E-Mail</p>","65","Warum werden Daten verschlüsselt?","m8_verschluesselung.jpg","",,,"0","1","48 Verschlüsselung",,,"1606222519000","FALSE",,,"597"
"1605780440000","<p>Weitere Informationen über gängige Malware von der Firma Avast (Hersteller von Antiviren-Programmen):</p><p><a href=""https://www.avast.com/de-de/c-malware"" rel=""noopener noreferrer"" target=""_blank"">https://www.avast.com/de-de/c-malware</a></p><p>&nbsp;</p>","65","Welche Frage könnte der Virenscanner beim Fund einer Malware in einer Datei stellen?",,"",,,"0","1","50 Virenscanner",,,"1606222519000","FALSE",,,
"1605780443000",,"65","Wozu können Updates von Programmen dienen?",,"",,,"0","0","51 Updates von Programmen",,,"1606222519000","FALSE",,,
"1605780936000","<p>Weitere Informationen vom Bundesamt f&#252;r Sicherheit in der Informationstechnik zum <strong><span style=""color: #008000;"">Thema Viren und W&#252;rmer</span></strong>:</p><p><a href=""https://www.bsi-fuer-buerger.de/BSIFB/DE/Risiken/Schadprogramme/VirenWuermer/viren-wuermer.html"">https://www.bsi-fuer-buerger.de/BSIFB/DE/Risiken/Schadprogramme/VirenWuermer/viren-wuermer.html</a></p>","65","Es gibt Viren, die sich selbstständig über Computernetzwerke verbreiten. Wie heißen solche Programme?",,"",,,"0","1","22 Computerwürmer",,,"1606165522000","FALSE",,,
"1605780948000","<p><strong>Aktivieren eines Hotspots am Smartphone (Android):</strong></p><p>Einstellungen (Symbol Zahnrad), Verbindungen, Mobile Hotspot oder Tethering</p>","65","Was kann mobiles Internet bedeuten?",,"",,,"0","0","52 Drahtlosnetzwerk",,,"1606222519000","FALSE",,,
"1605780953000",,"65","Warum wird auf öffentlichen Plätzen wie Cafe oder Flughafen ein offenes WLAN angeboten?",,"",,,"0","1","53 Offenes WLAN",,,"1606222519000","FALSE",,,
"1605781756000","<p>Unerw&#252;nschte E-Mails werden als <span style=""color: #008000;""><strong>Spam</strong> </span>oder <strong><span style=""color: #008000;"">Junk</span></strong> bezeichnet. Viele E-Mailanbieter bieten an, derartige E-Mails auszusortieren (Spamfilter).</p><p>Verwalten der Junk-E-Mails in Outlook:</p><p>Option Einstellungen, E-Mail</p><p>Hier kann eingestellt werden, was mit den Junk-E-Mails passiert.</p><p>Sollen diese herausgefiltert werden, sollen sie in einen Junk-Ordner verschoben werden, welche E-Mails von welchen Absendern sollen sofort in den Junk-Ordner verschoben werden.</p>","65","Wie nennt man unerwünschte E-Mails mit z. B. einer Gewinnbenachrichtigung?",,"<p>Unerwünschte E-Mails werden als <strong style=""color: rgb(0, 128, 0);"">Spam</strong><span style=""color: rgb(0, 128, 0);""> </span>oder <strong style=""color: rgb(0, 128, 0);"">Junk</strong> bezeichnet. Viele E-Mail-Anbieter bieten an, derartige E-Mails auszusortieren (Spamfilter).</p><p><strong style=""color: rgb(0, 128, 0);"">Verwalten der Junk-E-Mails in Outlook:</strong></p><p>Option <strong>Einstellungen, E-Mail</strong></p><p>Hier kann eingestellt werden, was mit den Junk-E-Mails passiert.</p><ul><li>Sollen diese herausgefiltert werden?</li><li>Sollen sie in einen Junk-Ordner verschoben werden?</li><li>Welche E-Mails von welchen Absendern sollen sofort in den Junk-Ordner verschoben werden?</li></ul><p>&nbsp;</p>",,,"0","0","23 Spam E-Mail Gewinnnachricht",,,"1606165522000","FALSE",,,
"1605781766000","<p>Bild: Im Men&#252; Datei, Informationen kann ein Word-Dokument gesch&#252;tzt werden.</p>","65","Auf welche Arten kann ein Word-Dokument geschützt werden?","m8_word_schuetzen.jpg","<p>Bild: Im Men&#252; Datei, Informationen kann ein Word-Dokument gesch&#252;tzt werden.</p><p>Achtung: Leider ist der <strong>Schutz unsicher</strong>, da der Schutz ausgehebelt werden kann.</p>","m8_word_schuetzen.jpg",,"0","0","54 Textdatei",,,"1606222519000","FALSE",,"609","609"
"1605781890000","<p>Exe- und Bat-Dateien sind ausführbare Dateien und können Malware enthalten.</p><p>Dazu gibt es noch Makros, die in Worddateien (docx) oder Exceldateien (xlsx) enthalten sein können und schädliche Funktionen beinhalten können.</p>","65","Welche Dateiendung kennzeichnet eine ausführbare Datei und kann Malware enthalten?",,"<p>Exe- und Bat-Dateien sind ausführbare Dateien und können Malware enthalten.</p><p>Dazu gibt es noch Makros, die in Worddateien (docx) oder Exceldateien (xlsx) enthalten sein können und schädliche Funktionen beinhalten können.</p><p>Zip-Dateien können alle Dateitypen enthalten und sind daher mit großer Vorsicht zu öffnen.</p>",,,"0","1","55 Exe-Dateien",,,"1606222519000","FALSE",,,
"1605781896000",,"65","Die erste Frage einer unbekannten Person im Chat ist: ""Bist du alleine?"" Was könnte das bedeuten?",,"<p>Kinder und Jugendliche werden oft im Internet sexuell belästigt und missbraucht. Diese Frage ist typisch für Täter*innen bei der Kontaktanbahnung.</p>",,,"0","1","24 Verhalten im Chat",,,"1606165522000","FALSE",,,
"1605781913000","<p><strong>Spyware</strong> (zusammengesetzt aus <strong>Spy</strong> und Soft<strong>ware</strong>) forschen den Computer und das Nutzerverhalten aus und senden die Daten an den Hersteller oder andere Quellen, um diese entweder zu verkaufen oder um gezielt Werbung zu platzieren. Diese Form von Malware wird häufig zusammen mit anderer, nützlicher Software installiert, ohne den Anwender/ die Anwender*in zu fragen und bleibt auch häufig nach deren Deinstallation weiter tätig.</p>","65","Manchmal ist in Gratisprogrammen Software enthalten, die ungefragt Daten an Betreiber über das Internet weiterleiten. Wie nennt man diese Software?",,"",,,"0","1","25 Spyware",,,"1606165522000","FALSE",,,
"1605782053000",,"65","Was wird durch Vertraulichkeit, Integrität und Verfügbarkeit gewährleistet?",,"",,,"0","1","56 Datensicherheit",,,"1606222519000","FALSE",,,
"1605782153000","<p>Shoulder Surfing - ""&#220;ber die Schulter schauen"" - ist eine Informationsbeschaffung durch Beobachtung bei der Eingabe von Daten wie PINs oder Passw&#246;rtern.</p><p>Gerade bei Bankomaten ist es wichtig, dass man sich nicht bei der Eingabe von PINs zusehen l&#228;sst.</p><p>Artikel von Heise: <a href=""http://www.heise.de/security/meldung/Passwort-Eingabe-Was-guckst-Du-165563.html"">http://www.heise.de/security/meldung/Passwort-Eingabe-Was-guckst-Du-165563.html</a></p>","65","Wie geht Shoulder Surfing vor sich?",,"<p>Shoulder Surfing - ""&#220;ber die Schulter schauen"" - ist eine Informationsbeschaffung durch Beobachtung bei der Eingabe von Daten wie PINs oder Passw&#246;rtern.</p><p>Gerade bei Bankomaten ist es wichtig, dass man sich nicht bei der Eingabe von PINs zusehen l&#228;sst.</p>",,,"0","0","42 Shoulder Surfing",,,"1605782153000","FALSE",,,
"1605782432000","<p>Eine Verschlüsselung macht Dateien unleserlich. Nur wer den Schlüssel kennt, kann die Datei wieder lesbar machen.</p><p><br></p><p>Beispiel für die Verschlüsselung eines Klartextes in einen Geheimtext:</p><p><span style=""color: rgb(153, 51, 0);"">Dies ist ein Klartext und er wird nun verschluesselt</span></p><p><span style=""color: rgb(153, 51, 0);"">GLHVLVWHLQNODUWHAWXQGHUZLUGQXQYHUVFKOXHVVHOW</span></p><p><br></p><p>Verschlüsselung kann auf Datei- bzw. Datenträgerebene stattfinden:</p><p><br></p><p><strong>Verschlüsselung auf Dateiebene</strong>: Dateien werden beim Speichern oder beim Komprimieren mit einem Passwort verschlüsselt. Nachteil: Bei vielen Dateien ist das umständlich.</p><p><br></p><p><strong>Verschlüsselung auf Datenträgerebene</strong>: Auf dem Computer wird die Festplatte erst nach Eingabe eines Passwortes entschlüsselt. Der Benutzer/ die Benutzer*in merkt nichts von der Verschlüsselung, da diese im Hintergrund geschieht. Beim Diebstahl eines verschlüsselten Datenträgers sind alle Dateien für den Dieb unleserlich.</p><p><br></p><p>Die Professional-Versionen von Windows bieten eine derartige Verschlüsselung. Alternativ gibt es kostenlos das Programm Truecrypt.</p><p><br></p><p>Eine Verschlüsselung ist so sicher wie das Passwort: Man muss es geheim halten und regelmäßig ändern. Das Passwort soll aus Buchstaben, Ziffern und Sonderzeichen zusammensetzt sein und eine angemessene Mindestlänge aufweisen.</p>","65","Mit welchem Gratis-Programm kann man sensible Dateien verschlüsseln?",,"<p>Eine Verschlüsselung macht Dateien unleserlich. Nur wer den Schlüssel kennt, kann die Datei wieder lesbar machen.</p><p><br></p><p>Beispiel für die Verschlüsselung eines Klartextes in einen Geheimtext:</p><p><span style=""color: rgb(153, 51, 0);"">Dies ist ein Klartext und er wird nun verschluesselt</span></p><p><span style=""color: rgb(153, 51, 0);"">GLHVLVWHLQNODUWHAWXQGHUZLUGQXQYHUVFKOXHVVHOW</span></p><p><br></p><p>Verschlüsselung kann auf Datei- bzw. Datenträgerebene stattfinden:</p><p><br></p><p><strong>Verschlüsselung auf Dateiebene</strong>: Dateien werden beim Speichern oder beim Komprimieren mit einem Passwort verschlüsselt. Nachteil: Bei vielen Dateien ist das umständlich.</p><p><br></p><p><strong>Verschlüsselung auf Datenträgerebene</strong>: Auf dem Computer wird die Festplatte erst nach Eingabe eines Passwortes entschlüsselt. Der Benutzer/ die Benutzer*in merkt nichts von der Verschlüsselung, da diese im Hintergrund geschieht. Beim Diebstahl eines verschlüsselten Datenträgers sind alle Dateien für den Dieb unleserlich.</p><p><br></p><p>Die Professional-Versionen von Windows bieten eine derartige Verschlüsselung. Alternativ gibt es kostenlos das Programm Truecrypt.</p><p><br></p><p>Eine Verschlüsselung ist so sicher wie das Passwort: Man muss es geheim halten und regelmäßig ändern. Das Passwort soll aus Buchstaben, Ziffern und Sonderzeichen zusammensetzt sein und eine angemessene Mindestlänge aufweisen.</p>",,,"0","1","27 Verschlüsselung TrueCrypt",,,"1606165522000","FALSE",,,
"1605782436000","<p><strong>Artikel von Heise</strong>:</p><p><a href=""http://www.heise.de/security/meldung/Passwort-Eingabe-Was-guckst-Du-165563.html"">https://www.heise.de/security/meldung/Passwort-Eingabe-Was-guckst-Du-165563.htmlhttp</a></p>","65","Zu welcher Art von Kriminalität im Internet gehört Shoulder Surfing?",,"",,,"0","1","57 Social Engineering",,,"1606222519000","FALSE",,,
"1605782541000",,"65","Welche Eigenschaft hat Malware?",,"",,,"0","1","58 Malware",,,"1606222519000","FALSE",,,
"1605782578000","<p>Da im Netz grundsätzlich Anonymität herrscht, kann sich hinter dem User-Namen auch eine gefährliche Person verbergen, egal wie gut man sich online versteht.</p>","65","Du chattest mit ""Cooler_Typ"" in einem Internetforum. Ihr versteht euch wirklich gut. Er hat dich gefragt, ob er dich treffen kann. Wie solltest du dich verhalten?",,"",,,"0","1","28 Chat - richtiges Verhalten",,,"1606165522000","FALSE",,,
"1605782582000",,"65","Welche Funktion hat eine Firewall?",,"",,,"0","1","60 Firewall",,,"1606222519000","FALSE",,,
"1605782668000","<p><span style=""color: rgb(153, 153, 153);"">Bild: Einstellung der Verschlüsselung im WLAN-Router</span></p><p><strong>WPA</strong> und <strong>WPA2</strong> sind Verschlüsselungsmethoden für ein WLAN (Funknetzwerk).</p><p><strong style=""color: rgb(0, 128, 0);"">Nach dem aktuellen Stand der Technik kann diese Verschlüsselung nicht geknackt werden. </strong></p><p><span style=""color: rgb(0, 0, 0);"">Nur Benutzer*innen, die das richtige </span><strong style=""color: rgb(0, 0, 0);"">Kennwort</strong><span style=""color: rgb(0, 0, 0);""> haben, können ein verschlüsseltes Netzwerk nutzen. </span></p><p><span style=""color: rgb(0, 0, 0);"">Durch die Verschlüsselung der Daten bei der Übertragung sind die Daten vor unberechtigte Zugriffe sicher.</span></p>","1","Was ist WPA und WPA2, welche Vorteile haben diese?","cg_wpa.jpg","<p><span style=""color: rgb(153, 153, 153);"">Bild: Einstellung der Verschlüsselung im WLAN-Router</span></p><p><strong>WPA</strong> und <strong>WPA2</strong> sind Verschlüsselungsmethoden für ein WLAN (Funknetzwerk).</p><p><strong style=""color: rgb(0, 128, 0);"">Nach dem aktuellen Stand der Technik kann diese Verschlüsselung nicht geknackt werden. </strong></p><p><span style=""color: rgb(0, 0, 0);"">Nur Benutzer*innen, die das richtige </span><strong style=""color: rgb(0, 0, 0);"">Kennwort</strong><span style=""color: rgb(0, 0, 0);""> haben, können ein verschlüsseltes Netzwerk nutzen. </span></p><p><span style=""color: rgb(0, 0, 0);"">Durch die Verschlüsselung der Daten bei der Übertragung sind die Daten vor unberechtigte Zugriffe sicher.</span></p>","cg_wpa.jpg",,"0","0","38 WPA2",,,"1605794091000","FALSE",,"471","471"
"1605782797000","<p><strong>Was kann ich tun, um meine Daten zu schützen?</strong></p><ul><li>Sichere Passwörter haben mindestens acht <strong>Buchstaben</strong>, <strong>Zahlen</strong> und <strong>Sonderzeichen</strong>.</li><li>Sie sollen nicht leicht zu erraten sein. Verwenden Sie also nicht Geburtsdatum oder Namen von Angehörigen.</li><li>Verwenden Sie für jeden Zugang ein eigenes Passwort, besonders für wichtige Konten wie E-Mail und Online-Banking. Sonst können Betrüger mit einem erbeuteten Passwort auf mehrere wichtige Konten zugreifen.</li><li>Wichtige Daten sollten verschlüsselt gespeichert werden. Notebooks können verloren gehen oder gestohlen werden. Oft wiegt der Verlust der Daten wesentlich schwerer als die Neubeschaffung des Notebooks.</li></ul>","65","Wie sieht ein sicheres Passwort aus?",,"",,,"0","1","29 Sicheres Passwort",,,"1606165522000","FALSE",,,
"1605782815000",,"65","Welche Einstellung zur Sichtbarkeit von Statusmeldungen in sozialen Netzwerken ermöglicht den besten Schutz der Privatsphäre?",,"",,,"0","1","30 Sicherheitseinstellung - soziales Netzwerk",,,"1606165522000","FALSE",,,
"1605785513000","<p><strong style=""color: rgb(0, 128, 0);"">Anonym Surfen</strong></p><p>Vielfach wird der <strong style=""color: rgb(0, 128, 0);"">Tor-Browser</strong> verwendet, um einen Nutzer/ eine Nutzer*in zu anonymisieren. Die IP-Adresse wird verschleiert, die Anfragen werden über mehrere Server umgeleitet und Daten werden verschlüsselt.</p><p>Der Tor-Browser ist empfehlenswert und benutzerfreundlich. Ein Vorteil ist auch, das <strong style=""color: rgb(0, 128, 0);"">Geoblocking</strong><strong> </strong>verhindert wird. Geoblocking wird verwendet, um Inhalte regional zu sperren.</p><p><strong style=""color: rgb(0, 128, 0);"">Anonym surfen beruhigt</strong> - Surfgewohnheiten und Daten&nbsp;wie welcher PC, welche Bildschirmauflösung etc. werden nicht weitergegeben.</p>","65","Wie kann jemand, der surft und eventuell illegale Tätigkeiten im Internet ausübt, identifiziert werden?",,"<p>Auszug aus dem Sicherheitspolizeigesetz (&#214;sterreich):</p><p>""Die Sicherheitsbeh&#246;rden sind berechtigt, von Betreibern &#246;ffentlicher Telekommunikationsdienste (...) und sonstigen Diensteanbietern (&#167;3 Z2 E-Commerce-Gesetz ECG, BGBl. I Nr. 152/20) Auskunft zu verlangen &#252;ber</p><p>1. Namen, Anschrift und Teilnehmernummer eines bestimmten Anschlusses;</p><p>2. Internet-Protokoll-Adresse (IP-&#173;Adresse) zu einer bestimmten Nachricht und den Zeitpunkt ihrer &#220;bermittlung sowie</p><p>3. Namen und Anschrift eines Benutzers, dem eine IP-Adresse zu einem bestimmten Zeitpunkt zugewiesen war.</p><p>Das gelte, ""wenn bestimmte Tatsachen die Annahme einer konkreten Gefahrensituation rechtfertigen"".""</p>",,,"0","1","31 IP-Adresse",,,"1606222519000","FALSE",,,
"1605785515000","<p>Bei einem Identitätsdiebstahl bzw. Identitätsmissbrauch verwendet jemand die persönlichen Daten einer anderen Person z. B. für den Einkauf von Waren, Erlangung von Krediten oder Verleumdung in sozialen Netzwerken etc.</p><p>Beispiel eines Identitätsdiebstahls: <a href=""http://www.zeit.de/digital/datenschutz/2010-01/identitaetsdiebstahl-selbsterfahrung"" rel=""noopener noreferrer"" target=""_blank"">http://www.zeit.de/digital/datenschutz/2010-01/identitaetsdiebstahl-selbsterfahrung</a></p>","65","In welchen der Beispiele liegt ein Identitätsdiebstahl vor?",,"<p>Bei einem Identitätsdiebstahl bzw. Identitätsmissbrauch verwendet jemand die persönlichen Daten einer anderen Person z. B. für den Einkauf von Waren, Erlangung von Krediten oder Verleumdung in sozialen Netzwerken etc.</p>",,,"0","0","32 Identitätsdiebstahl",,,"1606222519000","FALSE",,,
"1605785549000",,"65","Wodurch können Daten verloren gehen?",,"",,,"0","0","33 Verlust von Daten",,,"1606222519000","FALSE",,,
"1605785556000","","65","Was sind personenbezogene Daten?",,"<p>Die Datenschutz-Grundverordnung DSGVO regelt den Schutz personenbezogener Daten.</p><p><strong>Datengeheimnis</strong>: Personenbezogene Angaben dürfen ohne vorherige Zustimmung des Betroffenen nur in speziellen Fällen weitergegeben werden.</p><p><strong>Recht auf Auskunft:</strong> Jeder kann Auskunft über die zu seiner Person verarbeiteten Daten verlangen. Falls die Auskunft nicht erfolgt oder unvollständig ist, kann man sich an die Datenschutzkommission wenden.</p><p><strong>Recht auf Richtigstellung oder Löschung:</strong> Falls Daten unrechtmäßig oder unrichtig gespeichert worden sind, kann ihre&nbsp;Richtigstellung oder Löschung durchgesetzt werden.</p><p>Außerdem können Daten nach dem Grad der Schutzwürdigkeit unterteilt werden in:</p><ul><li>sensible (= besonders schutzwürdige) Daten und</li><li>nicht-sensible Daten.</li></ul><p>Sensible (= besonders schutzwürdige) Daten:</p><p>Daten natürlicher Personen über deren rassische und ethnische Herkunft, politische Meinung, Gewerkschaftszugehörigkeit, religiöse oder philosophische Überzeugung, Gesundheit oder ihr Sexualleben</p>",,,"0","0","34 Persönliche Daten",,,"1606222519000","FALSE",,,
"1605785573000","<p><strong>Aus Daten werden Informationen!</strong><br />Beispiel: Wir messen die monatlichen Niederschlagsmengen innerhalb eines Jahres. <br />Unsere Messungen ergeben: 60 mm, 55 mm, 79 mm, 83 mm, 144 mm, 155 mm, 157 mm, 151 mm, 101 mm, 73 mm,&#160; 83 mm, 73 mm. <br />Mithilfe dieser Daten k&#246;nnen verschiedene Fragen beantwortet werden:</p><ul><li>Wie hoch ist die durchschnittliche Niederschlagsmenge?</li><li>In welchen Monaten gibt es besonders hohe/niedrige Niederschlagsmengen?</li></ul><p>Die Antworten auf diese Fragen sind Informationen, die aus den Daten &#8211; n&#228;mlich den Messreihen -&#160; gewonnen wurden.</p><p>Ausnahme: Die hier verwendete Definition vom Begriff <strong>Information</strong> geht davon aus, dass Information nur aus der Sammlung von Daten ermittelt werden ka<span style=""color: #000000;"">nn</span>! Es kann jedoch ein einzelner konkreter Datensatz, z. B.die momentane Raumtemperatur, auch eine Information sein, die ich n&#252;tze um zu entscheiden, ob ich einen Pullover anziehe oder nicht.</p>","65","Was trifft auf den Begriff Informationen zu?",,"<p><strong>Aus Daten werden Informationen!</strong></p><p>Beispiel: Wir messen die monatlichen Niederschlagsmengen innerhalb eines Jahres. </p><p>Unsere Messungen ergeben: 60 mm, 55 mm, 79 mm, 83 mm, 144 mm, 155 mm, 157 mm, 151 mm, 101 mm, 73 mm,&nbsp;83 mm, 73 mm </p><p>Mithilfe dieser Daten können verschiedene Fragen beantwortet werden:</p><ul><li>Wie hoch ist die durchschnittliche Niederschlagsmenge?</li><li>In welchen Monaten gibt es besonders hohe/niedrige Niederschlagsmengen?</li></ul><p>Die Antworten auf diese Fragen sind Informationen, die aus den Daten – nämlich den Messreihen -&nbsp;gewonnen wurden.</p>",,,"0","1","35 Daten - Informationen",,,"1606222519000","FALSE",,,
"1605785593000","","65","Welche Aussagen in Bezug auf die Verarbeitung personenbezogener Daten sind richtig?",,"<p>Die Datenschutz-Grundverordnung DSGVO regelt den Schutz personenbezogener Daten.<br /><strong>Datengeheimnis</strong>: Personenbezogene Angaben d&#252;rfen ohne vorherige Zustimmung des Betroffenen nur in speziellen F&#228;llen weitergegeben werden.<br /><strong>Recht auf Auskunft:</strong> Jeder kann Auskunft &#252;ber die zu seiner Person verarbeiteten Daten verlangen. Falls die Auskunft nicht erfolgt oder unvollst&#228;ndig ist, kann man sich an die Datenschutzkommission wenden.<br /><strong>Recht auf Richtigstellung oder L&#246;schung:</strong> Falls Daten unrechtm&#228;&#223;ig oder unrichtig gespeichert worden sind, kann ihre&#160; Richtigstellung oder L&#246;schung durchgesetzt werden.</p><p>Au&#223;erdem k&#246;nnen Daten nach dem Grad der Schutzw&#252;rdigkeit unterteilt werden in:</p><ul><li>sensible (= besonders schutzw&#252;rdige) Daten und</li><li>nicht-sensible Daten.</li></ul><p>Sensible (= besonders schutzw&#252;rdige) Daten<br /><br />Daten nat&#252;rlicher Personen &#252;ber deren rassische und ethnische Herkunft, politische Meinung, Gewerkschaftszugeh&#246;rigkeit, religi&#246;se oder philosophische &#220;berzeugung, Gesundheit oder ihr Sexualleben</p>",,,"0","0","36 Verarbeitung von Daten",,,"1606222519000","FALSE",,,
"1605785607000",,"65","Was ist richtig in Bezug auf Datenintegrität?",,"<p>E-Mails werden standardmäßig unverschlüsselt versandt, ihre Sicherheit entspricht also eher einer Ansichtskarte. </p><p>Auch der Absender kann einfach geändert werden: Erhält man eine E-Mail von einer Firma, kann nicht mit Sicherheit ausgeschlossen werden, dass dieses Mail gefälscht wurde.</p><p>Eine <strong>digitale Signatur</strong> bei E-Mails stellt sicher, dass die E-Mail vom angegebenen Absender stammt und unverändert übermittelt wurde. </p><p>Optimale Sicherheit wird durch verschlüsselte und digital signierte E-Mails erreicht.</p>",,,"0","1","37 Datenintegrität",,,"1606222519000","FALSE",,,
"1605788048000","<p>Auf dem Computer wird die Festplatte, Laufwerks wie USB-Stick erst nach <strong>Eingabe eines Passwortes</strong> entschlüsselt. Der Benutzer merkt nichts von der Verschlüsselung, da diese im Hintergrund geschieht. Beim Diebstahl eines verschlüsselten Datenträgers sind alle Dateien für den Dieb unleserlich.</p><p>Windows 10 (allerdings nicht Windows 10 Home-Edition) bieten eine derartige Verschlüsselung. Alternativ gibt es kostenlos das Programm TrueCrypt.</p><p><strong>Verschlüsselung eines Ordners oder eines Laufwerkes wie USB-Sticks:</strong></p><p>Klicke den Ordner im Windows-Explorer mit <strong>rechter Maustaste</strong> an.</p><p>Wähle <strong>Eigenschaften</strong>.</p><p>Register <strong>Allgemein</strong>, <strong>Erweitert</strong></p><p>Dialogfeld <strong>Inhalt verschlüsseln, um Daten zu schützen</strong></p><p><strong>Wichtig:</strong> Geht ein USB-Stick verloren, ist der Wert des USB-Sticks gering und stellt kein Problem dar. Das Problem könnten aber sensible Daten sein, die vom Finder ausgelesen werden könnten.</p><p>&nbsp;</p>","65","Eine Datei, ein Ordner, USB-Stick oder eine Festplatte wird mit einem Passwort verschlüsselt. Was ist richtig?",,"<p>Auf dem Computer wird die Festplatte erst nach Eingabe eines Passwortes entschlüsselt. Der Benutzer/ die Benutzer*in merkt nichts von der Verschlüsselung, da diese im Hintergrund geschieht. Beim Diebstahl eines verschlüsselten Datenträgers sind alle Dateien für den Dieb unleserlich.</p><p>Windows 10 (allerdings nicht Windows 10 Home-Edition) bieten eine derartige Verschlüsselung. Alternativ gibt es kostenlos das Programm TrueCrypt.</p><p><strong>Verschlüsselung eines Ordners oder eines Laufwerkes wie USB-Sticks:</strong></p><p>Klicke den Ordner im Windows-Explorer mit <strong>rechter Maustaste</strong> an.</p><p>Wähle <strong>Eigenschaften</strong>.</p><p>Register <strong>Allgemein</strong>, <strong>Erweitert</strong></p><p>Dialogfeld <strong>Inhalt verschlüsseln, um Daten zu schützen</strong></p><p><strong>Wichtig:</strong> Geht ein USB-Stick verloren, ist der Wert des USB-Sticks gering und stellt kein Problem dar. Das Problem könnten aber sensible Daten sein, die vom Finder ausgelesen werden könnten.</p><p>&nbsp;</p><p>&nbsp;</p>",,,"0","0","38 Verschlüsselung von Daten",,,"1606222519000","FALSE",,,
"1605788181000",,"65","Welche Aussagen passen zu Adware?",,"",,,"0","0","02 Adware",,,"1606164951000","FALSE",,,
"1605788334000","<p>Antiviren-Programme prüfen im Hintergrund alle laufenden Aktivitäten, spüren Computerviren (z. B. Würmer, Trojaner) auf und blockieren oder löschen sie.</p><p>Verdächtige Dateien können in Quarantäne verschoben und so unschädlich gemacht werden.</p>","65","Welche Aufgaben hat ein Antiviren-Programm?",,"",,,"0","0","02 Antivirenprogramm",,,"1606164951000","FALSE",,,
"1605788341000",,"65","Welche Gefahren von Apps aus nicht offiziellen App-Stores sind eher zu vernachlässigen?",,"",,,"0","1","03 Nicht offizielle Appstores",,,"1611865228000","FALSE",,,
"1605788342000","<p>Cloud Computing beschreibt die Bereitstellung von IT-Infrastruktur und IT-Leistungen wie beispielsweise Speicherplatz, Rechenleistung oder Anwendungssoftware &#252;ber das Internet.</p><p>Unternehmen setzen bei Teilen der IT-Infrastruktur verst&#228;rkt auf die Cloud. Dies hat gro&#223;e Vorteile, birgt aber auch Gefahren, da immer klar sein soll, wer Zugriff auf die Daten haben darf.</p>","65","Was trifft auf Cloud-Computing nicht zu?",,"",,,"0","1","04 Cloud-Computing",,,"1611865228000","FALSE",,,
"1605788766000","<p>Krypto-/Erpressungstrojaner bzw. Ransomware verschlüsselt alle erreichbaren Dateien auf dem Computer und macht sie dadurch unlesbar. Der Anwender/ die Anwender*in wird aufgefordert „Lösegeld“ für die Daten zu zahlen.</p><p>Ransomware nutzt zur Verteilung häufig gefälschte E-Mails: angebliche Bewerbungsschreiben, E-Mails von Zustelldiensten mit einem Link auf auf Zustellungsdaten, Rechnungen von Energieunternehmen etc.&nbsp;Werden Daten über den angebotenen Link heruntergeladen und geöffnet, wird die Schadsoftware aktiv.</p><p>Beispiel aus der Praxis: Herr S. erhält ein E-Mail von einem Energieunternehmen mit einer hohen Rechnungssumme. Sofort klickt er auf den Link, lädt die Rechnung herunter und öffnet sie. Der Computer zeigt eine Fehlermeldung an. Einige Tage später kann er nicht mehr auf seine Dateien zugreifen, da sie verschlüsselt und daher unlesbar sind. Er wird aufgefordert, mehrere hundert Euro für die Entschlüsselung zu bezahlen.</p><p>Weitere Information:</p><p><a href=""https://www.onlinesicherheit.gv.at/Themen/Erste-Hilfe/Schadsoftware-entfernen/Ransomware.html"" rel=""noopener noreferrer"" target=""_blank"">https://www.onlinesicherheit.gv.at/Themen/Erste-Hilfe/Schadsoftware-entfernen/Ransomware.html</a></p>","65","Was ist Ransomware?",,"<p>Der Nutzer/ die Nutzer*in öffnet einen Anhang einer E-Mail und ladet die Schadsoftware herunter.</p>",,,"0","1","06 Ransomware",,,"1611865228000","FALSE",,,
"1605788881000",,"65","Was sollte bei Attachments von E-Mails beachten werden?",,"",,,"0","0","04 Attachments",,,"1606164951000","FALSE",,,
"1605788966000","<p>MAC ist die Abkürzung für <strong>M</strong>edia-<strong>A</strong>ccess-<strong>C</strong>ontroll. Jeder Computer hat eine dauerhaft zugewiesene MAC-Adresse.</p><p>Eine Methode um ein WLAN vor Zugriffen zu schützen ist es, den Zugang nur bei passender MAC-Adresse zu gewähren. Jeder Computer hat eine MAC-Adresse. Nur bestimmte MAC-Adressen wird der Zugang zum WLAN erlaubt, allen anderen verwehrt. So können sich nur bestimmte Computer sich mit dem WLAN verbinden.</p>","65","Welchen Zweck hat ein MAC-Filter?",,"","lan.jpg",,"0","1","07 MAC-Filter",,,"1611865228000","FALSE",,"612",
"1605789178000",,"65","Welche Aussagen passen zu einem Ablaufplan für die Datensicherung?",,"",,,"0","0","06 Ablaufplan von Datensicherungen",,,"1606164951000","FALSE",,,
"1605789209000",,"65","Welche Aussagen passen zur digitalen Signatur?",,"",,,"0","0","07 digitale Signatur",,,"1606164951000","FALSE",,,
"1605789265000","<p>Passwort-Manager speichern sensible Daten wie Nutzernamen und Kennw&#246;rter verschl&#252;sselt in einer Datenbank auf der Festplatte des Computers.</p><p>Statt sich viele Passw&#246;rter merken zu m&#252;ssen, gen&#252;gt jetzt eines. Die Eingabe des Master-Passwortes gibt alle anderen frei.</p>","65","Welche Vorteile hat ein Passwort-Manager?",,"",,,"0","1","10 Passwort-Manager",,,"1611865228000","FALSE",,,
"1605789359000",,"65","Welche Maßnahmen eignen sich für eine endgültige Datenvernichtung?",,"",,,"0","0","09 endgültige Datenvernichtung",,,"1606164951000","FALSE",,,
"1605789361000",,"65","Welche Aktionen könnten Dumpster-Diving sein?",,"",,,"0","1","10 Dumpster-Diving",,,"1606164951000","FALSE",,,
"1605789364000",,"65","Welches Ziel hat Hacking?",,"",,,"0","0","11 Hacking",,,"1606164951000","FALSE",,,
"1605789366000",,"65","Wozu dient Instant Messaging?",,"",,,"0","0","12 Instant Messaging",,,"1606164951000","FALSE",,,
"1605792228000",,"65","Welcher Netzwerktyp wird in kleinen Firmen oder Schulen eingesetzt?",,"",,,"0","1","08 Netzwerktyp",,,"1611865228000","FALSE",,,
"1605792234000",,"65","Wozu dient ein Keylogger-Programm?",,"",,,"0","1","13 Keylogger-Programm",,,"1606164951000","FALSE",,,
"1605792235000",,"65","Welche der Begriffe ist kein Netzwerk-Begriff?",,"",,,"0","1","14 Netzwerk-Begriff",,,"1606164951000","FALSE",,,
"1605792511000",,"65","Welche der Aufgaben gehören zu einem Netzwerkadministrator?",,"",,,"0","0","18 Netzwerkadministrator",,,"1606164951000","FALSE",,,
"1605793867000","<p>Durch einen Angreifer&nbsp;werden Daten einer vermeintlich sicheren Webseite so verändert, dass Eingaben eines Anwenders/ einer Anwender*in umgeleitet und ausspioniert werden. Der Benutzer/ die Benutzer*in wähnt sich in Sicherheit, da er/sie ja auf einer vielleicht bekannten Website surft und nicht ahnen kann, dass Teile der Website ausgetauscht oder hinzugefügt worden sind.</p><p><strong>Technischer Hinweis des Bundesamts für Sicherheit in der Informationstechnik</strong> bezüglich Cross-Site Scritpting:</p><p><a href=""https://www.bsi-fuer-buerger.de/SharedDocs/Warnmeldungen/DE/TW/2019/09/warnmeldung_tw-t19-0126.html"" rel=""noopener noreferrer"" target=""_blank"">https://www.bsi-fuer-buerger.de/SharedDocs/Warnmeldungen/DE/TW/2019/09/warnmeldung_tw-t19-0126.html</a></p>","65","Wie könnte der Begriff Cross-Site-Scripting Angriffe übersetzt werden?",,"",,,"0","1","05 Cross Site Scripting Angriff",,,"1611865228000","FALSE",,,
"1605794091000","<p>F&#252;r eine Netzwerkanmeldung ben&#246;tigt man oft <span style=""color: #008000;""><strong>Benutzername</strong></span> und <strong><span style=""color: #008000;"">Kennwort. </span></strong><span style=""color: #000000;"">Weitere M&#246;glichkeiten zur Anmeldung w&#228;ren z. B. Finger- oder Iris-Scan.</span><strong><span style=""color: #008000;""><br /></span></strong></p>","1","Was kann zur Anmeldung in einem Computernetzwerk notwendig sein?","cg_anmeldung_markiert.jpg","","cg_anmeldung.jpg",,"0","1","29 Netzwerkanmeldung",,,"1605794091000","FALSE",,"469","468"
"1605794154000","<p>Sollte kein Wi-Fi-Netzwerk zur Verf&#252;gung stehen, kann man mit einem pers&#246;nlichen Hotspot in das Internet gehen. Die mobile Datenverbindung eines Smartphones&#160; wird f&#252;r andere Ger&#228;te (Computer, Tablets, weitere Smartphones) freigegeben. F&#252;r den Hotspot sollte ein sicheres Passwort vergeben werden.</p><p><span style=""color: #008000;""><strong>Hotspot am Smartphone aktivieren</strong></span></p><p>Einstellungen, Verbindungen, Mobile Hotspot und Tethering</p>","65","Wo kann ein persönlicher Hotspot eingerichtet werden?",,"",,,"0","1","09 Persönlicher Hotspot",,,"1611865228000","FALSE",,,
"1605794556000",,"65","Was ist eine persönliche Identifikationsnummer (PIN)?",,"",,,"0","1","15 Identifikationsnummer",,,"1606164951000","FALSE",,,
"1605794648000",,"65","Welche der Identitätsfeststellungen ist eine Multi-Faktor-Authentifizierung?",,"",,,"0","0","16 Multi‐Faktor‐Authentifizierung",,,"1606164951000","FALSE",,,
"1605794771000","<p>Weitere Informationen vom Bundesamt f&#252;r Sicherheit in der Informationstechnik zu Phishingmails:</p><p><a href=""https://www.bsi-fuer-buerger.de/BSIFB/DE/Service/Aktuell/Informationen/Artikel/blackfriday_23112016.html"">https://www.bsi-fuer-buerger.de/BSIFB/DE/Service/Aktuell/Informationen/Artikel/blackfriday_23112016.html</a></p>","65","Welche Art von E-Mail liegt hier vor?",,"",,"phishing_mail (copy 1).jpg","0","1","12 E-Mail",,,"1611865228000","FALSE","614",,
"1605794776000","<p><span style=""color: #008000;""><strong>Hotspot am Smartphone (Android) aktivieren:</strong></span></p><p>Einstellungen, Verbindungen, Mobile Hotspot und Tethering</p>","65","Was ist ein persönlicher Hotspot bzw. Tethering?",,"",,,"0","1","17 Hotspot bzw. Thethering",,,"1606164951000","FALSE",,,
"1605794974000","<p>Weitere Informationen vom Bundesamt f&#252;r Sicherheit in der Informationstechnik zu Firewall:</p><p><a href=""https://www.bsi-fuer-buerger.de/BSIFB/DE/Empfehlungen/Schutzprogramme/Firewall/firewall.html"">https://www.bsi-fuer-buerger.de/BSIFB/DE/Empfehlungen/Schutzprogramme/Firewall/firewall.html</a></p>","65","Welche Aussagen passen für den Begriff Firewall?",,"",,,"0","0","19 Firewall",,,"1606164951000","FALSE",,,
"1605795101000","<p>Weitere Informationen vom Bundesamt f&#252;r Sicherheit in der Informationstechnik zu Phishing:</p><p><a href=""https://www.bsi-fuer-buerger.de/BSIFB/DE/Service/Aktuell/Informationen/Artikel/Schnaeppchenfallen_im_Internet.html"">https://www.bsi-fuer-buerger.de/BSIFB/DE/Service/Aktuell/Informationen/Artikel/Schnaeppchenfallen_im_Internet.html</a></p>","65","Welche der Aussagen passen zu Phishing?",,"",,,"0","0","20 Phishing",,,"1606164951000","FALSE",,,
"1605795225000",,"65","Welche Aussagen passen zum Begriff Makros?",,"",,,"0","0","21 Makros",,,"1606164951000","FALSE",,,
"1605795359000",,"65","Was ist Pharming?",,"",,,"0","1","22 Pharming",,,"1606164951000","FALSE",,,
"1605795633000",,"65","Was passt zum Begriff Social Engineering?",,"",,,"0","0","23 Social Engineering",,,"1606164951000","FALSE",,,
"1605795757000","<p>Informationen vom Bundesamt f&#252;r Sicherheit in der Informationstechnik:</p><p><a href=""https://www.bsi-fuer-buerger.de/BSIFB/DE/Risiken/FalscheAntivirensoftware/falsche_Antivirensoftware.html"">https://www.bsi-fuer-buerger.de/BSIFB/DE/Risiken/FalscheAntivirensoftware/falsche_Antivirensoftware.html</a></p>","65","Wie heißt der Begriff für die Malware, die das Nutzerverhalten ausforscht und die Daten an den Hersteller der Malware sendet?",,"",,,"0","1","24 Nutzerverhalten",,,"1606164951000","FALSE",,,
"1605795762000",,"65","In welchem Bereich finden sich die Einstellungen für die Firewall? (Denke logisch: Die Firewall wehrt Zugriffe aus dem Netz ab!)",,"<p><span class=""ng-isolate-scope"">W&#228;hle die Schaltfl&#228;che&#160;<strong>Start</strong>, &#246;ffne <strong>Windows&#160;Defender Security Center</strong>, dann <strong>Firewall &#38; Netzwerkschutz</strong>.</span></p><p><span class=""ng-isolate-scope"">Oder: In das Suchfeld den Begriff <strong>Firewall</strong> eingeben. Hier kommt man in die Systemsteuerung.</span></p>",,,"0","0","13 Firewall 02",,,"1611865228000","FALSE",,,
"1605795770000","<p><span class=""ILfuVd""><span class=""hgKElc"">Wer auf einem <strong>USB-Stick</strong> sensible Daten speichert, sollten ihn <strong>verschl&#252;sseln</strong>.</span></span></p>","65","Wie kann ein Ordner im Windows Explorer verschlüsselt werden?",,"",,"m8_Verschluesselung (copy 1).jpg","0","1","16 Verschlüsselung",,,"1611865228000","FALSE","615",,
"1605795816000","","65","Welcher Begriff (im Sinne des DSGVO) passt zu einem Online-Händler, der Kundendaten speichert?",,"<p>Die Datenschutz-Grundverordnung ist eine Verordnung der Europ&#228;ischen Union, mit der die Regeln zur Verarbeitung personenbezogener Daten durch die meisten Datenverarbeiter, sowohl private wie &#246;ffentliche, EU-weit vereinheitlicht werden.</p><p>(Quelle Wikipedia)</p>",,,"0","1","05c DSGVO",,,"1606164951000","FALSE",,,
"1605797785000",,"65","Welche der Aussagen zu den Begriffen Daten bzw. Informationen sind richtig?",,"",,,"0","0","32 Begriffen Daten bzw. Informationen",,,"1606164951000","FALSE",,,
"1605797906000",,"65","Welche Aussage zu Dialer ist richtig?",,"",,,"0","0","35 Dialer",,,"1606164951000","FALSE",,,
"1605802949000",,"65","Welche der Zugangskontrollen basieren auf ein biometrisches Verfahren?",,"",,,"0","0","34 biometrisches Verfahren",,,"1606164951000","FALSE",,,
"1605802989000",,"65","Welche Aussagen treffen auf Cloud-Computing zu?",,"",,,"0","0","33 Cloud-Computing",,,"1606164951000","FALSE",,,
"1605802992000",,"65","Welchen Menüpunkt muss man aufrufen, um ein Word-Dokument mit Kennwort zu verschlüsseln?",,"",,"word_mit_kennwort_verschluesseln.jpg","0","1","20 Worddatei verschlüseln",,,"1611865228000","FALSE","617",,
"1605802999000",,"65","Welche der Daten wird man privaten Informationen auf einem Smartphone zuordnen?",,"",,,"0","1","21 Private Daten",,,"1611865228000","FALSE",,,
"1605803159000","<p>Informationen vom Bundesamt f&#252;r Sicherheit in der Informationstechnik zu Gefahren und Risiken mit den Browsern</p><p><a href=""https://www.bsi-fuer-buerger.de/BSIFB/DE/Empfehlungen/EinrichtungSoftware/EinrichtungBrowser/GefahrenRisiken/gefahren.html"">https://www.bsi-fuer-buerger.de/BSIFB/DE/Empfehlungen/EinrichtungSoftware/EinrichtungBrowser/GefahrenRisiken/gefahren.html</a></p>","65","Wie heißt der Fachausdruck für eine Veränderung in den Einstellungen des Browsers, mit der auf unerwünschte Webseiten umgeleitet wird?",,"<p>Schadprogramme ändern die Einstellungen des Browsers, sodass Anwender*innen beim Surfen im Internet auf Webseiten geleitet werden, die sie gar nicht besuchen wollen.</p><p>Meist wird die <strong>Startseite</strong> und die voreingestellte <strong>Suchmaschine</strong> geändert. Die Betrüger verdienen dann mit dem dadurch gewonnenen Besucheraufruf der Seite.</p>",,,"0","1","19 Hijacking",,,"1611865228000","FALSE",,,
"1605803287000","<p>Informationen vom Bundesamt f&#252;r Sicherheit in der Informationstechnik zu der Malware W&#252;rmer</p><p><a href=""https://www.bsi-fuer-buerger.de/BSIFB/DE/Risiken/Schadprogramme/VirenWuermer/viren-wuermer.html"">https://www.bsi-fuer-buerger.de/BSIFB/DE/Risiken/Schadprogramme/VirenWuermer/viren-wuermer.html</a></p>","65","Welche Eigenschaften haben die Schadprogramme ""Würmer""?",,"",,,"0","0","36 Würmer",,,"1606164951000","FALSE",,,
"1605803301000",,"65","Wie wird eine Worddatei mit einem Kennwort zum Öffnen geschützt?",,"",,"m8_Word_Kennwort.jpg","0","1","17 Kennwort",,,"1611865228000","FALSE","616",,
"1605803347000",,"65","Franz surft auf einem fremden Rechner. Bevor er den Computer herunterfährt, löscht er sicherheitshalber im Browser die ...",,"",,,"0","0","01 Browser",,,"1605804504000","FALSE",,,
"1605803415000",,"65","Beim Verwenden von sozialen Netzwerken sollte man ...",,"",,,"0","0","02 Soziale Netzwerke",,,"1605804504000","FALSE",,,
"1605803448000",,"65","Andrea will eine bereits gesendete WhatsApp-Nachricht löschen. Welche Aussage trifft zu?",,"",,,"0","0","03 WhatsApp-Nachricht löschen",,,"1605804504000","FALSE",,,
"1605803466000",,"65","Josef arbeitet mit einem Computer, den mehrere Familienmitglieder verwenden. Er möchte nicht, dass andere Familienmitglieder Informationen über besuchte Webseiten sehen. Er löscht im Browser ...",,"",,,"0","0","04 Browser löschen",,,"1605804504000","FALSE",,,
"1605803658000",,"65","Julia hat in einem sozialen Netzwerk ein Foto gepostet. Sie entfernt dieses Foto wieder. Was trifft zu?",,"",,,"0","0","05 Soziales Netzwerk Foto",,,"1605804504000","FALSE",,,
"1605803668000","<p><strong>Achtung</strong>: Der Passwortschutz ist nicht wirklich sicher. Er kann relativ einfach ausgehebelt werden.</p><p>Im Internet gibt es entsprechende Anleitungen, wie man das Passwort entfernt.</p>","65","Paul hat eine Worddatei zum Öffnen mit einem guten Passwort geschützt. Er hat das Passwort vergessen. Was trifft zu?",,"",,,"0","1","06 Passwort in einer Worddatei",,,"1605804504000","FALSE",,,
"1605803682000",,"65","Herr S. bemerkt durch Zufall, dass bei seinem Ebay-Account und PayPal das Passwort geändert wurde. Auch bei seiner E-Mail-Adresse wurde eine Weiterleitung für Nachrichten von Ebay und Paypal eingerichtet. Was könnte die Ursache gewesen sein?",,"",,,"0","0","07 Identitätsdiebstahl",,,"1605804504000","FALSE",,,
"1605803752000",,"65","In Büros müssen Laptops vor Diebstahl geschützt werden. Was ist eine geeignete Methode?",,"",,,"0","1","08 Sicherungskabel",,,"1605804504000","FALSE",,,
"1605803810000",,"65","Marc loggt sich in Gmail ein und findet im Ordner Gesendet E-Mails, die er nicht geschrieben hat. Ein Mitschüler hat Marc beim Eintippen des Passworts beobachtet und Marcs Gmail-Account missbraucht. Welcher Fachausdruck passt hier?",,"",,,"0","1","09 Shoulder Surfing",,,"1605804504000","FALSE",,,
"1605803907000",,"65","Um welche Form der Cyberkriminalität handelt es sich?",,"",,"ransomware.jpg","0","1","11 Ransomware",,,"1605804504000","FALSE","619",,
"1605803912000",,"65","Herr S. überweist per Online Banking 50 Euro für ein Abo. Beim Kontrollieren der SMS-Tan bemerkt er, dass die Überweisungssumme, die in der SMS angegeben wird, weit höher ist. Welcher Fachausdruck passt hier?",,"",,,"0","1","12 Rootkit",,,"1605804504000","FALSE",,,
"1605803933000",,"65","Ein Mitarbeiter einer Firma erhält einen Anruf eines angeblichen Technikers, der vorgibt, für einen Test die geheimen Zugangsdaten zu benötigen. Der Firma werden anschließend Daten gestohlen. Welcher Fachausdruck passt hier?",,"",,,"0","1","13 Social Engineering",,,"1605804504000","FALSE",,,
"1605803954000",,"65","Herr T. bemerkt beim Durchsehen seines Kontoauszugs, dass in Peru mit Bankomatkarte 500 Euro behoben wurden. Vermutlich wurde seine Bankomatkarte unbemerkt kopiert. Welcher Fachausdruck passt hier am wahrscheinlichsten?",,"",,,"0","1","14 Skimming",,,"1605804504000","FALSE",,,
"1605803986000",,"65","Susanne öffnet das Antiviren-Programm und findet in der Quarantäne Einträge von gefährlichen Dateien. Warum hat das Antiviren-Programm diese Dateien in Quarantäne verschoben?",,"",,,"0","0","15 Quarantäne",,,"1605804504000","FALSE",,,
"1605804011000",,"65","Herbert möchte im Falle eines Datenverlustes am Computer die Daten nicht verlieren. Er sichert auf ein externes Laufwerk ...",,"",,,"0","1","16 Backup",,,"1605804504000","FALSE",,,
"1605804021000",,"65","Josef möchte Christoph fragen, ob er morgen Zeit hat. Welche der Möglichkeiten sind sinnvoll?",,"",,,"0","0","17 Terminvereinbarung",,,"1605804504000","FALSE",,,
"1605804267000",,"65","Herr S. bekommt von einer Behörde eine E-Mail mit einem Anhang (ein PDF), in dem eine digitale Signatur enthalten ist. Was stellt die Signatur sicher?",,"",,,"0","0","18 Digitale Signatur",,,"1605804504000","FALSE",,,
"1605804331000",,"65","Ein internationaler Konzern nützt für die Kommunikation und Datenaustausch über Länder hinweg ...",,"",,,"0","1","20 WAN",,,"1605804504000","FALSE",,,
"1605804354000",,"65","Lea möchte das von ihr erstellte Word-Dokument ""Bewerbung"" verschlüsseln. Was ist richtig?",,"<p>Eine Verschl&#252;sselung bewirkt, dass das Dokument ohne Passwort nicht ge&#246;ffnet werden kann.</p>",,,"0","1","19 Word Verschlüsselung",,,"1605804504000","FALSE",,,
"1605804364000",,"65","Welches der von Leonie genutzten Passwörtern ist das sicherste und entspricht den Richtlinien zur Erstellung eines Passwortes?",,"",,,"0","1","21 Passwörter",,,"1605804504000","FALSE",,,
"1605804433000",,"65","Nora erhält eine WhatsApp-Nachricht mit einem Anhang von einem unbekannten Absender. Worauf sollte sie unbedingt achten?",,"",,,"0","0","25 IM",,,"1605804504000","FALSE",,,
"1605804441000",,"65","Herr A. hat eine Sicherheits-Software von einer gefälschten Internetseite heruntergeladen. Seitdem ist sein Computer mit Malware infiziert. Was ist passiert?",,"",,,"0","1","22 Social-Engineering",,,"1605804504000","FALSE",,,
"1605804469000",,"65","Lukas erhält einen Anruf. Er soll die Anmeldedaten für sein eBanking telefonisch durchgeben. Wie nennt man diesen Betrug?",,"",,,"0","1","23 Pretexting",,,"1605804504000","FALSE",,,
"1605804476000",,"65","Betrügende möchten den Klartext eines Kennwortes ausspionieren. Welcher Begriff passt?",,"",,,"0","1","24 Kennwort-Cracking",,,"1605804504000","FALSE",,,
"1605804482000",,"65","Roman sieht in der Systemsteuerung unter Sicherheit und Wartung nach, ob die Firewall aktiv ist. Warum soll diese aktiv sein?",,"",,,"0","1","27 Hacking",,,"1605804504000","FALSE",,,
"1605804504000",,"65","Max möchte nicht, dass die in einem Formular eingegebenen persönlichen Daten weiter gespeichert werden. Er verwendet Firefox als Browser.",,"",,,"0","1","26 Formulardaten löschen",,,"1605804504000","FALSE",,,
"1605814193000",,"33","Was ist der Unterschied zwischen Internet und World Wide Web (WWW)?",,"<p><strong>Das Internet ist ein weltumspannendes Netz von vielen einzelnen Computern und Computer-Netzwerken.</strong></p><p><strong>Das Internet stellt Dienste zur Verfügung:</strong> </p><p>World Wide Web (WWW), E-Mail, Chat, Dateiübertragung per FTP oder Telefonie über das Internet</p><p>Das World Wide Web (WWW) ist somit nur ein Teil oder Dienst des Internets! Dieser wichtige Dienst des Internets, das World Wide Web, ist für die Übertragung von Webseiten notwendig.</p><p>Für diese Übertragung von Webseiten bedient sich das World Wide Web des HTTP-Protokolls (Hypertext Transfer Protocol).</p><p>Um Webseiten anzeigen zu können, muss ein Browser wie der Internet Explorer, Mozilla Firefox, Safari oder Opera installiert sein.</p>",,,"0","1","01 WWW",,,"1606935481000","FALSE",,,
"1605814320000","<p>Jede E-Mail-Adresse enthält das At-Zeichen <strong>@</strong>, das <strong style=""color: rgb(0, 128, 0);"">Benutzername</strong> und <strong style=""color: rgb(128, 0, 128);"">Domain</strong> trennt.</p><p><strong style=""color: rgb(0, 128, 0);"">buero</strong><strong>@</strong><strong style=""color: rgb(128, 0, 128);"">easy4me</strong><strong>.info</strong></p><p>Für E-Mailadressen gelten die gleichen Regeln wie für Webadressen: Sie dürfen beispielsweise keine Leerzeichen und Umlaute enthalten.</p><p>Bei den Top-Level-Domains wird unterschieden: <strong>geografische Top-Level-Domains</strong> (<strong>TLDs</strong>) wie z. B. at (Österreich), de (Deutschland) und <strong>allgemeine TLDs</strong> wie com (international), eu (Europäische Union), org (Organisation) und edu (Education).</p>","33","Welcher Teil der E-Mail-Adresse buero@easy4me.info ist die Top-Level-Domain?",,"<p>Jede E-Mail-Adresse enthält das At-Zeichen <strong>@</strong>, das <strong style=""color: rgb(0, 128, 0);"">Benutzername</strong> und <strong style=""color: rgb(128, 0, 128);"">Domain</strong> trennt.</p><p><strong style=""color: rgb(0, 128, 0);"">buero</strong><strong>@</strong><strong style=""color: rgb(128, 0, 128);"">easy4me</strong><strong>.info</strong></p><p>Für E-Mail-Adressen gelten die gleichen Regeln wie für Webadressen: Sie dürfen beispielsweise keine Leerzeichen und Umlaute enthalten.</p><p>Bei den Top-Level-Domains wird unterschieden: <strong>geografische Top-Level-Domains</strong> (<strong>TLDs</strong>) wie z. B. at (Österreich), de (Deutschland) und <strong>allgemeine TLDs</strong> wie com (international), eu (Europäische Union), org (Organisation) und edu (Education).</p>",,,"0","1","02 E-Mailadresse",,,"1606935481000","FALSE",,,
"1605814378000",,"33","Welcher Teil der E-Mail-Adresse buero@easy4me.info ist die Domain (exakt: Second-Level-Domain)?",,"<p>Jede E-Mail-Adresse enthält das At-Zeichen <strong>@</strong>, <strong style=""color: rgb(0, 128, 0);"">Benutzernamen</strong> und <strong style=""color: rgb(128, 0, 128);"">Domain</strong> (bzw. <span style=""color: rgb(128, 0, 128);"">Second-Level-Domain</span>) trennt.</p><p><strong style=""color: rgb(0, 128, 0);"">buero</strong><strong>@</strong><strong style=""color: rgb(128, 0, 128);"">easy4me</strong><strong>.info</strong></p><p>Für E-Mail-Adressen gelten die gleichen Regeln wie für Webadressen: Sie dürfen beispielsweise keine Leerzeichen und Umlaute enthalten.</p><p>Bei den Top-Level-Domains wird unterschieden: <strong>geografische Top-Level-Domains</strong> (<strong>TLDs</strong>) wie z. B. at (Österreich), de (Deutschland) und <strong>allgemeine TLDs</strong> wie com (international), eu (Europäische Union), org (Organisation) und edu (Education).</p><p>Detaillierte Erklärung auf Wikipedia: <a href=""http://de.wikipedia.org/wiki/Domain_%28Internet%29"" rel=""noopener noreferrer"" target=""_blank"">http://de.wikipedia.org/wiki/Domain_%28Internet%29</a></p>",,,"0","1","03 E-Mailadresse",,,"1606935481000","FALSE",,,
"1605814453000","<p>E-Mails sind elektronische Briefe, die über das Internet versandt werden. Sie erreichen innerhalb von Sekunden die Empfänger*innen: Beliebige Dateien können mit E-Mails als Anhang (Attachment) verschickt werden.</p><p>E-Mailanbieter können die maximale Größe von Anhängen festlegen und den Versand von bestimmten Dateiformaten verhindern. (Google Mail verhindert beispielsweise den Versand von ausführbaren Dateien und erlaubt E-Mails bis maximal 25 MB Größe.)</p>","33","Was ist der wichtigste Vorteil von E-Mails?",,"<p>E-Mails sind elektronische Briefe, die über das Internet versandt werden. Sie erreichen innerhalb von Sekunden die Empfänger*innen.</p><p>Beliebige Dateien können mit E-Mails als Anhang (Attachment) verschickt werden.</p><p>E-Mail Anbieter können die maximale Größe von Anhängen festlegen und den Versand von bestimmten Dateiformaten verhindern. (Google Mail verhindert beispielsweise den Versand von ausführbaren Dateien und erlaubt E-Mails bis maximal 25 MB Größe.)</p>",,,"0","1","05 E-Mail 02",,,"1606935481000","FALSE",,,
"1605814493000","<p><strong>Vorgehensweise beim Browser Edge:</strong></p><ul><li>Markiere den Bereich, der ausgedruckt werden soll.</li><li>Öffne das Anwendungsmenü rechts oben.</li><li>Wähle <strong>Drucken</strong>.</li><li>Öffne <strong>Weitere Einstellungen.</strong></li><li>Aktiviere <strong>Nur Auswahl</strong></li></ul><p><br></p>","33","Ein Absatz aus Wikipedia soll ausgedruckt werden. 
Wie kann ein ausgewählter bzw. markierter Bereich einer Webseite ausgedruckt werden?","og_auswahl_drucken","<p><strong>So beginnst du mit dem Browser Edge:</strong></p><ul><li>Markiere den Bereich, der ausgedruckt werden soll.</li><li>Öffne das Anwendungsmenü rechts oben.</li></ul>",,"og_text_markiert","0","1","06 Ausdruck",,,"1606935481000","FALSE","17831",,"17832"
"1605814598000",,"33","Welche dieser Seiten hat die Länderkennung Österreich?",,"<p><strong>Unterscheidung bei Top-Level-Domains</strong></p><ul><li><strong>l&#228;nderspezifische</strong> Top-Level-Domains (at: &#214;sterreich, de: Deutschland etc.)</li><li><strong>generische</strong> Top-Level-Domains (com: commercial, biz: business, info: information etc.)</li></ul>",,,"0","1","08 Top-Level-Domain",,,"1606935481000","FALSE",,,
"1605816002000",,"33","Wie heißt eine Verknüpfung zwischen Webseiten?",,"<p><span style=""color: #008000;""><strong>Hyperlinks</strong></span> (oft nur <strong>Links</strong> genannt) sind ein charakteristisches Merkmal des Internets.</p><p><strong>Beispiel:</strong> Der Link <span style=""color: #008000;""><strong>Wetter</strong></span> auf der Seite <strong>www.orf.at</strong>.</p><p>Mit ihrer Hilfe lassen sich Webseiten und andere HTML-Seiten verbinden, die entweder auf demselben Rechner liegen oder &#252;berall auf der Welt bereitstehen, um aufgerufen zu werden.</p>",,,"0","1","10 Webseiten",,,"1606935481000","FALSE",,,
"1605817041000",,"33","Wie heißt das Programm zum Betrachten von Webseiten?",,"<p>Das englische Wort ""browse"" hei&#223;t soviel wie bl&#228;ttern oder surfen auf Webseiten.</p><p>Zur Nutzung des WWW ben&#246;tigt man ein Programm, einen Webbrowser, der die Daten vom Webserver holt und anzeigt.</p><p>Bekannte Browserprogramme sind Firefox, Internet Explorer und Google Chrome.</p>","ie_firefox.jpg",,"0","1","11 Browser",,,"1606935481000","FALSE",,"623",
"1605817051000",,"33","Welche dieser Programme sind Browser?",,"<p>Unter Internetsurfen oder nur Surfen mit einem Browser wird das aufeinanderfolgende Betrachten von mehreren Webseiten bezeichnet.</p><p>Bekannte Browser sind Firefox, Internet Explorer, Opera, Google Chrome.</p>",,,"0","0","12 Browser",,,"1606935481000","FALSE",,,
"1605817060000","<p><span style=""color: #0000ff;"">Bild: Die Worddatei <strong>Ablaufplan</strong> als Dateianhang beim E-Mail&#160;</span></p><p>Beliebige Dateien k&#246;nnen als Anhang bzw. Attachment zusammen mit einer E-Mail verschickt werden.</p><p>E-Mailanbieter k&#246;nnen die maximale Gr&#246;&#223;e von Anh&#228;ngen festlegen und den Versand von bestimmten Dateiformaten verhindern.</p><p>Beispiel: Google Mail verhindert beispielsweise den Versand von ausf&#252;hrbaren Dateien und erlaubt E-Mails bis maximal 25 MB Gr&#246;&#223;e.</p>","33","Welche Aussage über Attachments ist falsch?","og_anhang.jpg","<p><span style=""color: rgb(0, 0, 255);"">Bild: Die Worddatei </span><strong style=""color: rgb(0, 0, 255);"">Ablaufplan</strong><span style=""color: rgb(0, 0, 255);""> als Dateianhang beim E-Mail </span></p><p>Beliebige Dateien können als Anhang bzw. Attachment zusammen mit einer E-Mail verschickt werden.</p><p>E-Mail-Anbieter können die maximale Größe von Anhängen festlegen und den Versand von bestimmten Dateiformaten verhindern.</p><p>Beispiel: Google Mail verhindert beispielsweise den Versand von ausführbaren Dateien und erlaubt E-Mails bis maximal 25 MB Größe.</p>","og_anhang.jpg","og_anhang.jpg","0","1","13 Attachement",,,"1606935481000","FALSE","624","624","624"
"1605817096000",,"33","Welche Aussagen treffen auf die Begriffe ""Lesezeichen"" bzw. ""Favoriten"" zu?",,"<p><strong>Favoriten </strong>(Microsoft Edge) oder <strong>Lesezeichen </strong>(Firefox) sind Verknüpfungen (Links) zu Internetadressen. Sie werden im Browser angelegt.</p><ul><li><strong>Microsoft Edge:</strong> Favoriten werden über das Menü Favoriten oder die mit einem Klick auf den Stern in der Adresszeile hinzugefügt. Favoriten können übersichtlich auf Ordner verteilt werden.</li><li><strong>Firefox:</strong> Lesezeichen können mit einem Klick auf den Stern in der Adresszeile hinzugefügt  und bearbeitet werden. </li></ul>","symbol_lesezeichen.jpg",,"0","0","14 Lesezeichen",,,"1606935481000","FALSE",,"625",
"1605817162000","<p>Unter Internetsurfen oder nur Surfen wird das aufeinanderfolgende Betrachten von mehreren Webseiten bezeichnet. Dazu kommt meist ein Webbrowser wie Firefox, Chrome, Microsoft Edge etc. zum Einsatz.</p><p>&#160;</p>","33","Was versteht man unter dem Begriff Surfen?",,"<p>Unter Internetsurfen oder nur Surfen wird das aufeinanderfolgende Betrachten von mehreren Webseiten bezeichnet. Dazu kommt meist ein Webbrowser wie Firefox, Chrome, Microsoft Edge etc. zum Einsatz.</p>",,,"0","1","15 Surfen",,,"1606935481000","FALSE",,,
"1605817301000",,"33","Was ist ein Cache?",,"<p>Ein Cache ist ein Zwischenspeicher (temporärer Speicher) von Internetseiten.</p><p>Ein Cache beschleunigt die Darstellung von schon besuchten Webseiten: Aus dem Web geladene Bilder oder Webseiten werden in einem Cache zwischengelagert, sodass diese bei einem erneuten Aufruf nicht noch einmal aus dem Web geholt werden müssen.</p><p>Im Browser Microsoft Edge können diese zwischengespeicherten Dateien (Cache) so entfernt werden:</p><ul><li>Öffne den Verlauf</li><li>Klicke dort rechts oben auf die drei Punkte</li><li>Wähle <strong><em>Browserdaten löschen</em></strong> ...</li></ul>",,,"0","1","16 Cache",,,"1606935481000","FALSE",,,
"1605817338000","<p><strong>An:</strong> Hier wird die E-Mail-Adresse des/der Empfänger*in eingetragen.</p><p><br></p><p><strong>CC</strong> ist die Abkürzung für ""<strong>Carbon copy</strong>"". Wenn eine E-Mail-Adresse des/der Empfänger*in in dieses Feld einfügt wird, wird eine Kopie der Nachricht an diese Person gesendet. Der Name des/der Empfänger*in ist für die anderen Empfänger*innen der Nachricht sichtbar.</p><p><br></p><p><strong>BCC</strong> ist die Abkürzung für ""<strong>Blind carbon copy</strong>"". Wenn eine E-Mail-Adresse des/der Empfänger*in in dieses Feld einfügt wird, wird eine Kopie der Nachricht an diese Person gesendet. Der Name des/der Empfänger*in ist für die anderen Empfänger*innen der Nachricht unsichtbar.</p>","33","Was bedeutet die Abkürzung CC?","mail.jpg","<p><strong>An:</strong> Hier wird die E-Mail-Adresse des/der Empfänger*in eingetragen.</p><p><br></p><p><strong>CC</strong> ist die Abkürzung für ""<strong>Carbon copy</strong>"". Wenn eine E-Mail-Adresse des/der Empfänger*in in dieses Feld einfügt wird, wird eine Kopie der Nachricht an diese Person gesendet. Der Name des/der Empfänger*in ist für die anderen Empfänger*innen der Nachricht sichtbar.</p><p><br></p><p><strong>BCC</strong> ist die Abkürzung für ""<strong>Blind carbon copy</strong>"". Wenn eine E-Mail-Adresse des/der Empfänger*in in dieses Feld einfügt wird, wird eine Kopie der Nachricht an diese Person gesendet. Der Name des/der Empfänger*in ist für die anderen Empfänger*innen der Nachricht unsichtbar.</p>","mail (copy 1).jpg",,"0","1","18 E-Mail",,,"1606935481000","FALSE",,"627","626"
"1605817359000",,"33","Welche Ordner gibt es standardmäßig in einem E-Mail-Postfach?",,"<p><strong>Standard-E-Mail-Ordner</strong></p><p><strong>Posteingang: </strong>für empfangene E-Mails</p><p><strong>Gesendete Objekte:</strong> für Kopien der gesendeten E-Mails</p><p><strong>Gelöschte Objekte bzw. Papierkorb:</strong> für gelöschte E-Mails. </p><p>Falls notwendig, können Mails aus dem Papierkorb wieder hergestellt werden.</p><p><strong>Entwürfe:</strong> für E-Mails, die später versendet werden sollen</p><p><strong>Spam bzw. Junk:</strong> Unerwünschte E-Mails werden hier zur Sichtung aufbewahrt.</p>",,,"0","0","19 E-Mail",,,"1606935481000","FALSE",,,
"1605817363000","<p><strong>Standard-E-Mail-Ordne</strong>r</p><p><strong>Posteingang:</strong> für empfangene E-Mails</p><p><strong>Gesendete Objekte:</strong> für Kopien der gesendeten E-Mails</p><p><strong>Gelöschte Objekte bzw. Papierkorb:</strong> für gelöschte E-Mails. </p><p>Falls notwendig, können Mails aus dem Papierkorb wieder hergestellt werden.</p><p><strong>Entwürfe:</strong> für E-Mails, die später versendet werden sollen</p><p><strong>Spam bzw. Junk:</strong> Unerwünschte E-Mails werden hier zur Sichtung aufbewahrt.</p>","33","Wofür benötigt man in einem E-Mail-Postfach den Ordner Entwürfe?",,"<p><strong>Standard-E-Mail-Ordner</strong></p><p><strong>Posteingang:</strong> für empfangene E-Mails</p><p><strong>Gesendete Objekte:</strong> für Kopien der gesendeten E-Mails</p><p><strong>Gelöschte Objekte bzw. Papierkorb:</strong> für gelöschte E-Mails. </p><p>Falls notwendig, können E-Mails aus dem Papierkorb wieder hergestellt werden.</p><p><strong>Entwürfe:</strong> für E-Mails, die später versendet werden sollen</p><p><strong>Spam bzw. Junk:</strong> Unerwünschte E-Mails werden hier zur Sichtung aufbewahrt.</p>",,,"0","1","20 E-Mail",,,"1606935481000","FALSE",,,
"1605817375000",,"33","Warum werden E-Mail-Adressen auch im Feld CC eingetragen?",,"<p><strong>Standard-E-Mail-Ordner</strong></p><p><strong>Posteingang:</strong> für empfangene E-Mails</p><p><strong>Gesendete Objekte:</strong> für Kopien der gesendeten E-Mails</p><p><strong>Gelöschte Objekte bzw. Papierkorb:</strong> für gelöschte E-Mails. </p><p>Falls notwendig, können E-Mails aus dem Papierkorb wieder hergestellt werden.</p><p><strong>Entwürfe:</strong> für E-Mails, die später versendet werden sollen</p><p><strong>Spam bzw. Junk:</strong> Unerwünschte E-Mails werden hier zur Sichtung aufbewahrt.</p>","mail.jpg",,"0","1","17 E-Mail",,,"1606935481000","FALSE",,"626",
"1605817386000",,"33","Wohin muss geklickt werden, dass in der Google-Suchmaschine die Suchergebnisse auf Österreich eingeschränkt werden?",,"",,"og_laender_auswahll.jpg","0","1","20a Suchergebnisse einschränken",,,"1606935481000","FALSE","628",,
"1605817401000",,"33","Du möchtest mit der E-Mail einen Anhang (z. B. Worddokument) mit schicken. Wohin musst du klicken?",,"",,"og_anhang1.jpg","0","1","20b Anhang",,,"1606935481000","FALSE","629",,
"1605817411000",,"33","Wohin muss du klicken, damit die Nachrichtenseite neu geladen und somit aktualisiert wird?",,"",,"og_neu_laden.jpg","0","1","20d Neu laden",,,"1606935481000","FALSE","630",,
"1605817560000","<p>Im Browser Edge hei&#223;t der Men&#252;punkt <strong>Einstellungen</strong>. Dieser ist im Browserfenster rechts oben (Klick auf die drei Punkte) aufrufbar.</p>","33","Welche Einstellungen sind im Browser Edge in den Einstellungen möglich?",,"",,,"0","0","20e Startseite festlegen",,,"1606935481000","FALSE",,,
"1605859572000",,"33","Wofür benötigt man in einem E-Mail-Postfach den Ordner Papierkorb?",,"<p><strong>Standard-E-Mail-Ordner</strong></p><p><strong>Posteingang:</strong> für empfangene E-Mails</p><p><strong>Gesendete Objekte:</strong> für Kopien der gesendeten E-Mails</p><p><strong>Gelöschte Objekte bzw. Papierkorb:</strong> für gelöschte E-Mails. </p><p>Falls notwendig, können Mails aus dem Papierkorb wieder hergestellt werden.</p><p><strong>Entwürfe:</strong> für E-Mails, die später versendet werden sollen</p><p><strong>Spam bzw. Junk:</strong> Unerwünschte E-Mails werden hier zur Sichtung aufbewahrt.</p>",,,"0","1","23 E-Mail",,,"1606934551000","FALSE",,,
"1605860750000","<p>Bild: <strong>Cookies in Microsoft Edge</strong></p><p>Cookies sind Dateien, die auf dem Computer beim Besuch von Webseiten abgespeichert werden, um Einstellungen wie z. B. Anmeldeinformationen zu speichern.</p><p>Cookies können zugelassen oder blockiert werden.</p><p>Sollten die Cookies beim Beenden des Browsers <strong>automatisch</strong> <strong>gelöscht</strong> werden, kann dies hier eingestellt werden.</p>","33","Welche Aussagen bezüglich Cookie ist richtig?","og_cookies.jpg","<p>Bild: <strong>Beispiel gespeicherter Cookies in Microsoft Edge</strong></p><p>Cookies sind Dateien, die auf dem Computer beim Besuch von Webseiten abgespeichert werden, um Einstellungen wie z. B. Anmeldeinformationen zu speichern.</p><p>Diese werden beim erneuten Besuchen dieser Webseiten wieder verwendet. Das kann für den Nutzer des Internets beim neuerlichen Besuch einer Webseite sinnvoll sein und das Surfen erleichtern.</p><p>Surft man auf einem fremden PC, sollten danach die persönlichen Einstellungen und Eingaben gelöscht werden. (Microsoft Edge: Einstellungen, Einstellungen und Websiteberechtigungen, Cookies und Websitedaten)</p><p>Beispiel zum Ausprobieren: Aufruf der Seite amazon.at (nicht anmelden!), ein Artikel wird in den Warenkorb gegeben. Das Browserfenster wird geschlossen. Der Browser wird wieder geöffnet und amazon.at aufgerufen. Der Artikel ist noch immer im Warenkorb, weil Amazon ein Cookie auf dem Rechner gespeichert hat! Werden die Cookies gelöscht, der Browser geschlossen und wieder geöffnet, hat Amazon die Bestellung „vergessen“.</p>","og_cookies.jpg",,"0","0","24 Cookies",,,"1606934551000","FALSE",,"631","631"
"1605861577000","<p><strong>Eine Startseite in Edge festlegen</strong></p><p>Einstellungen, Beim Start</p>","33","Was ist die Startseite eines Browsers?","startseite-edge-festlegen.JPG","<p><span style=""color: #008000;"">Bild: Mit einem Klick auf den Befehl <strong>Startseite</strong> wird die eingestellte Startseite geladen.</span></p><p>Bekannte Browser sind Firefox, Edge, Opera und Google Chrome.</p><p>F&#252;r anonymes Surfen wird gerne der Tor-Browser verwendet.</p>","startseite-edge.JPG",,"0","1","25 Browser",,,"1606934551000","FALSE",,"633","634"
"1605862547000",,"33","Was sind Favoriten?","symbol_lesezeichen.jpg","<p>Favoriten (Microsoft Edge) oder Lesezeichen (Firefox) sind Verkn&#252;pfungen (Links) zu Internetadressen. Sie werden im Browser angelegt.</p><p><strong>Internet Explorer:</strong> Favoriten werden &#252;ber das Men&#252; Favoriten oder die Schaltfl&#228;che hinzugef&#252;gt. Favoriten k&#246;nnen &#252;bersichtlich auf Ordner verteilt werden (Favoriten verwalten).</p><p><strong>Firefox:</strong> Lesezeichen werden einfach mit einem zweimaligen Klick auf die Schaltfl&#228;che Lesezeichen hinzugef&#252;gt.</p>","symbol_lesezeichen.jpg",,"0","1","27 Favoriten",,,"1606934551000","FALSE",,"625","625"
"1605862551000",,"33","Wozu werden Daten verschlüsselt?",,"<p>Bei E-Banking, aber z.B. auch bei Bezahlungen mit Kreditkarte werden sensible Daten vom oder zum Server &#252;bertragen werden. Hier ist eine sichere Verbindung besonders wichtig, die Daten werden daher verschl&#252;sselt &#252;bertragen.</p><p>Einige E-Mail-Anbieter wie etwa gmail.com bieten eine verschl&#252;sselte Verbindung an. Sichere Verbindungen sind am <a href=""../../"">https://</a> (s steht f&#252;r secure) erkennbar.</p>",,,"0","1","28 Verschlüsselung",,,"1606934551000","FALSE",,,
"1605862569000",,"33","Wo besteht die größte Gefahr einer Infektion mit Computerviren?",,"<p>Auf jedem PC soll eine Antiviren-Software installiert sein, die regelmäßig upgedatet wird.</p>",,,"0","0","29 Computerviren",,,"1606934551000","FALSE",,,
"1605862626000","<p>E-Mails sind elektronische Briefe, die über das Internet versandt werden. Sie erreichen innerhalb von Sekunden den/die Empfänger*in.</p><p>Anhang bzw. Attachment: Beliebige Dateien können mit E-Mails verschickt werden.</p><p><br></p><p>E-Mail-Anbieter können die maximale Größe von Anhängen festlegen und den Versand von bestimmten Dateiformaten verhindern. (Google Mail verhindert beispielsweise den Versand von ausführbaren Dateien und erlaubt E-Mails bis maximal 25 MB Größe).</p>","33","Welche Aussagen passen zum Begriff E-Mail?",,"<p>E-Mails sind elektronische Briefe, die über das Internet versandt werden. Sie erreichen innerhalb von Sekunden den/die Empfänger*in.</p><p>Anhang bzw. Attachment: Beliebige Dateien können mit E-Mails verschickt werden.</p><p><br></p><p>E-Mail-Anbieter können die maximale Größe von Anhängen festlegen und den Versand von bestimmten Dateiformaten verhindern. (Google Mail verhindert beispielsweise den Versand von ausführbaren Dateien und erlaubt E-Mails bis maximal 25 MB Größe).</p>",,,"0","0","30 E-Mail",,,"1606934551000","FALSE",,,
"1605862632000",,"33","Welche Aussagen treffen über HTML zu?",,"<p>HTML-Dokumente sind die Grundlage des World Wide Web und werden von einem Webbrowser dargestellt.</p><p>Die Hypertext Markup Language abgekürzt HTML, ist sozusagen die internationale Sprache im Internet zur Darstellung von digitalen Inhalten, wie Texten, Bildern und Hyperlinks.</p>",,,"0","0","31 HTML",,,"1606934551000","FALSE",,,
"1605883321000",,"33","Welche Aussage zum Begriff Netiquette ist richtig?",,"<p>Unter der Netiquette versteht man die Verhaltensregeln in der elektronischen Kommunikation: in Foren, Chats, E-Mails, in den sozialen Medien.</p><p>Netiquette setzt sich aus dem englischen <strong>net</strong> für das „Netz“ und <strong>Etikette</strong> für „Verhaltensregeln"" zusammen.</p><p><strong>Einige Beispiele für Netiquette:</strong></p><ul><li>keine Unhöflichkeiten und Beleidigungen</li><li>aussagekräftigen Betreff bei E-Mails verwenden</li><li>gut überlegen, welche Äußerungen man macht; </li><li>Smileys können als Ersatz für Gestik und Mimik verwendet werden.</li></ul>",,,"0","1","34 Netiquette",,,"1606934551000","FALSE",,,
"1605883328000","<p>Das Aktualisieren (mit der F5-Taste oder Aktualisierungssymbol) einer Webseite ist dann notwendig, wenn sich der Inhalt laufend &#228;ndert &#8211; z.B. auf einer h&#228;ufig aktualisierten Nachrichtenseite wie www.orf.at.</p><p>Bild: Symbol Aktualisierung</p>","33","Auf einer Webseite (z. B. www.orf.at) erscheinen veraltete Nachrichten. Wie kann die angezeigte Webseite aktualisiert werden?","aktualisieren_100x120.jpg","<p>Das Aktualisieren (mit der F5-Taste oder Aktualisierungssymbol) einer Webseite ist dann notwendig, wenn sich der <strong>Inhalt laufend ändert</strong> – z. B. auf einer häufig aktualisierten Nachrichtenseite wie www.orf.at.</p><p>Bild: Symbol Aktualisierung</p>","aktualisieren_100x120.jpg",,"0","0","35 Aktualisieren",,,"1606934551000","FALSE",,"635","635"
"1605883339000",,"33","Welcher Begriff passt zu Facebook?",,"<p>In einer Online-Community kommunizieren Gruppen von Menschen elektronisch miteinander.</p><p>Bekannte Online-Community Plattformen sind Facebook, Twitter, WhatsApp.</p><p>Um in einer Online-Community teilnehmen zu k&#246;nnen, ist es notwendig, sich als Mitglied zu registrieren und ein Benutzerkonto anzulegen.</p>",,,"0","1","36 Soziales Netzwerk",,,"1606934551000","FALSE",,,
"1605883525000","<p>Weitere Informationen vom Bundesamt f&#252;r Sicherheit in der Informationstechnik zu Phishing, aktuell in der Coronakrise:</p><p><a href=""https://www.bsi-fuer-buerger.de/BSIFB/DE/Service/Aktuell/Informationen/Artikel/phishing-corona.html"">https://www.bsi-fuer-buerger.de/BSIFB/DE/Service/Aktuell/Informationen/Artikel/phishing-corona.html</a></p>","65","Wie nennt man diese Art von E-Mails?",,"",,"phishing.png","0","1","15 Phishing Mail",,,"1611865228000","FALSE","613",,
"1605886013000",,"33","Wie kann man Cookies löschen?",,"<p>Cookies sind kleine Textdateien, die Informationen über eine besuchte Website auf dem PC des Benutzers/ der Benutzer*in abspeichern.</p><p>Der/die Benutzer*in wird gefragt, ob Cookies zugelassen oder blockiert werden sollen.</p><p>Viele Webseiten funktionieren nur, wenn Cookies zugelassen werden. Beispiel: Online-Banking</p>",,,"0","0","39 Cookies",,,"1606934551000","FALSE",,,
"1605886254000",,"33","Was versteht man unter Spam?",,"<p>Spam bzw. Junk E-Mails sind unerw&#252;nschte Werbemails f&#252;r zweifelhafte Produkte wie Medikamente, Aktien oder vorget&#228;uschte Lottogewinne.</p><p>Urspr&#252;nglich stand der Begriff Spam f&#252;r Dosenfleisch, das in England oder Amerika &#252;berall erh&#228;ltlich war.</p>",,,"0","0","40 Spam",,,"1606934551000","FALSE",,,
"1605886337000",,"33","Was ist im E-Mailverkehr eine Verteilerliste?","og_verteilerliste.jpg","<p>Bild: Anlegen einer Verteilerliste - Men&#252;punkt <strong>Neue Liste</strong></p><p>Es wird eine Kontaktgruppe (oder als ""Verteilerliste"" bezeichnet) verwendet, um eine E-Mail an mehrere Personen zu senden (an ein Projektteam, ein Komitee oder nur an eine Gruppe von Freunden), ohne jeden Namen einzeln jedes Mal hinzuf&#252;gen zu m&#252;ssen, wenn die Nachricht versendet wird.</p><p>So wird ein Verein die E-Mail-Adressen seiner Mitglieder in einer Verteilerliste sammeln und mithilfe dieser mit geringem Aufwand E-Mails versenden.</p>","og_verteilerliste.jpg",,"0","1","41 Verteilerliste",,,"1606934551000","FALSE",,"636","636"
"1605886340000",,"65","Welche Aussage passt nicht für den Begriff ""Einmal-Kennwort""?",,"",,,"0","1","11 Einmal-Kennwort",,,"1611865228000","FALSE",,,
"1605886940000","<p>Startseite ist diejenige Webseite, die der Webbrowser bei seinem Programmstart l&#228;dt.</p><p>Bild: <strong>Festlegen der Startseite im Browser Edge</strong></p>","33","Wie kann im Browser Edge eine Startseite festgelegt werden?",,"<p>Eine Startseite ist diejenige Webseite, die der Webbrowser bei seinem Programmstart lädt.</p><p>Bild: Eine Möglichkeit die Startseite aufzurufen ist, auf das Symbol <strong>Startseite</strong> zu klicken.</p>","startseite-edge.JPG","Edge-Startseite","0","1","38 Startseite",,,"1606934551000","FALSE","17863","633",
"1605943961000",,"33","Wofür benötigt man in einem E-Mail-Postfach den Ordner Posteingang?",,"<p><strong>Standard-E-Mail-Ordne</strong>r</p><p><strong>Posteingang:</strong> für empfangene E-Mails</p><p><strong>Gesendete Objekte:</strong> für Kopien der gesendeten E-Mails</p><p><strong>Gelöschte Objekte bzw. Papierkorb:</strong> für gelöschte E-Mails</p><p>Falls notwendig, können Mails aus dem Papierkorb wieder hergestellt werden.</p><p><strong>Entwürfe:</strong> für E-Mails, die später versendet werden sollen</p><p><strong>Spam bzw. Junk:</strong> Unerwünschte E-Mails werden hier zur Sichtung aufbewahrt.</p>",,,"0","1","21 E-Mail",,,"1606934551000","FALSE",,,
"1605943976000",,"33","Wofür benötigt man in einem E-Mail-Postfach den Spamordner?",,"",,,"0","1","22 E-Mail",,,"1606934551000","FALSE",,,
"1605943984000","<p>Weitere Informationen vom Bundesamt f&#252;r Sicherheit in der Informationstechnik zu Phishing, aktuell in der Coronakrise:</p><p><a href=""https://www.bsi-fuer-buerger.de/BSIFB/DE/Service/Aktuell/Informationen/Artikel/phishing-corona.html"">https://www.bsi-fuer-buerger.de/BSIFB/DE/Service/Aktuell/Informationen/Artikel/phishing-corona.html</a></p>","33","Man bekommt eine E-Mail mit der Aufforderung, die Bankdaten bekannt zu geben. Wie heißt dieser Betrugsversuch?",,"<p>Unter Phishing versteht man Versuche, Anwender*innen per E-Mail zu verleiten, auf gefälschten Webseiten Zugangsdaten für beispielsweise Online-Banking einzugeben. Ziel der Betrüger ist es, das Konto zu plündern.</p>",,"phishing.png","0","1","37 Phishing",,,"1606934551000","FALSE","613",,
"1605946201000","Zusätzlich zur Zahlungsart sollte die Seriosität des Online-Shops beurteilt werden. Bei großen und bekannten Online-Shops wird es kaum Probleme geben.Während für den Käufer ein Kauf auf Rechnung am sichersten ist, wird der Verkäufer Kreditkarte bevorzugen.","65","Welche Zahlungsart gilt bei einem Online-Einkauf für den Käufer als die sicherste?",,"",,,"0","1","26 Onlinekauf",,,"1606165522000","FALSE",,,
"1605946355000","<p>Fake-Shops erkennen ist nicht ganz einfach!</p><ul><li>Google-Suche zum Shop und Bewertungen lesen.</li><li>Vor dem Kauf informieren: Impressum, Kontakt</li><li>Sehr günstige Preise sind verdächtig!</li><li>Vorauszahlungen nur, wenn man sich 100 % sicher ist!</li></ul>","65","Ich kaufe im Internet bei einem Online-Shop ein. Welche Gefahren gibt es? ",,"<p>Oft versuchen Betrüger mit Fake-Shops Konsumenten zu betrügen. Diese liefern trotz Zahlung keine oder falsche Ware, verkaufen Markenfälschungen oder wollen nur Daten für Betrugszwecke erlangen.</p>",,,"0","0","07 Onlineeinkauf",,,"1606165522000","FALSE",,,
"1605946632000",,"33","Was ist durch E-Government möglich?",,"<p>Mittels E-Government können Bürger*innen elektronisch Anfragen und Anträge an Behörden stellen.</p><p>Die Abwicklung von Amtswegen wird wie z. B. durch Download von Formularen, Jahresausgleich (Arbeitnehmer*innenveranlagung) beim Finanzamt online ermöglicht.</p><p>Formulare müssen oft nicht einmal heruntergeladen werden, sondern können gleich am Bildschirm ausgefüllt, elektronisch signiert und ebenso elektronisch an die Behörde versendet werden.</p><p>Sofern gewünscht, kann auch die (nachweisliche) Zustellung von Bescheiden elektronisch, kundenfreundlich und kostengünstig erfolgen.</p>",,,"0","1","43 E-Government",,,"1606936480000","FALSE",,,
"1605946748000",,"33","Wie können Computerdaten vor unberechtigtem Zugriff geschützt werden?",,"<p><strong>Authentifizierung:</strong> Ein/e Benutzer*in muss sich mit Benutzerkennung und Passwort anmelden. Damit „weiß"" das System, auf welche Daten der/die Benutzer*in und wie (z. B. nur lesend) zugreifen darf.</p>",,,"0","1","45 Unberechtigter Zugriff",,,"1606936480000","FALSE",,,
"1605947327000",,"33","Wofür steht der Begriff SMS?",,"<p><span style=""color: rgb(0, 128, 0);"">SMS</span> (<span style=""color: rgb(0, 128, 0);"">S</span>hort <span style=""color: rgb(0, 128, 0);"">M</span>essage <span style=""color: rgb(0, 128, 0);"">S</span>ervice) ist ein Dienst zur Übertragung von kurzen Textnachrichten über das Mobilfunknetz.</p><p><strong style=""color: rgb(0, 128, 0);"">SMS</strong><span style=""color: rgb(0, 128, 0);""> </span>werden gerne verwendet, um die <span style=""color: rgb(0, 128, 0);"">Identität des Nutzers zu bestätigen</span>: Wenn man z. B. bei einem E-Mail-Konto Passwörter für einen Zugang ändern möchte, bekommt man eine Einmal-PIN per SMS.</p><p>MMS ist eine Weiterentwicklung von SMS und erlaubt auch den Versand von Grafiken, Audio- und Videodateien.</p><p>Durch neue Messaging-Dienste wie WhatsApp und Facebook-Messanger nimmt die Bedeutung der SMS beziehungsweise MMS zusehend ab.</p>",,,"0","0","47 SMS",,,"1606936480000","FALSE",,,
"1605952305000","<p>Beispiel: Google Mail erlaubt Attachments bis zu 25 MB.</p><p>&#160;</p>","33","Welche Aussage zu E-Mails ist richtig?",,"",,,"0","0","52 E-Mail",,,"1606936480000","FALSE",,,
"1605952319000",,"33","Welche Aussagen über Podcasts sind richtig?",,"<p>Podcasts sind Audio- oder Videodateien, die über das Internet (z. B. auf YouTube) abgerufen werden können.</p><p>Das Erstellen und Publizieren von eigenen Podcasts im Internet ist mit der heutigen Technik relativ einfach.</p>",,,"0","1","53 Podcast",,,"1606936480000","FALSE",,,
"1605952535000",,"33","Für welche der Begriffe ist es sinnvoll in der Hilfe des Browsers zu suchen?",,"<p>Ein Webbrowser ist ein Programm zur Darstellung von Webseiten.</p><p>Alle, die im Internet Seiten betrachten, verwenden einen Webbrowser: Die bekanntesten Programme sind Edge von Microsoft, Firefox und Google Chrome.</p>",,,"0","0","54 Hilfefunktion",,,"1606936480000","FALSE",,,
"1605954148000","<p>Beispiel f&#252;r Blogs</p><p><a href=""http://scienceblogs.de/"">http://scienceblogs.de/</a></p><p><a href=""http://www.scilogs.de"">http://www.scilogs.de</a></p><p>&#160;</p>","97","Wie erscheinen Blogeinträge normalerweise?",,"<p>Ein <strong style=""color: rgb(0, 128, 0);"">Blog</strong><span style=""color: rgb(0, 128, 0);""> </span><span style=""color: rgb(0, 0, 0);"">oder</span><span style=""color: rgb(0, 128, 0);""> </span><strong style=""color: rgb(0, 128, 0);"">Weblog</strong><span style=""color: rgb(0, 128, 0);""> </span>ist ein meist öffentlich einsehbares Tagebuch, in dem eine Person, kurz <strong style=""color: rgb(0, 128, 0);"">Blogger</strong><span style=""color: rgb(0, 128, 0);""> </span>genannt, Aufzeichnungen führt, Sachverhalte oder Gedanken niederschreibt.&nbsp;</p><p><strong style=""color: rgb(0, 128, 0);"">Bei Blogs erscheinen neue Einträge automatisch oben.</strong></p><p>Ein Blog kann von den Leser*innen und Besucher*innen mithilfe eines <strong style=""color: rgb(0, 128, 0);"">RSS Feeds</strong> abonniert werden:</p><p>Man wird so automatisch über neue Beiträge informiert.</p><p>Beispiel für einen Blog: <a href=""http://scienceblogs.de/"" rel=""noopener noreferrer"" target=""_blank"">http://scienceblogs.de/</a></p><p>Twitter bietet Microblogs an.</p>",,,"0","1","04 Blogeinträge",,,"1606934766000","FALSE",,,
"1605954153000",,"97","Was wird verwendet, um über die neuen Einträge eines Blog informiert zu werden?",,"<p>Ein <strong style=""color: rgb(0, 128, 0);"">Blog</strong><span style=""color: rgb(0, 128, 0);""> </span><span style=""color: rgb(0, 0, 0);"">oder</span><span style=""color: rgb(0, 128, 0);""> </span><strong style=""color: rgb(0, 128, 0);"">Weblog</strong><span style=""color: rgb(0, 128, 0);""> </span>ist ein meist öffentlich einsehbares Tagebuch, in dem eine Person, kurz <strong style=""color: rgb(0, 128, 0);"">Blogger</strong><span style=""color: rgb(0, 128, 0);""> </span>genannt, Aufzeichnungen führt, Sachverhalte oder Gedanken niederschreibt.&nbsp;</p><p>Ein Blog kann von den Leser*innen und Besucher*innen mithilfe eines <strong style=""color: rgb(0, 128, 0);"">RSS Feeds</strong> abonniert werden:</p><p>Man wird so automatisch über neue Beiträge informiert.</p><p>Beispiel für einen Blog: <a href=""http://scienceblogs.de/"" rel=""noopener noreferrer"" target=""_blank"">http://scienceblogs.de/</a></p><p>Twitter bietet Microblogs an.</p>",,,"0","1","03 Blog",,,"1606934766000","FALSE",,,
"1605954154000",,"97","Was bieten Online Zusammenarbeit-Tools?",,"<p>Durch <strong style=""color: rgb(0, 128, 0);"">Online Zusammenarbeit-Tools</strong> sind lokal installierte Office-Anwendungen nicht mehr unbedingt erforderlich. Sie stehen als <strong style=""color: rgb(0, 128, 0);"">Webanwendung</strong><span style=""color: rgb(0, 128, 0);""> </span>zur Verfügung.</p><p>Webanwendungen funktionieren mit aktuellen Webbrowsern und sind daher weitgehend <strong style=""color: rgb(0, 128, 0);"">betriebssystemunabhängig</strong>!</p><p>Google (<strong style=""color: rgb(0, 128, 0);"">Google Drive</strong>) oder Microsoft (<strong style=""color: rgb(0, 128, 0);"">OneDrive</strong><strong> </strong>mit Office 365)&nbsp;stellen Webanwendungen, zum Teil sogar kostenlos, bereit.</p><p>Wichtige Online Zusammenarbeit-Tools sind <strong style=""color: rgb(0, 128, 0);"">Office-Anwendungen</strong><span style=""color: rgb(0, 128, 0);""> </span><span style=""color: rgb(0, 0, 0);"">wie Textverarbeitung, Kalkulation, Präsentation, Kalender, E-Mail und</span><span style=""color: rgb(0, 128, 0);""> </span><strong style=""color: rgb(0, 128, 0);"">Webkonferenz-Anwendungen</strong> wie Hangout von Google.</p><p>Online Zusammenarbeit-Tools alphabethisch geordnet:</p><ul><li>Aufgabenverwaltung</li><li>Blogging</li><li>Business-E-Mail</li><li>Chatrooms</li><li>Diskussionsforen</li><li>Echtzeitkommunikation (Instant Messaging)</li><li>Filesharing</li><li>Helpdeskunterstützung</li><li>Intranet</li><li>Kalender</li><li>Kommentare</li><li>Live-Präsentationen</li><li>Newsletter (RSS-Feeds)</li><li>Online-Meetings</li><li>Persönliche Homepage</li><li>Ressourcenplanung</li><li>Videokonferenz</li><li>Whiteboard</li></ul>",,,"0","0","01 Online Zusammenarbeit-Tools",,,"1606934766000","FALSE",,,
"1605954168000",,"97","Ferdinand möchte auf einer Reise über seine Erlebnisse online berichten. Er verwendet ...",,"",,,"0","1","07 Blog",,,"1605954168000","FALSE",,,
"1605955311000","<p>WhatsApp und Skype bieten VOIP an.</p>","33","Was ist VOIP (Voice Over IP)?",,"",,,"0","1","63 Voice Over  IP",,,"1606936480000","FALSE",,,
"1605978332000","<p>Informationen vom Bundesamt für Sicherheit in der Informationstechnik zu sicherem Onlinekauf:</p><p><a href=""https://www.bsi-fuer-buerger.de/BSIFB/DE/DigitaleGesellschaft/EinkaufenImInternet/OnlineShoppingbeachten/shopping_was_beachten.html?nn=6597764"" rel=""noopener noreferrer"" target=""_blank"">https://www.bsi-fuer-buerger.de/BSIFB/DE/DigitaleGesellschaft/EinkaufenImInternet/OnlineShoppingbeachten/shopping_was_beachten.html?nn=6597764</a></p><p><span style=""color: rgb(0, 0, 0);"">Unter</span><strong style=""color: rgb(0, 128, 0);""> E-Commerce</strong> (<strong style=""color: rgb(0, 128, 0);"">E</strong>lectronic-<strong style=""color: rgb(0, 128, 0);"">Commerce</strong>, Elektronischer Handel) versteht man Ein- und Verkaufsvorgänge mittels Internet.</p><p>Vor jedem Kauf sollten man den entsprechenden Online-Händler genau überprüfen, beispielsweise:</p><ul><li>Impressum</li><li>Kontaktaufnahmemöglichkeit mit dem Händler</li><li>Geschäftsbedingungen</li><li>Umsatzsteuer-Identifikationsnummer</li><li>Bewertungen im Internet</li></ul><p><br></p><p>Bezahlungsmöglichkeiten sind:</p><ul><li>Kreditkarte</li><li>Vorabüberweisung</li><li>Direktüberweisung</li><li>Nachnahme</li><li>Überweisung nach Erhalt der Ware</li></ul>","33","Welche Begriffe passen zu ""Einkauf über das Internet""?",,"<p><span style=""color: rgb(0, 0, 0);"">Unter</span><strong style=""color: rgb(0, 128, 0);""> E-Commerce</strong> (<strong style=""color: rgb(0, 128, 0);"">E</strong>lectronic-<strong style=""color: rgb(0, 128, 0);"">Commerce</strong>, Elektronischer Handel) versteht man Ein- und Verkaufsvorgänge mittels Internet.</p><p>Vor jedem Kauf sollte man den entsprechenden Online-Händler genau überprüfen, beispielsweise:</p><ul><li>Impressum</li><li>Kontaktaufnahmemöglichkeit mit dem Händler</li><li>Geschäftsbedingungen</li><li>Umsatzsteuer-Identifikationsnummer</li><li>Bewertungen im Internet</li></ul><p><br></p>",,,"0","0","42 E-Commerce",,,"1606936480000","FALSE",,,
"1605978635000",,"33","Welches Symbol steht für ""Webseite aktualisieren""?",,"",,,"0","1","46 Aktualisieren Bilder fehlen",,,"1606935628000","FALSE",,,
"1605978781000","","33","Wie kann eine Webseite aktualisiert werden?",,"<p>Bild: Symbol Aktualisieren oder F5-Taste</p>","akutalisieren.jpg",,"0","0","46 Aktualisieren",,,"1606936480000","FALSE",,"638",
"1605978874000","<p>Beispiele f&#252;r Blogs: <a href=""http://scienceblogs.de/"">http://scienceblogs.de/</a>&#160; <a href=""http://www.scilogs.de"">http://www.scilogs.de</a></p><p>Ein <span style=""color: #008000;""><strong>Blog</strong> <span style=""color: #000000;"">oder</span> <strong>Weblog</strong> </span>ist ein meist &#246;ffentlich einsehbares Tagebuch, in dem eine Person, kurz <span style=""color: #008000;""><strong>Blogger</strong> </span>genannt, Aufzeichnungen f&#252;hrt, Sachverhalte oder Gedanken niederschreibt.&#160;</p><p><span style=""color: #008000;""><strong>Bei Blogs erscheinen neue Eintr&#228;ge automatisch oben.</strong></span></p><p>Ein Blog kann von den Lesern und Besuchern mithilfe eines <span style=""color: #008000;""><strong>RSS Feeds</strong></span> abonniert werden:<br />Man wird so automatisch &#252;ber neue Beitr&#228;ge informiert.</p><p>Twitter bietet <span style=""color: #008000;""><strong>Microblogs</strong> </span>an.</p>","97","Wofür eignet sich ein Blog oder Mikroblog ideal?",,"<p>Ein <strong style=""color: rgb(0, 128, 0);"">Blog</strong><span style=""color: rgb(0, 128, 0);""> </span><span style=""color: rgb(0, 0, 0);"">oder</span><span style=""color: rgb(0, 128, 0);""> </span><strong style=""color: rgb(0, 128, 0);"">Weblog</strong><span style=""color: rgb(0, 128, 0);""> </span>ist ein meist öffentlich einsehbares Tagebuch, in dem eine Person, kurz <strong style=""color: rgb(0, 128, 0);"">Blogger</strong><span style=""color: rgb(0, 128, 0);""> </span>genannt, Aufzeichnungen führt, Sachverhalte oder Gedanken niederschreibt.&nbsp;</p><p><strong style=""color: rgb(0, 128, 0);"">Bei Blogs erscheinen neue Einträge automatisch oben.</strong></p><p>Ein Blog kann von den Leser*innen und Besucher*innen mithilfe eines <strong style=""color: rgb(0, 128, 0);"">RSS Feeds</strong> abonniert werden:</p><p>Man wird so automatisch über neue Beiträge informiert.</p><p>Beispiel für einen Blog: <a href=""http://scienceblogs.de/"" rel=""noopener noreferrer"" target=""_blank"">http://scienceblogs.de/</a></p><p>Twitter bietet Microblogs an.</p>",,,"0","1","11 Blog",,,"1606934959000","FALSE",,,
"1605978914000","<p>Um Kinder vor ungeeigneten Webinhalten und unkontrollierter Internetnutzung zu sch&#252;tzen, gibt es Inhaltsfilter und Kindersicherungen.</p><p>F&#252;r Kinder sollte der Zugriff zum Internet eingeschr&#228;nkt werden:</p><p><strong><span style=""color: #008000;"">Zeitliche Einschr&#228;nkung</span></strong><br />Kindersicherung (Software) oder Einstellung am Modem.</p><p><strong><span style=""color: #008000;"">Inhaltliche Einschr&#228;nkung</span></strong><br />Ein Inhaltsfilter verhindert den Zugriff auf ungeeignete Inhalte im Web.</p><p><strong><span style=""color: #008000;"">Micorosft Edge</span></strong> bieten <strong><span style=""color: #008000;"">Family Safety</span></strong> an. In den Einstellungen von Edge findet sich die M&#246;glichkeit, auf das Kind abgestimmte Einstellungen vorzunehmen.</p><p>Weitere Informationen des BSI f&#252;r B&#252;rger:</p><p><a href=""https://www.bsi-fuer-buerger.de/BSIFB/DE/Service/Aktuell/Informationen/Artikel/Kinderschutz_11012016.html"">https://www.bsi-fuer-buerger.de/BSIFB/DE/Service/Aktuell/Informationen/Artikel/Kinderschutz_11012016.html</a></p>","33","Welche Vorrichtung bietet Kindern und Jugendlichen Schutz vor unangemessenen Inhalten aus dem Internet?",,"<p>Um Kinder vor ungeeigneten Webinhalten und unkontrollierter Internetnutzung zu sch&#252;tzen, gibt es Inhaltsfilter und Kindersicherungen.</p><p>F&#252;r Kinder sollte der Zugriff zum Internet eingeschr&#228;nkt werden:</p><p><strong><span style=""color: #008000;"">Zeitliche Einschr&#228;nkung</span></strong><br />Kindersicherung (Software) oder Einstellung am Modem.</p><p><strong><span style=""color: #008000;"">Inhaltliche Einschr&#228;nkung</span></strong><br />Ein Inhaltsfilter verhindert den Zugriff auf ungeeignete Inhalte im Web.</p><p><strong><span style=""color: #008000;"">Micorosft Edge</span></strong> bieten <strong><span style=""color: #008000;"">Family Safety</span></strong> an. In den Einstellungen von Edge findet sich die M&#246;glichkeit, auf das Kind abgestimmte Einstellungen vorzunehmen.</p><p>&#160;</p>",,,"0","1","48 Inhaltsfilter",,,"1606936480000","FALSE",,,
"1605978972000",,"33","Welche Maßnahmen verhindern bei der Übertragung von Daten einen unbefugten Zugriff?","sicher.jpg","<p><strong>HTTPs</strong> steht f&#252;r <strong>Hyper Text Transfer Protocol secure</strong>. Damit werden Daten einer Webseite sicher &#252;bertragen, indem die Daten verschl&#252;sselt werden. F&#252;r diesen Vorgang ist ein digitales Zertifikat notwendig, das mit der Seite &#252;bertragen wird.</p><p>Mit einem Klick auf das Schlosssymbol auf der Webseite werden weitere Informationen angezeigt.</p>","sicher.jpg",,"0","1","49 https",,,"1606936480000","FALSE",,"602","602"
"1605979235000",,"33","Welche Aussagen sind bezüglich Autovervollständigen richtig?",,"<p>Browser merken sich, was in Formularfelder auf Webseiten eingegeben wurde.</p><p>Gibt man etwas in ein Formularfeld (z. B. Name, Adressen, E-Mail) oder in Anmeldefelder (z. B. Benutzername und Kennwort) auf einer Webseite ein, wird die Eingabe beim n&#228;chsten Besuch der Webseite wieder verf&#252;gbar sein und man erspart sich das Eintippen.</p><p>Bei der Eingabe von Benutzername und Kennwort (beispielsweise eine E-Mail-, Banking- oder Shopping-Website) fragt allerdings der Browser nach, ob die Daten gespeichert werden sollen. Das Speichern von Kennw&#246;rtern ist im Browser standardm&#228;&#223;ig aktiviert, kann aber in den Optionen bzw. Einstellungen deaktiviert werden. Genauso ist das L&#246;schen der gespeicherten Passw&#246;rter hier m&#246;glich.</p><p>Auf &#246;ffentlichen Computern sollten Passw&#246;rter (z. B. Facebook, Twitter, E-Mail) nie gespeichert werden.</p>",,,"0","0","50 Autovervollständigen",,,"1606936480000","FALSE",,,
"1605979255000",,"33","Welche Aussagen sind über den Begriff Dialer richtig?",,"<p>Dialer-Programme führen die Einwahl auf Telefon-Mehrwertrufnummern heimlich durch, das heißt im Hintergrund und vom Benutzer/ von der Benutzer*in unbemerkt.</p><p>Sie fügen dem Opfer finanziellen Schaden zu, der z. B. über die Telefonrechnung abgerechnet wird.</p><p>Mit der großen Verbreitung von Breitbandanschlüssen sind Dialer-Programme heute kaum von Bedeutung.</p><p>Aber: Handy-Dialer gibt es immer häufiger, die teure Premiumnummern anrufen.</p>",,,"0","0","51 Dialer",,,"1606936480000","FALSE",,,
"1605979398000","<p>Ein Webbrowser ist ein Programm zur Darstellung von Webseiten. Jeder, der im Internet Seiten betrachtet, verwendet einen Webbrowser: Die bekanntesten Programme sind Edge von Microsoft, Firefox und Google Chrome.</p>","33","Für welche der Begriffe ist es sinnvoll, in der Hilfe des Browsers zu suchen?",,"",,,"0","0","54 Hilfefunktion 02",,,"1606935628000","FALSE",,,
"1605979492000",,"33","Was sollte zur eigenen Sicherheit bei der Arbeit im Internet gemacht werden?",,"<p><span style=""color: #008000;""><strong>Wer sich anmeldet, soll sich auch abmelden.</strong></span></p><p>Browserfenster nicht einfach schlie&#223;en!</p><p><span style=""color: #008000;""><strong>Funktion Abmelden</strong></span>: Wichtig f&#252;r Seiten, die durch ein Login zug&#228;nglich sind. So wird die Datenverbindung zu einem Internet-Angebot beendet. Viele Anbieter f&#252;hren nach einer gewissen Zeit, wenn keine<span class=""ILfuVd""><span class=""hgKElc""> Aktivit&#228;t festzustellen ist,</span></span> ein automatisches Logout durch. Bei Online-Banking ist diese Zeitspanne sehr kurz, z. B. 5 Minuten.</p><p><span style=""color: #008000;""><strong>Browser schlie&#223;en</strong></span>: Dies ist wichtig, wenn ein Rechner verwendet wird, zu dem mehrere Personen Zugang haben.</p>",,,"0","1","56 Sicherheit",,,"1606936480000","FALSE",,,
"1605979628000","<p><strong>Einige Beurteilungskriterien für eine Webseite</strong></p><p><strong>Autor*in und Herausgeber*in:</strong> Welche Qualifikation besitzen diese? Ist das vollständige Impressum vorhanden?</p><p><strong>Inhalt:</strong> Ist er übersichtlich und verständlich? Was sagen andere User dazu? Was gibt es für Bewertungen?</p><p><strong>Aktualisierung:</strong> Wird die Webseite gewartet?</p><p>Kauft man im Internet ein, ist eine Kontrolle der Webseite mit einem Webshop besonders wichtig:</p><ul><li>Impressum</li><li>Kontaktaufnahmemöglichkeit mit dem Händler</li><li>Geschäftsbedingungen</li><li>Umsatzsteuer-Identifikationsnummer</li><li>Bewertungen im Internet,</li></ul><p><br></p><p>Weiter Information zu dem Thema:</p><p><a href=""https://www.bsi-fuer-buerger.de/BSIFB/DE/DigitaleGesellschaft/EinkaufenImInternet/OnlineShoppingbeachten/shopping_was_beachten.html?nn=6597764"" rel=""noopener noreferrer"" target=""_blank"">https://www.bsi-fuer-buerger.de/BSIFB/DE/DigitaleGesellschaft/EinkaufenImInternet/OnlineShoppingbeachten/shopping_was_beachten.html?nn=6597764</a></p>","33","Was deutet auf eine seriöse Webseite hin? (3 richtig)",,"<p>Unseriöse bzw. fragwürdige Seiten erkennt man beispielsweise an folgenden Merkmalen:</p><ul><li>unvollständiges oder gar kein Impressum</li><li>keine Kontaktmöglichkeiten</li><li>Fehler im Text</li><li>schlechte Bewertung im Internet</li></ul><p><br></p>",,,"0","0","57 Seriöse Webseite",,,"1606935628000","FALSE",,,
"1605979634000","<p>Ein <span style=""color: #008000;""><strong>Blog</strong> </span>(von We<span style=""color: #008000;""><strong>b-Log</strong></span>) ist eine tagebuchartig gef&#252;hrte Webseite.</p><p>Themen eines Blogs k&#246;nnen Aufzeichnungen, Erlebnisse und Sachverhalte sein. Diese werden laufend erg&#228;nzt.</p><p>In <span style=""color: #008000;""><strong>Mikroblogs</strong> </span>werden kurze Textnachrichten bzw. Postings ver&#246;ffentlicht. Beispiel: Twitter</p><p>Beispiel f&#252;r Blogs: <a href=""https://scienceblogs.de/"">https://scienceblogs.de/</a></p><p>&#160;</p><p>&#160;</p><p>&#160;</p>","33","Was kann ein Blog sein?",,"<p>Ein <span style=""color: #008000;""><strong>Blog</strong> </span>(von We<span style=""color: #008000;""><strong>b-Log</strong></span>) ist eine tagebuchartig gef&#252;hrte Webseite.</p><p>Themen eines Blogs k&#246;nnen Aufzeichnungen, Erlebnisse und Sachverhalte sein. Diese werden laufend erg&#228;nzt.</p><p>In <span style=""color: #008000;""><strong>Mikroblogs</strong> </span>werden kurze Textnachrichten bzw. Postings ver&#246;ffentlicht. Beispiel: Twitter</p><p>Beispiel f&#252;r Blogs: <a href=""https://scienceblogs.de/"">https://scienceblogs.de/</a></p>",,,"0","0","58 Blog",,,"1606936480000","FALSE",,,
"1605979776000","<p>Online-&#220;bersetzungsprogramme wie Google (translate.google.com) oder DeepL &#252;bersetzen ganze Texte.</p>","33","Mit welcher Art von Programmen kann man fremdsprachige Texte online übersetzen?",,"<p><p class=""western""><span style=""font-size: small;"">Online-&#220;bersetzungsprogramme wie Google (translate.google.com) oder DeepL &#252;bersetzen ganze Texte.</span></p></p>",,,"0","1","60 Übersetzer",,,"1606936480000","FALSE",,,
"1605979812000",,"33","Was könnte ein Verstoß gegen das Urheberrecht sein?",,"<p>Das österreichische Urheberrecht schützt das geistige Eigentum der Urheber*in.</p><p>Dies können Werke der Tonkunst, bildenden Künste und Werke der Literatur sein. Das Urheberrecht schützt sowohl die geistigen als auch die finanziellen Interessen des Urhebers/ der Urheber*in.</p><p>Die Schutzfrist endet 70 Jahren nach dem Tode des Urhebers/ der Urheber*in.</p>",,,"0","0","61 Urheberrecht",,,"1606936480000","FALSE",,,
"1605979828000","<p>L&#246;schen des Verlaufs in Microsoft Edge:</p><p>Men&#252;punkt Verlauf, Browserdaten l&#246;schen</p><p>&#160;</p>","33","Was passiert, wenn der Verlauf im Browser gelöscht wird?",,"",,,"0","1","62 Verlauf",,,"1606936480000","FALSE",,,
"1605979877000",,"33","Wozu eignet sich ein Online-Kalender?",,"",,,"0","0","64 Kalender",,,"1606936480000","FALSE",,,
"1605979920000",,"33","Wozu eignet sich ein Online-Kalender?",,"",,,"0","0","64 Kalender 02",,,"1606935628000","FALSE",,,
"1605979922000","<p>Bei Microsoft Edge geht die Funktion Ausdruck der <strong>Markierung</strong> leider ab.</p>","33","Wie kann vor dem Ausdruck einer Webseite das Layout von Hoch- auf Querformat umgestellt werden?",,"",,,"0","0","65 Hoch- und Querformat",,,"1606936480000","FALSE",,,
"1605979952000",,"33","Wo besteht große Gefahr einer Infektion mit Computerviren?",,"",,,"0","0","29 Computerviren 02",,,"1606935628000","FALSE",,,
"1605980001000","<p><strong>HTTP (Hypertext Transfer Protocol):</strong> Es dient zur Übertragung von Webseiten.</p><p><strong>HTTPs (HTTP secure)</strong>: Es ist eine sichere verschlüsselte Datenübertragung z. B. für Online-Banking.<strong> (siehe Bild)</strong></p>","33","Was versteht man unter HTTP?","sicher.jpg","<p><strong>HTTP (Hypertext Transfer Protocol):</strong> Es dient zur Übertragung von Webseiten.</p><p><strong>HTTPs (HTTP secure)</strong>: Es ist eine sichere verschlüsselte Datenübertragung z. B. für Online-Banking.<strong> (siehe Bild)</strong></p>","sicher.jpg",,"0","0","32 HTTP",,,"1606934551000","FALSE",,"602","602"
"1605980851000",,"33","Welche Aussagen treffen auf Einmalkennwörter zu?",,"",,,"0","0","81 Einmalkennwörter",,,"1606935628000","FALSE",,,
"1605980858000",,"33","Was ist ein WAN?",,"<p><strong><span style=""color: #339966;"">WAN</span></strong>: Abk&#252;rzung f&#252;r <strong><span style=""color: #339966;"">W</span></strong>ide <strong><span style=""color: #339966;"">A</span></strong>rea <strong><span style=""color: #339966;"">N</span></strong>etwork</p>",,,"0","1","82 WAN",,,"1606935628000","FALSE",,,
"1605980902000",,"33","Welche Aussagen sind bezüglich Pop-ups richtig?",,"",,,"0","0","83 Popup",,,"1606935628000","FALSE",,,
"1605980967000",,"33","Was ist ein Blog?",,"",,,"0","1","01 Blog",,,"1605980967000","FALSE",,,
"1605981027000","<p>Ein Blog ist ein auf einer Website geführtes und damit meist öffentlich einsehbares Tagebuch. Die Nachrichten werden immer wieder aktualisiert, die neuen werden nach oben gereiht.</p>","33","Ein Reisender möchte laufend online über seine Erlebnisse berichten. Welches Werkzeug eignet sich dazu am besten?",,"<p>Ein Blog ist eine tagebuchartige und meist öffentlich geführte Webseite. Die Nachrichten werden immer wieder aktualisiert, die neuen werden nach oben gereiht.</p>",,,"0","1","84 Blog",,,"1606935628000","FALSE",,,
"1605981056000",,"33","Welches der Programme ist kein Browser?",,"",,,"0","1","01 Browser 02",,,"1607532576000","FALSE",,,
"1605981086000",,"33","Man löscht einen Eintrag in einem Blog. Was könnte zutreffen?",,"",,,"0","1","02 Blog",,,"1607532576000","FALSE",,,
"1605981099000",,"33","Was bietet E-Government? ",,"",,,"0","0","03 E-Government 02",,,"1607532576000","FALSE",,,
"1605981408000","<p>In Microsoft Edge wird Autovervollständigen von Formularen auf diese Art aktiviert:</p><ul><li>Einstellungen</li><li>Profil</li><li>Persönliche Informationen</li></ul>","33","Welche Aussagen sind bezüglich Autovervollständigen richtig?",,"",,,"0","0","05 Autovervollständigen",,,"1607532576000","FALSE",,,
"1605981412000",,"33","Welche Begriffe passen zu ""Einkauf über das Internet""? (2)",,"",,,"0","0","06 E-Commerce",,,"1607532576000","FALSE",,,
"1605981748000",,"33","Ist die Favoritenleiste in Edge eingeblendet?",,"",,"07_favoritenleiste.jpg","0","1","07 Favoritenleiste",,,"1607532576000","FALSE","640",,
"1605981898000",,"33","Was ist ein WAN?",,"",,,"0","0","08 WAN",,,"1607532576000","FALSE",,,
"1605981901000",,"33","Sind Texte genauso wie Fotos urheberrechtlich geschützt?",,"",,,"0","1","09 Urheberrecht",,,"1607532576000","FALSE",,,
"1605982021000","<p>Firefox: Einstellungen, Startseite</p>","33","In welchen Browsern kann die Startseite im Menüpunkt Einstellungen, Beim Start... festgelegt werden?","einstellungen-edge.jpg",,,,"0","0","10 Startseite",,,"1607532576000","FALSE",,,"641"
"1605982025000","<p>Die <strong>Impressumspflicht</strong> des Website-Betreibers (Informationspflicht) ist im E-Commerce-Gesetz (ECG) geregelt.</p><p>Kurz gesagt: Wird die Website&#160;mit einer Gewinnerzielungsabsicht ver&#246;ffentlicht, besteht sicher eine Impressumspflicht.</p>","33","Auf jeder Website sollte ein Impressum vorhanden sein. Was findet sich beispielsweise im Impressum?",,"",,,"0","0","11 Impressum",,,"1607532576000","FALSE",,,
"1605982055000","<p>Siehe auch: <a href=""https://www.wko.at/service/wirtschaftsrecht-gewerberecht/EU-Datenschutz-Grundverordnung.html"">https://www.wko.at/service/wirtschaftsrecht-gewerberecht/EU-Datenschutz-Grundverordnung.html</a></p>","33","Was bedeutet Transparenz in der Datenschutz-Grundverordnung DSGVO?",,"",,,"0","1","12 Transparenz",,,"1607532576000","FALSE",,,
"1605982085000",,"33","Woran kannst du die Vertrauenswürdigkeit einer Webseite beurteilen?",,"",,,"0","0","14 Vertrauunswürdigkeit von Websites",,,"1607532576000","FALSE",,,
"1605982123000",,"33","Wofür steht die Abkürzung  4G LTE?",,"<p>Durch die Verwendung von Mobilfunknetzen ist es m&#246;glich, mit mobilen Ger&#228;ten wie Smartphone, Tablet oder Notebook auch unterwegs auf das Internet zuzugreifen.<br />Derzeit aktuell ist die 4. Generation 4G LTE (Long Term Evolution) mit bis 300 MBit/s Downloadrate. Die 5. Generation 5G bringt noch schnellere Daten&#252;bertragung mit deutlich verringerter Verz&#246;gerung und daher fast in Echtzeit.</p>",,,"0","1","15 4G LTE",,,"1607532576000","FALSE",,,
"1605982127000",,"33","Wie sollte eine automatische Abwesenheitsnotiz in einer Firma lauten? (Automatisch deshalb, weil jede eingehende E-Mail mit dieser Antwort beantwortet wird.)",,"",,,"0","1","13 Abwesenheitsnotiz",,,"1607532576000","FALSE",,,
"1605982218000",,"33","An welche Adresse wird für alle anderen eine unsichtbare Kopie der E-Mail geschickt?",,"",,"07_email.jpg","0","1","16 E-Mail Kopie",,,"1607532576000","FALSE","642",,
"1605982275000","","33","Welche wichtigen Begriffe gibt es in der Datenschutz-Grundverordnung DSGVO?",,"<p>Die Datenschutz-Grundverordnung ist eine Verordnung der Europäischen Union, mit der die Regeln zur Verarbeitung personenbezogener Daten durch die meisten Datenverarbeiter*innen, sowohl private wie öffentliche, EU-weit vereinheitlicht werden.</p><p>(Quelle Wikipedia)</p>",,,"0","0","18 DSGVO",,,"1607532576000","FALSE",,,
"1605982278000",,"33","Welche Möglichkeiten bietet E-Banking?",,"",,,"0","0","19 E-Banking",,,"1607532576000","FALSE",,,
"1605982297000",,"33","Wo kann eine Abwesenheitsnotiz beispielsweise erstellt werden?",,"",,,"0","1","20 Abwesenheitsnotiz",,,"1607532576000","FALSE",,,
"1605982309000",,"33","Was ist eine Signatur in einer E-Mail?",,"",,,"0","1","21 Signatur",,,"1607532576000","FALSE",,,
"1605982358000",,"33","Das Surfen mit dem Smartphone funktioniert nicht. Was kann die Ursache sein?",,"",,,"0","1","22 Zugang zum Internet",,,"1607532576000","FALSE",,,
"1605982411000",,"33","Was ist im Schnellzugriff vom Windows Explorer sichtbar?",,"",,"schnellzugriff (copy 1).jpg","0","1","Schnellzugriff 02",,,"1607532576000","FALSE","531",,
"1605982501000","<p>Im Kontextmen&#252; (rechte Maustaste auf Grafik) findet sich Ausschneiden oder Kopieren.</p><p>Beim Ausschneiden wird die Grafik in die Zwischenablage verschoben, ist damit am Ursprungsort nicht mehr vorhanden.</p><p>Die Windows Zwischenablage ist eine Ablagestelle im Computer. Wird in die Zwischenablage ein Bild, Text usw. kopiert oder verschoben, steht der Inhalt dieser Ablage durch den Befehl ""Einf&#252;gen"" zur Verf&#252;gung.</p>","34","Wie kann eine Grafik in die Zwischenablage verschoben werden?","m6_ausschneiden (copy 1).jpg","<p>Im Kontextmen&#252; (rechte Maustaste auf Grafik) findet sich Ausschneiden oder Kopieren.</p><p>Die Windows Zwischenablage ist eine Ablagestelle im Computer. Wird in die Zwischenablage ein Bild, Text usw. kopiert oder verschoben, steht der Inhalt dieser Ablage durch den Befehl ""Einf&#252;gen"" zur Verf&#252;gung.</p>","m6_ausschneiden (copy 1).jpg",,"0","1","10 Zwischenablage",,,"1605982755000","FALSE",,"657","657"
"1605982755000","<p>Zu viele Farben irritieren den Betrachter. Genauso falsch ist es, zu viele verschiedene Effekte in den Folien&#252;berg&#228;ngen oder Animationen einzusetzen. Die Aufmerksamkeit soll nicht vom Vortrag abgelenkt werden.</p>","34","Was ist bei der Erstellung von Folien falsch?",,"",,,"0","1","21 Gestaltung von Folien",,,"1605982755000","FALSE",,,
"1606156941000","<p>Durch die digitale Signatur gew&#228;hrleistet der Verfasser, dass die versendeten E-Mails von ihm verfasst und beim &#220;bermitteln nicht ver&#228;ndert wurden.</p><p>In Outlook kann ein pers&#246;nliches Benutzerzertifikat eingerichtet werden. Damit k&#246;nnen E-Mails digital unterschrieben (signiert) und verschl&#252;sselt werden.</p>","65","Was stellt eine digitale Signatur in einer E-Mail sicher?",,"<p>Bild: Mail mit digitaler Signatur in Outlook</p>","its-email-signiert.png",,"0","0","15b digitale Signatur E-Mail",,,"1606165522000","FALSE",,"17895",
"1606164654000","<p>Sichere Webseiten besitzen ein digitales Zertifikat, das von verschiedenen unabhängigen Zertifizierungsstellen (z. B. GlobalSign, Verisign, Trust Center) ausgegeben wird.</p><p>Ein digitales Zertifikat enthält Informationen über den Namen des Inhabers/ der Inhaber*in der Webseite und stellt die Authentizität dieser sicher.</p><p>Die sichere Übertragung der Webseite erfolgt verschlüsselt, erkennbar am https://, wie z. B. <a href=""https://www.meinebank.at."" rel=""noopener noreferrer"" target=""_blank"">https://www.meinebank.at.</a></p><p>Mit einem Klick auf das Vorhangschloss erhält man Informationen über die Webseite.</p><p>Weitere Infos: <a href=""http://office.microsoft.com/de-at/word-help/erhalten-eines-digitalen-zertifikats-zum-erstellen-digitaler-signaturen-HA010354319.aspx"" rel=""noopener noreferrer"" target=""_blank"">office.microsoft.com/de-at/word-help/erhalten-eines-digitalen-zertifikats-zum-erstellen-digitaler-signaturen-HA010354319.aspx</a></p>","33","Welche Aussage ist bezüglich eines digitalen Zertifikats einer Webseite falsch?","sicher.jpg","<p>Sichere Webseiten besitzen ein digitales Zertifikat, das von verschiedenen unabhängigen Zertifizierungsstellen (z. B. GlobalSign, Verisign, Trust Center) ausgegeben wird.</p><p>Ein digitales Zertifikat enthält Informationen über den Namen des Inhabers/ der Inhaber*in der Webseite und stellt die Authentizität dieser sicher.</p><p>Die sichere Übertragung der Webseite erfolgt verschlüsselt, erkennbar am https://, wie z. B. <a href=""https://www.meinebank.at."" rel=""noopener noreferrer"" target=""_blank"">https://www.meinebank.at.</a></p><p>Mit einem Klick auf das Vorhangschloss erhält man Informationen über die Webseite.</p>","sicher (copy 1).jpg","its-digitales-Zertfikat","0","1","44 Digitales Zertifikat",,,"1606936480000","FALSE","18152","601","602"
"1606164761000",,"33","Auf welchen Webseiten ist es besonders wichtig, dass Nutzer*innen sich mit Benutzername und Kennwort anmelden müssen?",,"<p>Bei E-Banking, aber z. B. auch bei Bezahlungen mit Kreditkarte werden <strong>sensible Daten</strong> vom oder zum Server übertragen werden. Neben der <strong>Anmeldung mit Benutzername und Kennwort</strong> ist eine <strong>sichere Verbindung</strong> ein Muss, die Daten werden verschlüsselt übertragen.</p><p>Einige E-Mail-Anbieter wie etwa gmail.com bieten eine verschlüsselte Verbindung an. Sichere Verbindungen sind am <strong>https://</strong> (<strong>s</strong> steht für <strong>secure</strong>) erkennbar.</p>",,,"0","1","26 Webseiten",,,"1606934551000","FALSE",,,
"1606164951000",,"65","Welche Aussagen bzw. Begriffe passen zu digitales Zertifikat?",,"",,,"0","0","08 digitales Zertifikat",,,"1606164951000","FALSE",,,
"1606165089000",,"65","Woran erkennt man eine sichere Webseite, wo Daten gesichert übertragen werden?",,"",,,"0","1","14 Sichere URL",,,"1611865228000","FALSE",,,
"1606165522000","<p>Eine <span style=""color: #008000;""><strong>digitale Signatur</strong></span> stellt sicher:</p><ul><li>die E-Mail stammt vom angegebenen Absender</li><li>die E-Mail wurde unver&#228;ndert &#252;bermittelt</li></ul><p>Optimale Sicherheit wird durch verschl&#252;sselte und digital signierte E-Mails erreicht.</p><p>Information und Erkl&#228;rungen von Microsoft:</p><p><a href=""https://support.microsoft.com/de-de/office/hinzuf%C3%BCgen-oder-entfernen-einer-digitalen-signatur-in-office-dateien-70d26dc9-be10-46f1-8efa-719c8b3f1a2d#__toc311526850"">https://support.microsoft.com/de-de/office/hinzuf%C3%BCgen-oder-entfernen-einer-digitalen-signatur-in-office-dateien-70d26dc9-be10-46f1-8efa-719c8b3f1a2d#__toc311526850</a></p>","65","Diese digitale Signatur wurde einem Dokument (PDF) angefügt. Was wird damit sichergestellt?",,"<p>Eine <span style=""color: #008000;""><strong>digitale Signatur</strong></span> stellt sicher:</p><ul><li>Das Dokument stammt vom angegebenen Absender.</li><li>Das Dokument wurde unver&#228;ndert &#252;bermittelt.</li></ul><p>Optimale Sicherheit wird durch verschl&#252;sselte und digital signierte E-Mails erreicht.</p>",,"digitales_zertifikat.jpg","0","0","15 Digitale Signatur",,,"1606165522000","FALSE","607",,
"1606222321000","","65","Wie heißt der Sicherheitsstandard für Funknetzwerke?",,"<p><span class=""st"">Wi-Fi Protected Access 2</span>, abgek&#252;rzt WPA2</p>",,,"0","1","18 Sicherheitsstandard",,,"1611865228000","FALSE",,,
"1606222336000",,"1","Welche Aussagen sind zutreffend?WPA und WPA2 sind ...",,"",,,"0","0","21 WPA und WPA2",,,"1610441073000","FALSE",,,
"1606222519000","<p><strong>WPA</strong> und <strong>WPA2</strong> bzw. <strong>WPA3</strong> sind Verschlüsselungsmethoden für ein WLAN (Funknetzwerk).</p><p><strong style=""color: rgb(0, 128, 0);"">Nach dem aktuellen Stand der Technik kann diese Verschlüsselung nicht geknackt werden. </strong></p><p><span style=""color: rgb(0, 0, 0);"">Nur Benutzer*innen, die das richtige </span><strong style=""color: rgb(0, 0, 0);"">Kennwort</strong><span style=""color: rgb(0, 0, 0);""> haben, können ein verschlüsseltes Netzwerk nutzen. </span></p><p><span style=""color: rgb(0, 0, 0);"">Durch die Verschlüsselung der Daten bei der Übertragung sind die Daten vor unberechtigte Zugriffe sicher.</span></p>","65","Was bietet WPA bzw. WPA2?",,"",,,"0","0","61 WPA und WPA2",,,"1606222519000","FALSE",,,
"1606395153000",,"1","Welche der Bilder stellen eine DVI-Schnittstellen dar?",,"",,"Schnittstellen2 (copy 1).jpg","0","1","18 DVI-Schnittstelle",,,"1611594279000","FALSE","553",,
"1606395199000",,"1","Welche der Bilder stellen eine USB-Schnittstellen dar?",,"",,"Schnittstellen2 (copy 1).jpg","0","1","19 USB-Schnittstelle",,,"1611594279000","FALSE","553",,
"1606395202000",,"1","Welche der Bilder stellen eine VGA-Schnittstellen dar?",,"",,"Schnittstellen2 (copy 1).jpg","0","1","20 VGA-Schnittstelle",,,"1611594279000","FALSE","553",,
"1606395207000",,"1","Welche Vorteile hat ein Netzwerk?",,"",,"cg_netzwerk_ressourcen.jpg","0","0","28 Netzwerk 02",,,"1611594279000","FALSE","473",,
"1606395217000",,"1","Welche der Bilder stellen Schnittstellen dar?",,"",,"Schnittstellen.jpg","0","0","07 Schnittstellen",,,"1611594279000","FALSE","552",,
"1606397218000","<p>HDMI-, VGA- und Display-Port-Schnittstellen dienen zur Verbindung des Computers mit einem Bildschirm.</p>","1","Über welchen der Anschlüsse werden Computer miteinander verbunden?",,"<p>Bild: Netzwerk-Schnittstelle mit LAN-Kabel am Laptop</p>",,"netzwerkschnittstelle-1.jpg","0","1","7b Netzwerkschnittstelle",,,"1611594279000","FALSE","550",,
"1606812047000",,"1","Wo sind die Maßeinheiten der Größe nach aufsteigend geordnet?",,"<p>1 TB = 1024 GB<br />1 GB = 1024 MB<br />1 MB = 1024 KB<br />1 KB = 1024 Byte<br />1 Byte = 8 Bit</p><p><strong><span style=""color: #008000;"">Warum die Umrechnungszahl</span><span style=""color: #008000;""> 102</span><span style=""color: #008000;"">4?</span></strong></p><p><span style=""color: #000000;"">Computer verwenden statt des im Alltag &#252;blichen Dezimalsystems ein bin&#228;res System, das nur die Ziffern 0 und 1 kennt. <br /></span></p><p><span style=""color: #000000;"">Ein Kilobyte (KB) entspricht demnach <strong><span style=""color: #008000;"">1024 (2<span class=""Expo""> hoch 10</span>)</span> </strong>Byte, ein Megabyte (MB) 1&#160;048&#160;576 (2 hoch <span class=""Expo"">20</span>) Byte, ein Gigabyte 1&#160;073&#160;741&#160;824 (2 hoch <span class=""Expo"">30</span>) Byte und ein Terabyte 2 hoch 40 Byte.<br /></span></p><p>Bei Festplatten wird zur Angabe der Speicherkapazit&#228;t so gut wie immer die Umrechnungszahl 1000 verwendet. Daher gibt dann das Betriebssystem, das mit 1024 rechnet, einen scheinbar geringeren Speicherplatz an.&#160;</p><p>Ausf&#252;hrliche Informationen gibt es hier:</p><p><a href=""http://de.wikipedia.org/wiki/Byte#Vergleich"">http://de.wikipedia.org/wiki/Byte#Vergleich</a></p>",,,"0","1","01 Maßeinheiten",,,"1611864882000","FALSE",,,
"1606812052000","<p>Um einen Buchstaben darzustellen, benötigt man mindestens 8 Bit (=1 Byte).Damit sind 255 verschiedene Zeichen möglich. Da das aber nicht für alle Schrift- und Sonderzeichen dieser Welt genügt, gibt es Zeichensätze, die bis zu 4 Bytes (= 32 Bit) pro Zeichen benötigen.</p>","1","Wie viel Speicherplatz benötigt ein Wort mit 5 Buchstaben mindestens?",,"Ein Bit stellt die kleinste elektronische Speichereinheit dar. Es gibt nur zwei Zustände: Ein oder Aus. Mehrere Bits werden zu einer Speichereinheit zusammengefasst: 8 Bit ergeben 1 Byte.Um einen Buchstaben darzustellen, benötigt man mindestens 8 Bit (=1 Byte).",,,"0","1","02 Maßeinheiten",,,"1611864882000","FALSE",,,
"1606812055000",,"1","Wofür steht die Abkürzung CD-RW?",,"<p>Eine CD-RW (RW von engl. <strong>R</strong>e<strong>W</strong>riteable) ist eine beschreibbare CD. CDs k&#246;nnen eine Speicherkapazit&#228;t von 700 bis 800 MB haben.</p>",,"cg_cd.jpg","0","1","03 CD-RW",,,"1611864882000","FALSE","440",,
"1606812057000","<p><strong>D</strong>igital <strong>V</strong>ersatile <strong>D</strong>isc</p><p>&#252;bersetzt aus dem Englischen: Digitale vielseitige Scheibe</p><p>Eine Film-DVD hat 4 bis 8 GB Speicherplatz</p>","1","Wofür steht die Abkürzung DVD?","cg_dvd.jpg","<p>Bild: DVD mit einer maximalen Speicherkapazität von 4,7 GB.</p><p>Die DVD ist ein optischer Datenschpeicher. Ein Laser tastet die DVD ab, kann Daten lesen und auf die DVD schreiben.</p><p>Der Nachfolger der DVD ist die Blu-ray Disc, auf der eine noch viel höheren Datenmenge untergebracht werden kann.</p><p>All diese Datenspeicher werden durch Streaming-Dienste (Videos, Musik), die abonniert werden, abgelöst.</p>",,"cg_dvd.jpg","0","1","04 DVD",,,"1611864882000","FALSE","441",,"441"
"1606812058000","<p>Standard-DVDs verf&#252;gen &#252;ber einen Speicherplatz von 4,7 GB. Sonderausf&#252;hrungen wie z. B. Double-Layer k&#246;nne eine Kapazit&#228;t bis zu 8,5 GB haben.</p><p>Bild: Maximale Speicherkapazi&#228;t von optischen Speichermedien</p>","1","Welche Speicherkapazität passt zu einer DVD?","cg_opt_kapazitaet.jpg","<p>Verschiedene Medien im Vergleich:</p><p>CD: 700 MB</p><p>DVD einseitig: 4,7 GB</p><p>DVD zweiseitig: 8,5 GB</p><p>Blu-ray einseitig: 25 GB</p><p>Blu-ray zweiseitig: 50 GB</p><p>&nbsp;</p>","cg_dvd.jpg",,"0","1","05 DVD Größe",,,"1611864882000","FALSE",,"441","442"
"1606812060000","<p>CDs k&#246;nnen bis zu bis zu 900 MB Daten bzw. 100 min. Audio speichern.</p>","1","Welche Speicherkapazität kann eine CD-ROM haben?","cg_cd.jpg","<p>CDs werden eher für Musik (Audio) verwendet, im Gegensatz zu BDs oder DVDs, die hauptsächlich für Videos zum Einsatz kommen.</p><p>All diese Datenträger werden durch Streaming-Dienste (Musik und Videos) abgelöst, da eine gute Internetanbindung die Daten schnell genug liefern kann.</p>","cg_cd.jpg","cg_dvd_fragezeichen.jpg","0","1","06 CDROM Speicher",,,"1611864882000","FALSE","443","440","440"
"1606812067000","<p>Hardware ist alles, was man ""angreifen"" kann: Monitor, Drucker, Maus, Computer, Festplatten, Smartphones &#8230;</p>","1","Was zählt zur Hardware?","cg_hardware.jpg","<p>Unter Hardware versteht man die technischen Komponenten, aus denen ein Computer, Tablet oder ein Smartphone besteht. Peripheriegeräte wie Drucker, Scanner, USB-Sticks und externe Festplatten sind ebenso Hardware.</p>",,"cg_hardware.jpg","0","1","07 Hardware",,,"1611864882000","FALSE","444",,"444"
"1606812071000","<p>Ein Peripherieger&#228;t ist eine Komponente oder ein Ger&#228;t, das sich au&#223;erhalb der Zentraleinheit eines Computers befindet.</p>","1","Was gehört zu den Peripheriegeräten?","cg_peripherie (copy 1).jpg","<p>Ein Peripherieger&#228;t ist eine Komponente oder ein Ger&#228;t, das sich au&#223;erhalb der Zentraleinheit eines Computers befindet.</p><p>Meist werden diese per USB-Anschluss mit dem Computer verbunden.</p>","cg_peripherie (copy 1).jpg",,"0","1","08 Peripheriegeräte",,,"1611864882000","FALSE",,"445","445"
"1606812081000","<p>1 Byte = 8 Bits</p><p>Umrechnungstabelle für weitere Maßeinheiten:</p><p>1 KB = 1024 Byte</p><p>1 MB = 1024 KB</p><p>1 GB = 1024 MB</p><p>1 TB = 1024 GB</p>","1","Welche Aussage ist richtig?",,"",,,"0","1","10 Maßeinheiten",,,"1611864882000","FALSE",,,
"1606812083000","<p><strong>Scanner</strong> tasten eine Vorlage ab und &#252;bertragen sie zum Computer. F&#252;r Papiervorlagen verwendet man <strong>Flachbettscanner</strong> bzw. <strong>Dokumentenscanner</strong>.</p><p>Handels&#252;bliche Scanner erm&#246;glichen die Speicherung in verschiedenen Bildformaten oder PDF.</p>","1","Du hast ein Arbeitsblatt (auf Papier) und möchtest es im Computer abspeichern. Mithilfe welches Gerätes machst du das?","cg_flachbettscanner.jpg","<p>Die Computertechnologie erm&#246;glicht es, Dokumente und sogar B&#252;cher zu digitalisieren.</p><p><strong>&#160;</strong></p>",,,"0","1","11 Scanner",,,"1611864882000","FALSE",,,"447"
"1606812089000",,"1","In welchem Speicher befindet sich ein laufendes Anwendungsprogramm hauptsächlich?","cg_ram.jpg","<p><strong>RAM</strong> (Arbeitsspeicher) ist der Hauptspeicher des Computers. In ihm werden die aktuell benutzten Programme und die ben&#246;tigten Daten gespeichert.</p><p>Auf gespeicherte Daten im RAM greift der Rechner&#160; <strong>wesentlich schneller</strong> zu als auf der Festplatte.</p>","cg_ram.jpg",,"0","1","12 RAM",,,"1611864882000","FALSE",,"448","448"
"1606812092000",,"1","Welcher Speicher deines Computers speichert nicht dauerhaft?","cg_ram.jpg","<p><span style=""color: rgb(128, 128, 128);"">Bild: RAM mit 168 Pins</span></p><p><strong>RAM</strong> ist die Abkürzung für <strong>Random Access Memory</strong></p><p>Als RAM wird der Arbeitsspeicher oder Hauptspeicher eines Computers, Tablets etc. bezeichnet.</p><p>Im Gegensatz zu einer Festplatte ist der RAM ein <strong>flüchtiger Speicher</strong>, er verliert die gespeicherten Daten, wenn der Computer, Tablet etc. von der Stromversorgung getrennt wird.</p><p>Das Betriebssystem, Bilder, Videos, Texte, Internetbrowser - alles, das was geöffnet ist benötigt einen Anteil des Speicherplatzes vom RAM.</p><p>Ein aktueller Computer ist mit mindestens 8 GB RAM ausgestattet.</p>","cg_ram.jpg",,"0","1","13 RAM",,,"1611864882000","FALSE",,"448","448"
"1606812095000",,"1","Du beginnst einen Text am Computer zu schreiben. In welchem Speicher ist dieser Text vorläufig gespeichert?","cg_ram.jpg","<p><span style=""color: #808080;"">Bild: RAM mit 168 Pins</span></p><p><span style=""color: #008000;""><strong>RAM</strong> </span> (<span style=""color: #008000;""><strong>R</strong><span style=""color: #333333;"">andom</span><strong> A</strong><span style=""color: #333333;"">ccess</span><strong> M</strong>emory</span>) ist der Arbeitsspeicher (Hauptspeicher) eines Computers.</p><p>Das Betriebssystem und alle ge&#246;ffneten Anwendungen ben&#246;tigen Speicherplatz im RAM.</p><p>RAM ist ein <span style=""color: #008000;""><strong>fl&#252;chtiger Speicher</strong></span>, er verliert die gespeicherten Daten, wenn das Ger&#228;t von der Stromversorgung getrennt wird.</p><p>Ein aktueller Computer ist mit <span style=""color: #008000;""><strong>4 bis 8 GB RAM</strong> </span>ausgestattet.</p>","cg_ram.jpg",,"0","1","14 RAM",,,"1611864882000","FALSE",,"448","448"
"1606812103000","<p><span style=""color: #808080;"">Bild: RAM Speicher</span></p><p><span style=""color: #008000;""><strong>RAM</strong> </span> (<span style=""color: #008000;""><strong>R</strong><span style=""color: #333333;"">andom</span><strong> A</strong><span style=""color: #333333;"">ccess</span><strong> M</strong>emory</span>) ist der Arbeitsspeicher (Hauptspeicher) eines Computers.</p><p>Das Betriebssystem und alle ge&#246;ffneten Anwendungen ben&#246;tigen Speicherplatz im RAM.</p><p>RAM ist ein <span style=""color: #008000;""><strong>fl&#252;chtiger Speicher</strong></span>, er verliert die gespeicherten Daten, wenn das Ger&#228;t von der Stromversorgung getrennt wird.</p><p>Ein aktueller Computer ist mit <span style=""color: #008000;""><strong>4 bis 8 GB RAM</strong> </span>ausgestattet.</p>","1","Welcher Speicher wird bei Stromausfall gelöscht?",,"<p><span style=""color: #808080;"">Bild: RAM Speicher</span></p><p><span style=""color: #008000;""><strong>RAM</strong> </span> (<span style=""color: #008000;""><strong>R</strong><span style=""color: #333333;"">andom</span><strong> A</strong><span style=""color: #333333;"">ccess</span><strong> M</strong></span>emory) ist der Arbeitsspeicher (Hauptspeicher) eines Computers.</p><p>Das Betriebssystem und alle ge&#246;ffneten Anwendungen ben&#246;tigen Speicherplatz im RAM.</p><p>RAM ist ein <span style=""color: #008000;""><strong>fl&#252;chtiger Speicher</strong></span>, er verliert die gespeicherten Daten, wenn das Ger&#228;t von der Stromversorgung getrennt wird.</p><p>Ein aktueller Computer ist mit <span style=""color: #008000;""><strong>4 bis 8 GB RAM</strong> </span>ausgestattet.</p>","cg_ram.jpg",,"0","1","15 RAM",,,"1611864882000","FALSE",,"448",
"1606812106000","<p>Im Taskmanager (Tastenkombination Strg+Umschalt+ESC) kann man die Speicherbelegung kontrollieren.</p>","1","Durch welche Aufrüstungsmaßnahme kann die Geschwindigkeit eines Computers für anspruchsvolle Grafik- bzw. Videoanwendungen erhöht werden? (2 richtig)","cg_taskman_ram.jpg","<p>Video- und Grafikprogramme belegen mit den bearbeiteten Daten viel Arbeitsspeicher. Falls die Kapazität des schnellen Arbeitsspeichers nicht reicht, verwendet der PC zusätzlich die langsamere Festplatte/SSD als Zwischenspeicher.</p><p>Dadurch wird der PC wesentlich langsamer.</p><p><strong style=""color: rgb(0, 128, 0);"">Eine Vergrößerung des Arbeitsspeichers (RAM) beschleunigt speicherintensive Anwendungen deutlich.</strong></p>","cg_grafik_ram.jpg",,"0","0","28 Speicheraufrüstung",,,"1611864882000","FALSE",,"454","455"
"1606812120000","<p>Die Rechengeschwindigkeit einer CPU ist abhängig von:</p><ul><li><strong style=""color: rgb(0, 128, 0);"">Taktfrequenz</strong><span style=""color: rgb(0, 128, 0);""> </span>(bis über 3 GHz aktuell)</li><li><strong style=""color: rgb(0, 128, 0);"">Anzahl der Prozessoren</strong> in der CPU</li><li><strong style=""color: rgb(0, 128, 0);"">Architektur</strong>: Modernere Prozessoren erreichen bei gleicher Taktfrequenz höhere Rechengeschwindigkeiten als ältere Prozessoren.</li></ul>","1","Wozu dient die CPU?","cg_cpu_schmal.jpg","<p><span style=""color: #000000; font-family: Verdana, Arial, Helvetica, sans-serif; font-size: 11px; font-style: normal; font-variant: normal; font-weight: normal; letter-spacing: normal; line-height: normal; orphans: auto; text-align: start; text-indent: 0px; text-transform: none; white-space: normal; widows: auto; word-spacing: 0px; -webkit-text-stroke-width: 0px; display: inline !important; float: none; background-color: #ffffff;"">Der<span class=""Apple-converted-space"">&#160;</span></span><strong style=""color: #000000; font-family: Verdana, Arial, Helvetica, sans-serif; font-size: 11px; font-style: normal; font-variant: normal; letter-spacing: normal; line-height: normal; orphans: auto; text-align: start; text-indent: 0px; text-transform: none; white-space: normal; widows: auto; word-spacing: 0px; -webkit-text-stroke-width: 0px; background-color: #ffffff;"">Prozessor (CPU)</strong><span style=""color: #000000; font-family: Verdana, Arial, Helvetica, sans-serif; font-size: 11px; font-style: normal; font-variant: normal; font-weight: normal; letter-spacing: normal; line-height: normal; orphans: auto; text-align: start; text-indent: 0px; text-transform: none; white-space: normal; widows: auto; word-spacing: 0px; -webkit-text-stroke-width: 0px; display: inline !important; float: none; background-color: #ffffff;""><span class=""Apple-converted-space"">&#160;</span>ist f&#252;r die Durchf&#252;hrung von Berechnungen zust&#228;ndig.</span></p>","cg_cpu_schmal.jpg",,"0","1","29 CPU",,,"1611864882000","FALSE",,"456","456"
"1606812122000","<p>Der Arbeitsspeicher RAM ist ein <span style=""color: #008000;""><strong>fl&#252;chtiger Speicher</strong></span> - er verliert seinen Inhalt, wenn die Stromzufuhr unterbrochen wird.</p><p>Auf den Arbeitsspeicher kann der Computer viel schneller als auf eine Festplatte zugreifen. <strong>Daher kann ein gr&#246;&#223;erer Arbeitsspeicher die Geschwindigkeit eines Computers erh&#246;hen.</strong></p>","1","Wozu benötigt ein Computer einen Arbeitsspeicher (RAM)?",,"<p>Im Arbeitsspeicher (RAM) werden die laufenden Programme und die von diesen ben&#246;tigten Daten vor&#252;bergehend (tempor&#228;r) gespeichert.</p>","cg_ram.jpg",,"0","1","30 RAM",,,"1611864882000","FALSE",,"448",
"1606812127000","<p><strong style=""color: rgb(0, 128, 0);"">Warum die Umrechnungszahl 1024?</strong></p><p>Computer verwenden statt des im Alltag üblichen Dezimalsystems ein binäres System, das nur die Ziffern 0 und 1 kennt.</p><p>Ein <strong>Kilobyte</strong> (KB) entspricht demnach 1024 (2 hoch 10) <strong>Byte</strong>, ein <strong>Megabyte</strong> (MB) 1 048 576 (2 hoch 20) Byte, ein <strong>Gigabyte</strong> 1 073 741 824 (2 hoch 30) Byte und ein <strong>Terabyte</strong> 2 hoch 40 Byte.</p><p>Bei Festplatten und SSDs wird zur Angabe der Speicherkapazität so gut wie immer die Umrechnungszahl 1000 verwendet. Daher gibt dann das Betriebssystem, das mit 1024 rechnet, einen scheinbar geringeren Speicherplatz an.</p><p>Ausführliche Informationen gibt es hier:</p><p><a href=""http://de.wikipedia.org/wiki/Byte#Vergleich"" rel=""noopener noreferrer"" target=""_blank"">http://de.wikipedia.org/wiki/Byte#Vergleich</a></p>","1","Was ist falsch?",,"<p>1 TB = 1024 GB<br />1 GB = 1024 MB<br />1 MB = 1024 KB<br />1 KB = 1024 Byte</p>",,,"0","1","32 Maßeinheiten",,,"1611864882000","FALSE",,,
"1606812132000","<p><span style=""color: #008000;""><strong>CPUs erzeugen W&#228;rme!</strong></span></p><p>Je h&#246;her die Taktfrequenz einer CPU ist, desto mehr W&#228;rme wird beim Betrieb abgegeben. Daher ben&#246;tigen die meisten CPUs eine K&#252;hlung durch einen K&#252;hlk&#246;rper mit Ventilator.</p>","1","Was wird in GHz gemessen?","cg_cpu_kuehler.jpg","<p><span style=""color: #008000;""><strong>Hertz</strong></span>: Schwingungen pro Sekunde</p><p><span style=""color: #008000;""><strong>Gigahertz GHz:</strong></span> Milliarden Schwingungen pro Sekunde</p><p>Rechenprozessoren haben eine <span style=""color: #008000;""><strong>Taktfrequenz</strong> </span>im GHz-Bereich (bis &#252;ber 3 GHz)</p>",,,"0","1","33 Maßeinheiten",,,"1611864882000","FALSE",,,"457"
"1606812138000",,"1","Wie kann dieses Fenster aufgerufen werden? ",,"",,"Laufwerk_C.jpg","0","0","34 Speichergröße",,,"1611864882000","FALSE","458",,
"1606812143000",,"1","Ein USB-Stick wird am Computer angesteckt. Wie wird dieser USB-Stick im Windows-Explorer dargestellt?",,"",,,"0","1","37 USB-Stick",,,"1611864882000","FALSE",,,
"1606930875000",,"33","Wie wird das durch Informations- und Kommunikationstechnologien unterstützte Lernen genannt?",,"",,,"0","1","04 E-Learning",,,"1607532576000","FALSE",,,
"1606930931000",,"33","Welche Aussagen treffen auf E-Learning zu?",,"<p>Das Lernen wird durch Informations- und Kommunikationstechnologien unterst&#252;tzt und digitale Medien kommen zum Einsatz.</p><p>Eine gro&#223;e Rolle spielen beim E-Learning Lernplattformen wie Microsoft Teams und Google G-Suite mit Google Classroom.</p>",,,"0","0","55 E-Learning",,,"1606936480000","FALSE",,,
"1606934551000",,"33","Wozu wird einem Computer eine IP-Adresse zugeordnet?",,"<p><strong>Abkürzung für Internet-Protocol</strong></p><p>Die IP ist eine Adresse in Computernetzen und ist eine Zahl. Geräte, die an ein Computernetz wie das Internet angebunden sind, wird eine IP-Adresse zugewiesen und machen die Geräte so adressierbar und damit erreichbar.</p><p><strong>Die IP-Adresse könnte man mit der Postanschrift auf einem Briefumschlag vergleichen</strong>. Datenpakete werden mit einer IP-Adresse versehen, die den Empfänger eindeutig identifiziert.</p><p>Beispiel einer IP-Adresse: 194.166.2.177</p><p>Die IP-Adresse des Computers kann in der Systemsteuerung - Netzwerk- und Freigabecenter herausgefunden werden. Noch einfacher: Aufruf einer Webseite, die die IP-Adresse des Computers anzeigt.</p>",,,"0","0","33 IP",,,"1606934551000","FALSE",,,
"1606934766000",,"97","Wie heißt der Fachausdruck für das Erstellen und Anbieten von Mediendateien wie z. B. Videos über das Internet?",,"",,,"0","1","25 Podcast",,,"1606934766000","FALSE",,,
"1606934836000",,"33","Welche Aussagen bezüglich Pop-ups sind richtig?",,"<p>Pop-ups sind pl&#246;tzlich erscheinende Browserfenster mit Werbeinhalten, die Teile des Bildschirms verdecken und weggeklickt werden m&#252;ssen.</p><p>Pop-ups k&#246;nnen in Microsoft Edge (Einstellungen - Erweiterte Einstellungen anzeigen), im Firefox Browser (Einstellungen &#8594; Registerkarte Inhalt) blockiert werden.</p>",,,"0","0","59 Pop-up",,,"1606936480000","FALSE",,,
"1606934959000","<p>Bilder dürfen aus dem Internet <strong style=""color: rgb(0, 128, 0);"">heruntergeladen</strong><span style=""color: rgb(0, 128, 0);""> </span>werden, auch ohne der Urheber/ die Urheber*in des Bildes zu sein. Eine Urheberrechtsverletzung ergibt sich dann, wenn dieses Bild im Internet anderen zur Verfügung gestellt wird, sei es z. B. ""nur"" in Facebook.</p>","97","Was kann ein Verstoß gegen das Urheberrecht oder die Datenschutz-Grundverordnung DSGVO beim Cloud-Computing sein?",,"<p>Das österreichische Urheberrecht schützt das geistige Eigentum der Urheber*innen. Dies können Werke der Tonkunst, bildenden Künste und Werke der Literatur sein.</p><p>Das Urheberrecht schützt sowohl die geistigen als auch die finanziellen Interessen des Urhebers/ der Urheber*in. Die Schutzfrist endet 70 Jahren nach dem Tode des Urhebers/ der Urheber*in.</p><p>Jeder Mensch, der einen Text schreibt, ein Bild malt, Musik komponiert, Fotos oder Videos macht, besitzt automatisch dafür das Urheberrecht. Er kann Kopien seiner Werke verkaufen und kann für unrechtmäßige Kopien Schadenersatz verlangen. </p><p>Wer also fremde Bilder oder Texte ohne Erlaubnis kopiert und veröffentlicht (z. B. auf seiner Homepage), begeht eine Urheberrechtsverletzung.</p><p><strong>Beispiel:</strong> Herr F. verkauft ein Produkt über das Internet. Er verwendet ein Bild aus der Google Bildersuche. Einige Tage später bekommt er einen Anwaltsbrief mit einer Geldforderung wegen Urheberrechtsverletzung.</p>",,,"0","0","02 Urheberrecht, DSGVO",,,"1606934959000","FALSE",,,
"1606935327000",,"33","Welche Aufgaben hat ein Internet Service Provider (ISP)?",,"<p>Ein <strong>Internet Service Provider</strong> (abgek&#252;rzt <strong>ISP</strong>) erm&#246;glicht dem Kunden gegen eine Geb&#252;hr den Zugang zum Internet.</p><p>Dieser Zugang zum Internet ist im Normalfall ein <strong>Breitband-Internetzugang</strong> (auch Breitbandzugang, Breitbandanschluss) mit einer verh&#228;ltnism&#228;&#223;ig hohen Daten&#252;bertragungsrate.</p>",,,"0","0","07 ISP",,,"1606935481000","FALSE",,,
"1606935481000","<p><strong>Zusammensetzung einer URL:</strong> <a href=""about:blank"" rel=""noopener noreferrer"" target=""_blank"" style=""color: rgb(128, 0, 0);"">protokoll</a><a href=""about:blank"" rel=""noopener noreferrer"" target=""_blank"">://</a><a href=""about:blank"" rel=""noopener noreferrer"" target=""_blank"" style=""color: rgb(255, 102, 0);"">rechnername</a><a href=""about:blank"" rel=""noopener noreferrer"" target=""_blank"">.</a><a href=""about:blank"" rel=""noopener noreferrer"" target=""_blank"" style=""color: rgb(51, 153, 102);"">domain</a><a href=""about:blank"" rel=""noopener noreferrer"" target=""_blank"">.</a><a href=""about:blank"" rel=""noopener noreferrer"" target=""_blank"" style=""color: rgb(128, 0, 128);"">top-level-domain</a><a href=""about:blank"" rel=""noopener noreferrer"" target=""_blank"">,</a></p><p><strong style=""color: rgb(128, 0, 0);"">HTTP - Hypertext Transfer Protocol</strong> dient zur Übertragung von Webseiten.</p><p>oder:<strong style=""color: rgb(128, 0, 0);""> HTTPS (HTTP Secure) </strong> ist eine sichere verschlüsselte Datenübertragung z. B. für Online-Banking.</p><p><strong style=""color: rgb(255, 102, 0);"">WWW</strong><strong>:</strong> Name des Webservers.</p><p><strong>Domain:</strong> In der URL <a href=""http://www.wikipedia.com/"" rel=""noopener noreferrer"" target=""_blank"">http://www.</a><a href=""http://www.wikipedia.com/"" rel=""noopener noreferrer"" target=""_blank"" style=""color: rgb(0, 128, 0);"">wikipedia</a><a href=""http://www.wikipedia.com/"" rel=""noopener noreferrer"" target=""_blank"">.com</a> ist Wikipedia der Name der <span style=""color: rgb(0, 128, 0);"">Domain (genau: Sub-Level-Domain)</span>.</p><p><strong>Top-Level-Domain:</strong> In der URL <a href=""http://www.wikipedia.com/"" rel=""noopener noreferrer"" target=""_blank"">http://www.wikipedia.</a><a href=""http://www.wikipedia.com/"" rel=""noopener noreferrer"" target=""_blank"" style=""color: rgb(128, 0, 128);"">com</a> ist <strong>com</strong> der Name der <span style=""color: rgb(128, 0, 128);"">Top-Level-Domain</span>.</p>","33","Welche dieser URLs (Internetadressen) ist richtig?",,"<p><strong>Zusammensetzung einer URL:</strong> <a href=""about:blank"" rel=""noopener noreferrer"" target=""_blank"" style=""color: rgb(128, 0, 0);"">protokoll</a><a href=""about:blank"" rel=""noopener noreferrer"" target=""_blank"">://</a><a href=""about:blank"" rel=""noopener noreferrer"" target=""_blank"" style=""color: rgb(255, 102, 0);"">rechnername</a><a href=""about:blank"" rel=""noopener noreferrer"" target=""_blank"">.</a><a href=""about:blank"" rel=""noopener noreferrer"" target=""_blank"" style=""color: rgb(51, 153, 102);"">domain</a><a href=""about:blank"" rel=""noopener noreferrer"" target=""_blank"">.</a><a href=""about:blank"" rel=""noopener noreferrer"" target=""_blank"" style=""color: rgb(128, 0, 128);"">top-level-domain</a></p><p>Beispiel:</p><p><strong>Domain:</strong> In der URL <a href=""http://www.wikipedia.com"" rel=""noopener noreferrer"" target=""_blank"">http://www.</a><a href=""http://www.wikipedia.com"" rel=""noopener noreferrer"" target=""_blank"" style=""color: rgb(0, 128, 0);"">wikipedia</a><a href=""http://www.wikipedia.com"" rel=""noopener noreferrer"" target=""_blank"">.com</a> ist Wikipedia der Name der <span style=""color: rgb(0, 128, 0);"">Domain (genau: Sub-Level-Domain)</span>.</p><p><strong>Top-Level-Domain:</strong> In der URL <a href=""http://www.wikipedia.com"" rel=""noopener noreferrer"" target=""_blank"">http://www.wikipedia.</a><a href=""http://www.wikipedia.com"" rel=""noopener noreferrer"" target=""_blank"" style=""color: rgb(128, 0, 128);"">com</a> ist <strong>com</strong> der Name der <span style=""color: rgb(128, 0, 128);"">Top-Level-Domain</span>.</p><p><br></p><p><strong style=""color: rgb(128, 0, 0);"">HTTP - Hypertext Transfer Protocol</strong> dient zur Übertragung von Webseiten.</p><p>oder:<strong style=""color: rgb(128, 0, 0);""> HTTPS (HTTPSecure) </strong> steht für eine sichere verschlüsselte Datenübertragung z. B. für Online-Banking.</p><p>Beispiel:</p><p>http<strong>s</strong>://www.statistik.at</p><p><br></p><p><strong style=""color: rgb(255, 102, 0);"">WWW</strong><strong>:</strong> Name des Webservers.</p><p><br></p>",,,"0","1","09 URL",,,"1606935481000","FALSE",,,
"1606935628000",,"33","Was gehört zu den Diensten im Internet?",,"",,,"0","0","80 Dienst - Internet",,,"1606935628000","FALSE",,,
"1606936480000",,"33","Welche Gründe gibt es, eine Verteilerliste zu verwenden?",,"",,,"0","0","41 Verteilerliste 02",,,"1606936480000","FALSE",,,
"1607532576000","","33","Wie kann eine sich im Verlauf befindende Webseite geöffnet werden?",,"<p>Bilder: Edge und Firefox</p>","Verlauf.jpg","Verlauf_edge.jpg","0","0","24 Verlauf",,,"1607532576000","FALSE","643","644",
"1610960544000","","3","Welches der drei Farbmodelle stellt das HSV-Farbmodell dar?",,,,"ie_farbmodelle_h.jpg","0","1","35 proprietäres Format",,,"1611243542000","FALSE","388",,
"1610960552000","<p><strong style=""color: rgb(24, 163, 3);"">CMYK – Farbmodell</strong></p><p>CMYK steht für die Farben <strong>C</strong>yan, <strong>M</strong>agenta, <strong>Y</strong>ellow und Schwarz (<strong>K</strong>ey). Diese Farben stehen für Druckfarben und ihr Anteil wird in Prozent von 0&nbsp;bis&nbsp;100&nbsp;% angegeben.</p><p>Das CMYK-Farbmodell ist ein <strong>subtraktives</strong> Farbmodell: Die im Bild rechts gezeigten Farbscheiben kann man sich als bunte Filterscheiben vor einem weißen beleuchteten Hintergrund vorstellen.</p><p>Die Mischung der Farben Cyan, Magenta, Yellow ergibt nur theoretisch Schwarz, in der Praxis wird im Druckprozess Schwarz (<strong>K</strong>ey) hinzugefügt. Dabei wird zusätzlich noch ein besserer Kontrast erzielt.</p><p>Alle Farbdrucker haben mindestens CMY-Farben und Schwarz. <strong>Jeder Druckvorgang eines Bildes im RGB-Farbmodell erfordert vor dem Ausdruck eine Umrechnung in das CMYK-Farbmodell.</strong></p>","3","Welches der drei Farbmodelle stellt das CMYK-Farbmodell dar?","ie_cmyk.jpg","<p><strong>CMYK – Farbmodell</strong></p><p>CMYK steht für die Farben <strong>C</strong>yan, <strong>M</strong>agenta, <strong>Y</strong>ellow und Schwarz (<strong>K</strong>ey). Diese Farben stehen für Druckfarben und ihr Anteil wird in Prozent von 0&nbsp;bis&nbsp;100&nbsp;% angegeben.</p><p>Das CMYK-Farbmodell ist ein <strong>subtraktives</strong> Farbmodell: Die im Bild rechts gezeigten Farbscheiben kann man sich als bunte Filterscheiben vor einem weißen beleuchteten Hintergrund vorstellen.</p><p>Die Mischung der Farben Cyan, Magenta, Yellow ergibt nur theoretisch Schwarz, in der Praxis wird im Druckprozess Schwarz (<strong>K</strong>ey) hinzugefügt. Dabei wird zusätzlich noch ein besserer Kontrast erzielt.</p><p>Alle Farbdrucker haben mindestens CMY-Farben und Schwarz. <strong>Jeder Druckvorgang eines Bildes im RGB-Farbmodell erfordert vor dem Ausdruck eine Umrechnung in das CMYK-Farbmodell.&nbsp;</strong></p>","ie_cmyk.jpg","ie_farbmodelle_h.jpg","0","1","01 CMYK-Farbmodell",,,"1611243542000","FALSE","388","387","387"
"1611243542000","<p>4 Farbkanäle (RGB und Transparenz) zu je 8 Bit ergeben 4,3 Mrd. Farbabstufungen.</p>","3","Wieviele Farbabstufungen sind bei 8 Bit Farbtiefe je Farbkanal möglich?",,"",,,"0","1"," 13 Transparenz, Farbtiefe",,,"1611243542000","FALSE",,,
"1611594279000",,"1","Was macht ein Antiviren-Programm?",,"",,,"0","0","01 Antiviren-Programm",,,"1611594279000","FALSE",,,
"1611864752000","<p>Die Authentifizierung stellt die Identität eines Benutzers/ einer Benutzer*in sicher.</p><p>Dies kann z. B. mit Benutzerkennung und Passwort oder einer PIN oder auch per Fingerabdruck erfolgen.</p><p>Erkennen von Gesichtern, Fingerabdrücken, der Iris sind biometrische Verfahren. Biometrische Verfahren können die Authentifizierung durch Passwörter ersetzen.</p>","65","Welche der Authentifizierungsmethoden gehört zu den biometrischen Verfahren?","m8_fingerscan.jpg","<p>Bild: Fingerprint am Laptop erspart Passworteingabe</p><p>Die Authentifizierung stellt die Identität eines Benutzers/ einer Benutzer*in sicher.</p><p>Dies kann z. B. mit Benutzerkennung und Passwort oder einer PIN oder auch per Fingerabdruck erfolgen.</p><p>Erkennen von Gesichtern, Fingerabdrücken, der Iris sind biometrische Verfahren. Biometrische Verfahren können die Authentifizierung durch Passwörter ersetzen.</p>","m8_fingerscan_ring.jpg",,"0","0","07 Biometrischen Verfahren",,,"1611865134000","FALSE",,"595","596"
"1611864882000","<p>Touchscreens können mit <strong>Finger</strong> oder einem <strong>Zeigestift</strong> bedient werden.</p>","1","Wie erfolgt bei einem Touchscreen die Dateneingabe?","cg_touchscreen.jpg","<p>Es gibt verschiedene Arten der Dateneingabe:</p><ul><li>&#252;ber die Tastatur</li><li>mittels Spracheingabe</li><li>direkt auf den Bildschirm (Touchscreen)</li><li>durch Gesten (manche Smartphones)</li></ul>","cg_touchscreen.jpg",,"0","1","09 Touchscreen",,,"1611864882000","FALSE",,"446","446"
"1611864925000","<p>Die Authentifizierung stellt die Identität eines Benutzers/ einer Benutzer*in sicher. Dies kann z. B. mit Benutzerkennung und Passwort oder einer PIN oder auch per Fingerabdruck erfolgen.</p>","65","Warum ist eine Authentifizierung notwendig?",,"<p>Beispiele für Authentifizierung:</p><p>Fingerprint (Bild), Benutzername und Passwort</p>","m8_fingerscan_ring.jpg",,"0","1","01 Authentifizierung",,,"1611865228000","FALSE",,"595",
"1611865134000","<p>Bild: Beispiel einer biometrischen Authentifizierung mit Fingerprint.</p><p>Die Authentifizierung stellt die Identität eines Benutzers/ einer Benutzer*in sicher. Das heißt, es wird ermittelt, wer die Person ist. In privaten und öffentlichen Computer-Netzwerken kann diese Authentifizierung z. B. durch Benutzerkennung und Passwort oder einer PIN erfolgen. Computer können zusätzlich beim Starten durch Passwörter oder Fingerprint abgesichert sein.</p>","65","Welche Möglichkeiten der Authentifizierung gibt es, um die Identität des Benutzers/ der Benutzer*in festzustellen?","m8_fingerscan_ring.jpg","","m8_fingerscan_ring.jpg",,"0","0","03 Authentifizierung",,,"1611865134000","FALSE",,"595","595"
"1611865228000","<p>Der Benutzer/ die Benutzer*in muss sich mehrfach identifizieren:</p><ul><li>durch Wissen (z. B. Benutzername und Passwort)</li><li>durch Besitz (z. B. Bankomatkarte, Token, Smartphone‐App)</li><li>durch biometrische Merkmale (z. B. Fingerprint, Iris-Scan)</li></ul>","65","Was ist eine Multi-Faktor-Authentifizierung?",,"",,"Cloud-sharing.jpg","0","1","02 Multi‐Faktor‐Authentifizierung",,,"1611865228000","FALSE","610",,
"1611865228134","","5","Mit welchem Zeichen beginnt jede Formel?",,"<p>Beispiel: =A1+A2</p>",,,"1","1","Formel",,,"1605647856000","FALSE",,,
"1653556091585","","1","What does an antivirus software do?",,"",,,"0","0","01 antivirus software",,,"1653556411000","TRUE",,,
"1653556091587","","1","What is the purpose of rapid access in Windows Explorer?",,"",,"schnellzugriff.jpg","0","0","29 rapid access",,,"1653556411000","TRUE","474",,
"1653556091590","","1","If the working memory in a computer is increased from 4 to 16 GB,...",,"",,,"0","1","29 working memory",,,"1653556411000","TRUE",,,
"1653556091593","<p>HDMI ports, VGA ports and display-port interfaces are used to connect the computer to a screen.</p>","1","Which of the ports is used to connect computers?",,"<p>image: network interface with a LAN cable</p>",,"netzwerkschnittstelle-1.jpg","0","1","7b network interface",,,"1653556411000","TRUE","550",,
"1653556091675","","1","Why does a computer need an operating system?",,"",,,"0","0","02 operating system",,,"1653556411000","TRUE",,,
"1653556091678","","1","What is the purpose of a screen magnifier?",,"",,"bildschirmlupe.jpg","0","0","03 screen magnifier",,,"1653556411000","TRUE","551",,
"1653556091681","","1","What is the purpose of a backup?",,"",,,"0","1","04b backup",,,"1653556411000","TRUE",,,
"1653556091684","","1","Which statements apply to CPU?",,"",,"cg_cpu.jpg","0","0","05 CPU (english)",,,"1653556411000","TRUE","451",,
"1653556091686","","1","Which statements match the term ""on-screen keyboard""?",,"",,,"0","0","06 on-screen keyboard",,,"1653556411000","TRUE",,,
"1653556091689","","1","Which of the images represent interfaces?",,"",,"Schnittstellen.jpg","0","0","07 interfaces",,,"1653556411000","TRUE","552",,
"1653556091691","","1","Which statements fit the term ""software""?",,"",,,"0","0","08 software (english)",,,"1653556411000","TRUE",,,
"1653556091693","","1","Which statement about End User Licence Agreement EULA is correct?",,"",,,"0","0","09 EULA (english)",,,"1653556411000","TRUE",,,
"1653556091695","","1","Where is it often required to enter the user name and password?",,"",,,"0","0","10 Benutzernamens und Passwort english",,,"1653556411000","TRUE",,,
"1653556091697","","1","What can stop an unresponsive application?",,"",,,"0","1","11 unresponsive application",,,"1653556411000","TRUE",,,
"1653556091699","","1","Which of the services could be described as Internet services?",,"",,,"0","0","12 Internet services",,,"1653556411000","TRUE",,,
"1653556091701","","1","Which settings are desktop settings?",,"",,,"0","0","13 desktop settings",,,"1653556411000","TRUE",,,
"1653556091704","","1","How can a screenshot (Windows operating system) be created?",,"",,,"0","0","14b screenshot",,,"1653556411000","TRUE",,,
"1653556091706","","1","Which device definitely needs mobile technology?",,"",,,"0","1","15 mobile technology",,,"1653556411000","TRUE",,,
"1653556091709","","1","Which of the designations are suitable for CPU?",,"",,"cg_cpu.jpg","0","0","16 CPU (english)",,,"1653556411000","TRUE","451",,
"1653556091711","","1","Which of the images represent an HDMI interface?",,"",,"Schnittstellen2 (copy 1).jpg","0","1","17 HDMI interface",,,"1653556411000","TRUE","553",,
"1653556091714","","1","Which of the images represent a DVI interface?",,"",,"Schnittstellen2 (copy 1).jpg","0","1","18 DVI interface",,,"1653556411000","TRUE","553",,
"1653556091718","","1","Which of the pictures represent a USB interface?",,"",,"Schnittstellen2 (copy 1).jpg","0","1","19 USB interface",,,"1653556411000","TRUE","553",,
"1653556091721","","1","Which of the pictures represent a VGA interface?",,"",,"Schnittstellen2 (copy 1).jpg","0","1","20 VGA interface",,,"1653556411000","TRUE","553",,
"1653556091725","","1","What indicates a link to a document?",,"",,"Verknüpfung_gross (copy 1).jpg","0","0","21 link",,,"1653556411000","TRUE","554",,
"1653556091728","","1","Which information is correct?",,"",,"betriebssystem (copy 1).jpg","0","0","22 Windows 10 Systeminformationen english",,,"1653556411000","TRUE","555",,
"1653556091731","","1","Which views of files and folders are there?",,"",,"Ordner_Ansichten.jpg","0","0","23 views of files and folders",,,"1653556411000","TRUE","556",,
"1653556091734","","1","Do you call this hard disk an external or internal one?",,"",,"usb-festplatte_weiss.jpg","0","1","24 hard disk",,,"1653556411000","TRUE","557",,
"1653556091736","","1","Do you call this hard disk an external or internal one?",,"<p>This hard disc is opened for demonstration purposes.</p>",,"cg_festplatte (copy 1).jpg","0","1","25 hard disk",,,"1653556411000","TRUE","450",,
"1653556091738","","1","The information about a folder can be displayed by right-clicking on the folder. Which statements are correct?",,"",,"Ordnerinfromation.jpg","0","0","26 information about a folder",,,"1653556411000","TRUE","558",,
"1653556091741","","1","In this case, how do you know that the folder is zipped?",,"",,"archivzip.jpg","0","0","27 zipped",,,"1653556411000","TRUE","559",,
"1653556091743","","1","What are the advantages of a network?",,"",,"cg_netzwerk_ressourcen.jpg","0","0","28 network",,,"1653556411000","TRUE","473",,
"1666544679212","","161","Wie nennt man den Vorgang, bei dem unnötige Informationen herausgefiltert werden?",,"",,,"0","1","1 Abstraktion",,,"1667487123000","FALSE",,,
"1666549587642","","161","Wie nennt man die Überprüfung, ob der gewünschte Zweck erreicht worden ist?",,"",,,"0","1","2. Evaluation",,,"1667487123000","FALSE",,,
"1666549734812","","161","Wie nennt man den Vorgang, bei dem komplexe Probleme in kleinere, einfacher verständliche zerlegt werden?",,,,,"0","1","3. Problemzerlegung",,,"1667487123000","FALSE",,,
"1666549907351","","161","Wie nennt man in der EDV eine Folge von Anweisungen?",,"",,,"0","1","4. Algorithmus",,,"1667487123000","FALSE",,,
"1666550002675","","161","Wie nennt man in der EDV wiederkehrende Anordnungen bzw. ähnliche Strukturen?",,"",,,"0","1","5. Muster",,,"1667487123000","FALSE",,,
"1666550394167","","161","Nicht nur in der Informatik gibt es Algorithmen. Was sind im Alltag Algorithmen? (3 richtig)",,"",,,"0","0","6. Algorithmus",,,"1667487123000","FALSE",,,
"1666550519928","","161","Welcher Vorteil hat die Zerlegung einer Handlung (eines Problems) in Teile (einzelne Anweisungen)? Denk an ein Kochrezept!",,"",,,"0","1","7. Zerlegung eines Problems in kleinere",,,"1667487123000","FALSE",,,
"1666550597193","","161","Was sind hier eindeutige Handlungsvorschriften? (2 richtig)",,"",,,"0","0","8. Handlungsvorschriften",,,"1667487123000","FALSE",,,
"1666550808028","","161","Was bedeutet der Begriff ""komplex""",,"",,,"0","1","9. komplex",,,"1667487123000","FALSE",,,
"1666550932917","","161","Was passt zur Evaluation? (1 bis 4 kann richtig sein)",,"",,,"0","0","10. Evaluation",,,"1667487123000","FALSE",,,
"1666554654185","","161","Welchen Fachausdruck gibt es für den Prozess der Analyse von Problemen und Aufgaben und die Findung von möglichen Lösungen?",,"",,,"0","1","11 Computational Thinking",,,"1667487123000","FALSE",,,
"1666555452209","","161","Welche Methode ist KEIN typischer Bestandteil des Computational Thinking?",,"",,,"0","1","12. Computational Thinking",,,"1667487123000","FALSE",,,
"1666555903570","","161","Welche der folgenden Antworten ist das beste Beispiel für die Zerlegung eines Problems?",,"",,,"0","1","13 Zerlegung von Problemen",,,"1667487123000","FALSE",,,
"1666557925681","","161","Welches gleichbleibende Muster findet sich normalerweise in vielen Backrezepten?",,"",,,"0","1","14 Muster",,,"1667487123000","FALSE",,,
"1666806882788","","161","In vier Rezepten soll man das Backrohr vorheizen. Wie könnte man dies, übertragen auf Computational Thinking, bezeichnen?",,"",,,"0","1","15 Muster",,,"1667487123000","FALSE",,,
"1666807200336","","161","Welcher Begriff erklärt sehr gut ein Computerprogramm?",,"",,,"0","1","16 Computerprogramm",,,"1667487123000","FALSE",,,
"1666807393980","","161","Wie nennt man Personen, die ein Computerprogramm erstellen? (2 richtig)",,"",,,"0","0","17 ProgrammiererInnen",,,"1667487123000","FALSE",,,
"1666807541698","","161","Welche zwei Typen von Programmcodes gibt es?",,"",,,"0","0","18 Programmcode",,,"1667487123000","FALSE",,,
"1666807818863","","161","Hans hat eine Programmiersprache erlernt. Damit kann er...",,"",,,"0","1","19 Quellcode",,,"1667487123000","FALSE",,,
"1666808150866","","161","Was bedeutet es, wenn eine Programmiersprache, z. B. Python, den Quellcode interpretieren kann?",,"",,,"0","1","20 interpretieren",,,"1667487123000","FALSE",,,
"1666808414592","&lt;p&gt;Wenn du programmieren kannst, schreibst du einen Quellcode, einen lesbaren Text. Manche Programmiersprachen können den Quellcode direkt ausführen, andere erzeugen erst einen Maschinencode, der dann ausgeführt wird.&lt;/p&gt;&lt;p&gt;Dieser Maschinencode ist nicht lesbar, z.b. 4D 5A 45 00 - usw.&lt;/p&gt;","161","Ist der Quellcode ein lesbarer Text?",,"",,,"0","1","21 Quellcode",,,"1667487123000","FALSE",,,
"1666808596755","","161","Wie wird Quellcode auch genannt?",,"<p>&lt;p&gt;Bedenke: Python, Scratch, C++ sind Computersprachen!&lt;/p&gt;</p>",,,"0","1","22 source code",,,"1667487123000","FALSE",,,
"1666814222119","","161","Welche Begriffe bzw. Aussagen passen zu Maschinencode? (3 richtig)",,"",,,"0","0","23 Maschinencode",,,"1667487123000","FALSE",,,
"1666814679578","","161","Was steht am Anfang der Programmentwicklung?",,"<p><strong>Phasen der Programmentwicklung</strong></p><p><strong>Analyse</strong></p><p>In der Analyse werden die zu lösenden Probleme überlegt und definiert. Alle Aspekte des Problems werden aufgelistet.</p><p><strong>Entwurf</strong></p><p>Im Entwurf werden die Algorithmen (Folgen von Anweisungen) ausgearbeitet. Das Problem wird in kleinere Teile zerlegt und&nbsp;der Algorithmus entworfen.</p><p><strong>Programmierung</strong></p><p>Der Algorithmus wird in der ausgewählten Programmiersprache für den Computer verständlich formuliert.</p><p><strong>Testen</strong></p><p>Dabei wird überprüft, ob das Programm tatsächlich so arbeitet, wie es soll. Eventuelle Fehler sollen gefunden und behoben werden.</p>",,,"0","1","24 Programmentwicklung",,,"1667487123000","FALSE",,,
"1666814690576","","161","In welche Phase der Programmentwicklung wird überprüft, ob das Programm so arbeitet, wie es soll?",,"<p><strong>Phasen der Programmentwicklung</strong></p><p><strong>Analyse</strong></p><p>In der Analyse werden die zu lösenden Probleme überlegt und definiert. Alle Aspekte des Problems werden aufgelistet.</p><p><strong>Entwurf</strong></p><p>Im Entwurf werden die Algorithmen (Folgen von Anweisungen) ausgearbeitet. Das Problem wird in kleinere Teile zerlegt und&nbsp;der Algorithmus entworfen.</p><p><strong>Programmierung</strong></p><p>Der Algorithmus wird in der ausgewählten Programmiersprache für den Computer verständlich formuliert.</p><p><strong>Testen</strong></p><p>Dabei wird überprüft, ob das Programm tatsächlich so arbeitet, wie es soll. Eventuelle Fehler sollen gefunden und behoben werden.</p>",,,"0","1","25 Analyse",,,"1667487123000","FALSE",,,
"1666814808895","","161","In welche Phase der Programmentwicklung werden die Algorithmen (Folgen von Anweisungen) entworfen?",,"<p><strong>Phasen der Programmentwicklung</strong></p><p><strong>Analyse</strong></p><p>In der Analyse werden die zu lösenden Probleme überlegt und definiert. Alle Aspekte des Problems werden aufgelistet.</p><p><strong>Entwurf</strong></p><p>Im Entwurf werden die Algorithmen (Folgen von Anweisungen) ausgearbeitet. Das Problem wird in kleinere Teile zerlegt und&nbsp;der Algorithmus entworfen.</p><p><strong>Programmierung</strong></p><p>Der Algorithmus wird in der ausgewählten Programmiersprache für den Computer verständlich formuliert.</p><p><strong>Testen</strong></p><p>Dabei wird überprüft, ob das Programm tatsächlich so arbeitet, wie es soll. Eventuelle Fehler sollen gefunden und behoben werden.</p>",,,"0","1","26 Entwurf",,,"1667487123000","FALSE",,,
"1666814919088","","161","In welche Phase der Programmentwicklung wird die Programmiersprache, für den Computer verständlich, formuliert?",,"<p><strong>Phasen der Programmentwicklung</strong></p><p><strong>Analyse</strong></p><p>In der Analyse werden die zu lösenden Probleme überlegt und definiert. Alle Aspekte des Problems werden aufgelistet.</p><p><strong>Entwurf</strong></p><p>Im Entwurf werden die Algorithmen (Folgen von Anweisungen) ausgearbeitet. Das Problem wird in kleinere Teile zerlegt und&nbsp;der Algorithmus entworfen.</p><p><strong>Programmierung</strong></p><p>Der Algorithmus wird in der ausgewählten Programmiersprache für den Computer verständlich formuliert.</p><p><strong>Testen</strong></p><p>Dabei wird überprüft, ob das Programm tatsächlich so arbeitet, wie es soll. Eventuelle Fehler sollen gefunden und behoben werden.</p>",,,"0","1","27 Programmierung",,,"1667487123000","FALSE",,,
"1666815033576","","161","In welcher letzten Phase der Programmentwicklung werden gefundene Fehler behoben?",,"<p><strong>Phasen der Programmentwicklung</strong></p><p><strong>Analyse</strong></p><p>In der Analyse werden die zu lösenden Probleme überlegt und definiert. Alle Aspekte des Problems werden aufgelistet.</p><p><strong>Entwurf</strong></p><p>Im Entwurf werden die Algorithmen (Folgen von Anweisungen) ausgearbeitet. Das Problem wird in kleinere Teile zerlegt und&nbsp;der Algorithmus entworfen.</p><p><strong>Programmierung</strong></p><p>Der Algorithmus wird in der ausgewählten Programmiersprache für den Computer verständlich formuliert.</p><p><strong>Testen</strong></p><p>Dabei wird überprüft, ob das Programm tatsächlich so arbeitet, wie es soll. Eventuelle Fehler sollen gefunden und behoben werden.</p>",,,"0","1","28 Testen",,,"1667487123000","FALSE",,,
"1666815299060","","161","Was passt zu formaler Sprache? (2 richtig)",,"",,,"0","0","29 formale Sprache",,,"1667487123000","FALSE",,,
"1666816624643","","161","Was ist eine Programmspezifikation?",,"&lt;p&gt;&lt;ul&gt;&lt;li&gt;Beschreibung eines definierten Leistungsumfangs&lt;/li&gt;&lt;li&gt;Konzept mit detaillierter Aufgabenfestlegung&lt;/li&gt;&lt;li&gt;Phase in der Programmentwicklung, bezeichnet die Anforderungsdefinition oder den Entwurf&lt;/li&gt;&lt;/ul&gt;&lt;/p&gt;",,,"0","0","30 Spezifikation",,,"1667487123000","FALSE",,,
"1666817473513","","161","Eine Nachricht wird am Smartphone angezeigt. Was ist das für ein Vorgang?",,"",,,"0","1","2. Ausgabe",,,"1667489322000","FALSE",,,
"1666817875617","","161","Was sind Ausgaben am Gerät? (2 richtig)",,"",,,"0","0","3. Ausgaben",,,"1667489322000","FALSE",,,
"1666818997405","&lt;p&gt;Weitere &lt;a href=""https://pctipps.de/pseudocode-schreiben/""&gt;Weitere Information zu Pseudocode&lt;/a&gt;!&lt;/p&gt;","161","Was passt zu dem Begriff Pseudocode? (3 richtig)",,"<ul><li>Pseudocode ist eine detaillierte und nicht nur für Programmierer lesbare <strong>Beschreibung</strong> dessen, was ein Computerprogramm oder ein Algorithmus machen soll.</li><li>Pseudocode ist ein wichtiger Schritt im Entwicklungsprozess eines Programmes!</li><li>Pseudocode wird in einer <strong>natürlichen Sprache</strong> und nicht in einer Programmiersprache ausgedrückt.</li><li>Der Pseudocode ist ja detailliert und doch lesbar, dies ermöglicht dem gesamten Team die spätere tatsächliche Programmierung zu überprüfen. Fehler können noch vor der wirklichen Programmierung ausgebessert werden!</li></ul><p><strong>Fehler erst nach der Programmierung auszubessern, erhöht die Kosten enorm!</strong></p>",,,"0","0","4. Pseudocode",,,"1667489322000","FALSE",,,
"1666819343674","","161","In Python wurde folgender Code geschrieben: print(""Hallo!""). Welcher Begriff passt dazu?",,"",,,"0","1","5. Code",,,"1667489322000","FALSE",,,
"1666819348225","","161","Welcher Begriff passt zu diesen Anweisungen: 
Erhöhe den Wert um 5. 
Zeig diesen Wert an.",,"",,,"0","1","6. Code",,,"1667489322000","FALSE",,,
"1666855823931","<p>Beim Schreiben von Pseudocode werden die Struktur und einige Konventionen von Programmiersprachen verwendet.</p>","161","Warum bzw. wo werden im Programmcode Wörter eingerückt?",,"<p>Die Wörter <strong>Warten</strong> und <strong>sonst</strong> sind eingerückt. </p><p>Warten soll man so lang, bis der Kuchen fertig ist - durch die Einrückung ist der Code einfacher verständlich.</p><p>Backrohr auf 180° C stellen</p><p>Zutaten mischen</p><p>Kuchen ins Backrohr stellen</p><p>Kontrollieren, ob Kuchen fertig ist, wenn nicht</p><p>&nbsp;&nbsp;&nbsp;&nbsp;&nbsp;Warten</p><p>sonst</p><p>&nbsp;&nbsp;&nbsp;&nbsp;&nbsp;&nbsp;Kuchen aus Backrohr nehmen</p><p>STOP</p>",,,"0","1","7 Einrückung",,,"1667489322000","FALSE",,,
"1666856160914","","161","Wie lautet der Fachausdruck für die Reihenfolge von Anweisungen?",,"<p>Die Reihenfolge von Anweisungen muss richtig sein, daher soll diese genau kontrolliert werden.</p><p>Z. B. muss beim Kochen zuerst kontrolliert werden, ob alle Zutaten vorhanden sein. Sollte dies nicht der Fall sein, müssen diese eingekauft werden.</p>",,,"0","1","8 Falsche Reihenfolge",,,"1667489322000","FALSE",,,
"1666857506042","","161","Welches Flussdiagrammelement muss im folgenden Beispiel verwendet werden: Der Programmablauf soll gestartet werden.",,"",,"flussdiagramme-symbole (copy 1).PNG","0","1","9 Flussdiagramm",,,"1667489322000","FALSE","18023",,
"1666857510080","&lt;p&gt;Sollten Zutaten fehlen, muss man einkaufen gehen.&lt;/p&gt;","161","Welches Flussdiagrammelement muss im folgenden Beispiel verwendet werden: Ist für das Kuchenbacken ein Einkauf notwendig?",,"",,"flussdiagramme-symbole (copy 1).PNG","0","1","10 Flussdiagramm",,,"1667489322000","FALSE","18023",,
"1666857667040","","161","Welches Flussdiagrammelement muss im folgenden Beispiel verwendet werden: Die Zeituhr beim Backofen zeigt an, dass der Kuchen fertig sein sollte.",,"",,"flussdiagramme-symbole (copy 1).PNG","0","1","11 Flussdiagramm",,,"1667489322000","FALSE","18023",,
"1667162643361","","161","Wie kann ein Algorithmus (=Reihe von Anweisungen) dargestellt werden? (3 richtig)",,"",,,"0","0","12 Algorithmus",,,"1667489322000","FALSE",,,
"1667163111359","","161","Welche Aussagen passen zu dem Begriff Variable?",,"",,,"0","0","13 Variable",,,"1667489322000","FALSE",,,
"1667168007591","","161","Was ist der Hauptzweck einer Schleife?",,"",,,"0","1","14 Schleife",,,"1667489322000","FALSE",,,
"1667168272644","","161","Welche Funktion hat eine Wiederhole-bis-Schleife?",,"",,,"0","1","15 Schleife",,,"1667489322000","FALSE",,,
"1667487625605","","161","Welche Block-Kategorie in Scratch dient zum Rechnen?",,"",,,"0","1","16 Scratch1",,,"1667489322000","FALSE",,,
"1667488079682","","161","Welche Aussagen über Variablen ist richtig? (2 richtig)",,"",,,"0","0","17 Scratch2",,,"1667489322000","FALSE",,,
"1667488476451","","161","Was bedeutet das, wenn eine Variable initialisiert wird?",,"",,,"0","1","18 Scratch3",,,"1667489322000","FALSE",,,
"1667488779366","","161","Was passiert mit der Variable ""Länge"", wenn in der Anweisung ""setze Länge auf 20"" befolgt wird?",,"",,,"0","1","19 Scratch4",,,"1667489322000","FALSE",,,
"1667488897164","","161","Welche der Vergleichsoperatoren bedeutet ""kleiner""?",,"",,,"0","0","20 Scratch5",,,"1667489322000","FALSE",,,
"1667489322582","&lt;p&gt;Beachte - Hier gilt: Punkt vor Strich&lt;/p&gt;","161","Wie schaut die Rechnung aus?",,"",,"DG-Operatoren-Scratch.PNG","0","0","21 Scratch Operatoren",,,"1667489322000","FALSE","18024",,
"1667489322583","","161","Was bedeutet Implementierung in der Softwareentwicklung?",,"<p>Entwicklung einer Software, Schritte:</p><ul><li><strong>Problemstellung</strong>: welche Aufgabe soll die Software lösen</li><li><strong>Anforderungen </strong>werden genau <strong>definiert</strong></li><li>Algorithmen, Modelle <strong>entworfen</strong></li><li>Das, was sich ergeben hat, wird umgesetzt oder anders genannt <strong>implementiert</strong>: Ein ausführbarer Programmcode wird programmiert.</li></ul>",,,"1","1","22 Implementierung",,,"1667489322000","FALSE",,,
"1667489322615","","1","MS Windows hat eine Spracherkennungssoftware integriert. Was ersetzt diese?",,"<p><strong>Spracherkennungssoftware bei MS Windows</strong>: </p><p>Schaltfläche&nbsp;Start, Einstellungen &gt;&nbsp;Zeit und Sprache &gt; Spracherkennung</p>",,,"1","1","Spracherkennungssoftware",,,"1611864882000","FALSE",,,
"1667489322616","","65","Welches der Kennwörter entspricht am besten den Sicherheitsrichtlinien?
Beachte: Minimum sind Buchstaben und Ziffern!",,"",,,"1","1","Kennwörter",,,"1606164951000","FALSE",,,
"1669654157959","","193","Was passt zu Smart Home?",,"",,,"0","1","5. Smarthome",,,"1672725743001","FALSE",,,
"1669654206199","","193","Warum bekommt eine Person, die z. B. nach Fernseher gesucht hat, Werbeanzeigen von Fernsehern angezeigt?",,"",,,"0","1","6. Werbung",,,"1672725743001","FALSE",,,
"1669654271499","","193","Welche Arten bzw. Anwendungsbeispiele der KI gehört (nach der Definition der Europäischen Kommission) zu Software?",,"<p><strong>Arten von KI&#160;</strong></p><ul><li>Software: virtuelle Assistenten, Bildanalysesoftware, Suchmaschinen, Sprach- und Gesichtserkennungssysteme&#160;</li><li>""Eingebettete"" KI: Roboter, autonome Pkw, Drohnen, Anwendungen des ""Internets der Dinge""&#160;</li></ul><p>(Definition der Europ&#228;ischen Kommission)&#160;</p><p>&#160;</p>",,,"0","0","7. KI - Software",,,"1672725743001","FALSE",,,
"1669654325746","","193","Welche Arten bzw. Anwendungsbeispiele der KI gehört (nach der Definition der Europäischen Kommission) zu ""Eingebettete"" KI?",,"<p><strong>Arten von KI&nbsp;</strong></p><ul><li><strong>Software</strong>: virtuelle Assistenten, Bildanalysesoftware, Suchmaschinen, Sprach- und Gesichtserkennungssysteme&nbsp;</li><li>&nbsp;<strong>""Eingebettete"" KI</strong>: Roboter, autonome Pkw, Drohnen, Anwendungen des ""Internets der Dinge""&nbsp;</li></ul><p>(Definition der Europäischen Kommission)&nbsp;</p><p>&nbsp;</p>",,,"0","0","8 Eingebettete KI",,,"1672725743001","FALSE",,,
"1669654386609","","193","Welche Beispiele passen zu Smart Farming?",,"",,,"0","0","9 Smart Farming",,,"1672725743001","FALSE",,,
"1669654441034","","193","X Was können technische Systeme mit KI?",,"",,,"0","0","10 Technische System mit KI",,,"1672725743001","FALSE",,,
"1669654566985","","193","KI kann genutzt werden, um z. B. Videos zu verfälschen, die echt aussehen. Wie nennt man diese Art von Fälschungen?",,"",,,"0","1","11 Deep Fake",,,"1672725743001","FALSE",,,
"1669654654578","","193","Jemand hat den Eindruck, dass sich alle Menschen wie er für kleine Hunde interessieren, da er laufend Nachrichten genau zu diesem Thema bekommt. Wie nennt man das?",,"",,,"0","1","12 Filterblase",,,"1672725743001","FALSE",,,
"1669654822259","","193","X CS Durch welches Tool kann das Surfverhalten eines Nutzers erfasst werden?",,"",,,"0","1","13 Online Tracking",,,"1672725743001","FALSE",,,
"1669654881111","","193","X Wie nennt man den Vorgang, dass individuelle Profile einer Person erstellt werden?",,"",,,"0","1","14 Profiling",,,"1672725743001","FALSE",,,
"1669655098154",,"193","Wie wird die Wartungstechnik mit KI-Unterstützung genannt, die Reparaturen bei Maschinen frühzeitig veranlasst?",,"<p><span style=""color: rgb(57, 65, 73);"">Bei der </span><em style=""color: rgb(57, 65, 73);"">vorausschauenden Wartung (Predictive Maintenance)</em><span style=""color: rgb(57, 65, 73);""> wird der Zustand von Maschinen und Anlagen laufend überwacht.</span></p><p>Mithilfe von Daten und Sensoren wird frühzeitig erkannt, wann ein Teil kaputtgehen könnte.</p><p>Dadurch kann man die Wartung genau rechtzeitig durchführen und ungeplante Ausfälle vermeiden.</p><p><span style=""color: rgb(57, 65, 73);"">So wird die Lebensdauer von Maschinen verlängert, Kosten gesenkt und ungeplante Stillstands Zeiten vermieden.</span></p>",,,"0","1","14 Wartungstechnik",,,"1672725743001","FALSE",,,
"1669714080939","","193","Wo wird künstliche Intelligenz eingesetzt?",,"",,,"0","0","15 Einsatz KI",,,"1672725743001","FALSE",,,
"1672303209323",,"193","Welche der Beispiele stellen ein hohes Risiko durch KI dar?",,"<p>Für KI-Anwendungen, die als <em>hohes Risiko</em> eingestuft werden, gelten besondere, strenge Vorschriften. </p><p>Diese sind im EU AI Act festgelegt.</p>",,,"0","0","17 hohes Risiko",,,"1672725743001","FALSE",,,
"1672303239241","","193","Welche der Beispiele stellen ein minimales Risiko durch KI dar?",,"<p>Für KI-Anwendungen, die als <em>hohes Risiko</em> eingestuft werden, gelten besondere, strenge Vorschriften.</p><p>Diese sind im EU AI Act festgelegt.</p>",,,"0","1","18 minimales Risiko KI",,,"1672725743001","FALSE",,,
"1672320184839","","193","X Ist eine KI-unterstützte Anwendung mit Einstufung ""hohes Risiko"" erlaubt?",,"<p>Neue Vorschriften f&#252;r Anbieter von KI-Systemen mit <strong>hohem Risiko</strong></p><p><strong>Schritt 1</strong></p><p>Ein KI-System mit hohem Risiko wird entwickelt.</p><p><strong>Schritt 2</strong></p><p>Es muss der Konformit&#228;tsbewertung<sup>1</sup> unterzogen werden und den KI-Anforderungen gen&#252;gen. Bei einigen Systemen wird eine notifizierte Stelle einbezogen.</p><p><strong>Schritt 3</strong></p><p>Registrierung eigenst&#228;ndiger KI-Systeme in einer EU-Datenbank</p><p><strong>Schritt 4</strong></p><p>Eine Konformit&#228;tserkl&#228;rung ist notwendig. Das KI-System muss die CE-Kennzeichnung tragen. Das System kann in Verkehr gebracht werden.</p><p><a href=""#_ftnref1"" name=""_ftn1"">[1]</a> <strong>Konformit&#228;tspr&#252;fung</strong>: &#220;berpr&#252;fung eines Produktes auf &#220;bereinstimmung mit den Sicherheitsanforderungen</p>",,,"0","1","19 Einstufung",,,"1672725743001","FALSE",,,
"1672320712118","","193","X Was gehört zu dem Begriff kritische Infrastruktur?",,"<p>Zur kritischen Infrastruktur zählt unter anderem die digitale Infrastruktur für den <span style=""color: rgb(51, 51, 51);"">Straßenverkehr sowie für die Wasser-, Gas-, Wärme- und Stromversorgung.</span></p>",,,"0","1","21 Kritische Infrastruktur",,,"1672725743001","FALSE",,,
"1672320712196",,"193","Welche Aussagen zum Turing‑Test sind korrekt?",,"<p>Der <strong>Turing‑Test</strong> prüft, ob eine Maschine so gut sprechen oder schreiben kann, dass ein Mensch <strong>nicht mehr erkennt</strong>, ob er mit einem Computer oder einem echten Menschen kommuniziert.</p><p>Wenn die Maschine nicht unterscheidbar ist, gilt der Test als bestanden.</p>","Turing-Test",,"1","0","Turing Test",,,"1672725743078","FALSE",,"18183",
"1672320712207","","193","Eine Symbolische KI verwendet Neuronale Netze?",,"",,,"1","1","Symbolische KI",,,"1672725743001","FALSE",,,
"1672320712208","","193","Wer gilt als Begründer des Begriffs „Künstliche Intelligenz“ (1956)?",,"<p><span style=""color: black;"">1956 gilt als Geburtsstunde des Begriffes „Künstliche Intelligenz“. John McCarthy organisierte zusammen mit Marvin Minsky und weiteren Kollegen einen zweimonatigen Workshop – die sog. Dartmouth Conference. Dort trafen sich Experten aus verschiedenen Forschungsbereichen. Es wurden zwar keine großen Durchbrüche erzielt, jedoch brachte der Workshop die führenden Köpfe dieses Bereichs zusammen. Das Feld der KI wurde die nächsten 20 Jahre von diesen Teilnehmenden und deren Studierenden und Kolleg*innen dominiert.</span></p>",,,"1","1","Begriff KI",,,"1672725743001","FALSE",,,
"1672320712209",,"193","Welcher Chatbot gilt als der erste seiner Art (1966)?",,"<p><span style=""color: black;"">Der erste Chatbot, wird von Joseph Weizenbaum 1966 entwickelt. </span></p><p><span style=""color: black;"">Dieses Computerprogramm zeigte die Möglichkeiten der Kommunikation zwischen einem Menschen und einem Computer über natürliche Sprache auf. Eine Version dieses Chatbots kann unter</span><a href=""http://www.med-ai.com/models/eliza.html.de"" rel=""noopener noreferrer"" target=""_blank"" style=""color: black;""> http://www.med-ai.com/models/eliza.html.de</a><span style=""color: black;""> ausprobiert werden.</span></p>",,,"1","1","Erster Chatbot",,,"1672725743001","FALSE",,,
"1672320712210",,"193","Fuzzylogik erlaubt nur die Werte ""0"" und ""1"".",,"<p>Der Begriff ""Fuzzylogik"" wurde 1965 eingeführt. Dabei sind nicht nur die Werte 0 und 1, sondern auch Zwischenwerte möglich.</p>",,,"1","1","Fuzzylogik",,,"1672725743078","FALSE",,,
"1672320712211",,"193","Was hat seit 2022 die Entwicklung Künstlicher Intelligenz besonders vorangetrieben?",,"<p><span style=""color: black;"">Seit 2022 erfährt die Künstliche Intelligenz einen neuen Entwicklungsschub, vor allem durch Fortschritte bei sogenannten großen Sprachmodellen (LLMs). </span></p><p><span style=""color: black;"">Die Veröffentlichung von ChatGPT hat das öffentliche Bewusstsein für KI massiv erhöht und führte zu einem Boom in der Entwicklung. </span></p><p><span style=""color: black;"">Modelle wie GPT, Claude oder Gemini demonstrieren Fähigkeiten, die bis vor wenigen Jahren undenkbar waren.&nbsp;</span></p>",,,"1","1","LLM",,,"1672725743078","FALSE",,,
"1672320712212","","193","Was ist der wichtigste Unterschied zwischen symbolischer und subsymbolischer KI?",,"",,,"1","1","Symbolische - Subsymbolische KI",,,"1672725743001","FALSE",,,
"1672320712213","","193","Wo werden klassische KI‑Systeme sinnvoll eingesetzt?",,"",,,"1","0","Einsatzgebiete von klassischer KI",,,"1672725743001","FALSE",,,
"1672320712214","","193","Welche Aussagen zur Tiefensuche (DFS) und Breitensuche (BFS) sind richtig?",,"","Breitensuche versus Tiefensuche",,"1","0","DFS - BFS",,,"1672725743001","FALSE",,"18185",
"1672320712216","","193","Question Text",,"",,,"0","0","Example Title",,,"1672725743062","FALSE",,,
"1672320712217","","257","Was ist ein Test?",,"",,,"1","1","Zweite Testfrage",,,"1672725743062","FALSE",,,
"1672320712219",,"258","Question Text",,"",,,"0","0","Question Title",,,"1672725743066","FALSE",,,
"1672320712227",,"193","Question Text",,"",,,"0","0","Question Title (Grundlagen von KI)",,,"1672725743078","FALSE",,,
"1672320712228",,"193","Question Text",,"",,,"0","0","Question Title (Technische Konzepte)",,,"1672725743079","FALSE",,,
"1672320712229",,"193","Question Text",,"",,,"0","0","Question Title (Anwendungen von KI)",,,"1672725743080","FALSE",,,
"1672320712231",,"193","Question Text",,"",,,"0","0","Question Title (Herausforderungen und Potenziale)",,,"1672725743081","FALSE",,,
